split,id,question,raw_prediction,cleaned_prediction,all_raw_predictions,all_cleaned_predictions,prediction,references,gold_context_retrieved,gold_context_rank,reciprocal_rank,retrieved_contexts,retrieval_scores,retrieval_top_score,retrieval_signal,faithfulness_signal,consistency_signal,retrieval_signal_raw,faithfulness_signal_raw,consistency_signal_raw,combined_confidence,exact_match,token_f1,decision
calibration,573173d8497a881900248f0c,What percentage of Egyptians polled support death penalty for those leaving Islam?,84%,84%,['84%'],['84%'],84%,['84%'],True,1.0,1.0,"['The Pew Forum on Religion & Public Life ranks Egypt as the fifth worst country in the world for religious freedom. The United States Commission on International Religious Freedom, a bipartisan independent agency of the US government, has placed Egypt on its watch list of countries that require close monitoring due to the nature and extent of violations of religious freedom engaged in or tolerated by the government. According to a 2010 Pew Global Attitudes survey, 84% of Egyptians polled supported the death penalty for those who leave Islam; 77% supported whippings and cutting off of hands for theft and robbery; and 82% support stoning a person who commits adultery.', 'Throughout history, many rulers, empires and nations have oppressed their Jewish populations or sought to eliminate them entirely. Methods employed ranged from expulsion to outright genocide; within nations, often the threat of these extreme methods was sufficient to silence dissent. The history of antisemitism includes the First Crusade which resulted in the massacre of Jews; the Spanish Inquisition (led by Tomás de Torquemada) and the Portuguese Inquisition, with their persecution and autos-da-fé against the New Christians and Marrano Jews; the Bohdan Chmielnicki Cossack massacres in Ukraine; the Pogroms backed by the Russian Tsars; as well as expulsions from Spain, Portugal, England, France, Germany, and other countries in which the Jews had settled. According to a 2008 study published in the American Journal of Human Genetics, 19.8% of the modern Iberian population has Sephardic Jewish ancestry, indicating that the number of conversos may have been much higher than originally thought.', ""Christianity (59%), particularly Catholicism (33%), was the most prevalently practiced religion in New York as of 2014, followed by Judaism, with approximately 1.1 million Jews in New York City, over half living in Brooklyn. Islam ranks third in New York City, with official estimates ranging between 600,000 and 1,000,000 observers and including 10% of the city's public schoolchildren, followed by Hinduism, Buddhism, and a variety of other religions, as well as atheism. In 2014, 24% self-identified with no organized religious affiliation.""]","[0.6460009217262268, 0.4494521915912628, 0.3673992156982422]",0.6460009217262268,0.8230004608631134,0.5256646759808064,,0.6460009217262268,0.0513293519616127,,0.6594657791778445,1.0,1.0,escalate
calibration,57277e815951b619008f8b52,Ann Arbor ranks 1st among what goods sold?,books,books,['books'],['books'],books,['books'],True,1.0,1.0,"['The Ann Arbor Hands-On Museum is located in a renovated and expanded historic downtown fire station. Multiple art galleries exist in the city, notably in the downtown area and around the University of Michigan campus. Aside from a large restaurant scene in the Main Street, South State Street, and South University Avenue areas, Ann Arbor ranks first among U.S. cities in the number of booksellers and books sold per capita. The Ann Arbor District Library maintains four branch outlets in addition to its main downtown building. The city is also home to the Gerald R. Ford Presidential Library.', 'The Gold Standard Act of 1900 abandoned the bimetallic standard and defined the dollar as 23.22 grains (1.505 g) of gold, equivalent to setting the price of 1 troy ounce of gold at $20.67. Silver coins continued to be issued for circulation until 1964, when all silver was removed from dimes and quarters, and the half dollar was reduced to 40% silver. Silver half dollars were last issued for circulation in 1970. Gold coins were confiscated by Executive Order 6102 issued in 1933 by Franklin Roosevelt. The gold standard was changed to 13.71 grains (0.888 g), equivalent to setting the price of 1 troy ounce of gold at $35. This standard persisted until 1968.', 'The origins of the department store lay in the growth of the conspicuous consumer society at the turn of the 19th century. As the Industrial Revolution accelerated economy expansion, the affluent middle-class grew in size and wealth. This urbanized social group, sharing a culture of consumption and changing fashion, was the catalyst for the retail revolution. As rising prosperity and social mobility increased the number of people, especially women (who found they could shop unaccompanied at department stores without damaging their reputation), with disposable income in the late Georgian period, window shopping was transformed into a leisure activity and entrepreneurs, like the potter Josiah Wedgwood, pioneered the use of marketing techniques to influence the prevailing tastes and preferences of society.']","[0.43338656425476074, 0.2677421569824219, 0.25930994749069214]",0.43338656425476074,0.7166932821273804,0.5042479489929974,,0.43338656425476074,0.008495897985994816,,0.5998483489034698,1.0,1.0,escalate
calibration,5727e2483acd2414000deef0,"In developing countries, who makes most of the spending decisions?","executive directors of the Global Fund to Fight AIDS, Tuberculosis and Malaria","executive directors of the Global Fund to Fight AIDS, Tuberculosis and Malaria","['executive directors of the Global Fund to Fight AIDS, Tuberculosis and Malaria']","['executive directors of the Global Fund to Fight AIDS, Tuberculosis and Malaria']","executive directors of the Global Fund to Fight AIDS, Tuberculosis and Malaria",['the executive'],True,2.0,0.5,"['The era of planning in Himachal Pradesh started 1948 along with the rest of India. The first five-year plan allocated ₹ 52.7 million to Himachal. More than 50% of this expenditure was incurred on road construction since it was felt that without proper transport facilities, the process of planning and development could not be carried to the people, who mostly lived an isolated existence in far away areas. Himachal now ranks fourth in respect of per capita income among the states of the Indian Union.', 'One important aspect of the rule-of-law initiatives is the study and analysis of the rule of law’s impact on economic development. The rule-of-law movement cannot be fully successful in transitional and developing countries without an answer to the question: does the rule of law matter for economic development or not? Constitutional economics is the study of the compatibility of economic and financial decisions within existing constitutional law frameworks, and such a framework includes government spending on the judiciary, which, in many transitional and developing countries, is completely controlled by the executive. It is useful to distinguish between the two methods of corruption of the judiciary: corruption by the executive branch, in contrast to corruption by private actors.', 'Slow progress has led to frustration, expressed by executive director of the Global Fund to Fight AIDS, Tuberculosis and Malaria – Mark Dybul: ""we have the tools to end TB as a pandemic and public health threat on the planet, but we are not doing it."" Several international organizations are pushing for more transparency in treatment, and more countries are implementing mandatory reporting of cases to the government, although adherence is often sketchy. Commercial treatment-providers may at times overprescribe second-line drugs as well as supplementary treatment, promoting demands for further regulations. The government of Brazil provides universal TB-care, which reduces this problem. Conversely, falling rates of TB-infection may not relate to the number of programs directed at reducing infection rates, but may be tied to increased level of education, income and health of the population. Costs of the disease, as calculated by the World Bank in 2009 may exceed 150 billion USD per year in ""high burden"" countries. Lack of progress eradicating the disease may also be due to lack of patient follow-up – as among the 250M rural migrants in China.']","[0.44070500135421753, 0.3799927830696106, 0.35112905502319336]",0.44070500135421753,0.7203525006771088,0.6026795506477356,,0.44070500135421753,0.2053591012954712,,0.6556323781609535,0.0,0.16666666666666669,escalate
calibration,5728f5716aef0514001548cc,Who impressed Xavier by taking notes in church?,Francis,Francis,['Francis'],['Francis'],Francis,['Anjiro'],True,1.0,1.0,"['In December 1547, Francis was in Malacca (Malaysia) waiting to return to Goa (India) when he met a low-ranked samurai named Anjiro (possibly spelled ""Yajiro""). Anjiro was not an intellectual, but he impressed Xavier because he took careful notes of everything he said in church. Xavier made the decision to go to Japan in part because this low-ranking samurai convinced him in Portuguese that the Japanese people were highly educated and eager to learn. They were hard workers and respectful of authority. In their laws and customs they were led by reason, and, should the Christian faith convince them of its truth, they would accept it en masse.', 'Once at Golgotha, Jesus was offered wine mixed with gall to drink. Matthew\'s and Mark\'s Gospels record that he refused this. He was then crucified and hung between two convicted thieves. According to some translations from the original Greek, the thieves may have been bandits or Jewish rebels. According to Mark\'s Gospel, he endured the torment of crucifixion for some six hours from the third hour, at approximately 9 am, until his death at the ninth hour, corresponding to about 3 pm. The soldiers affixed a sign above his head stating ""Jesus of Nazareth, King of the Jews"" in three languages, divided his garments and cast lots for his seamless robe. The Roman soldiers did not break Jesus\' legs, as they did to the other two men crucified (breaking the legs hastened the crucifixion process), as Jesus was dead already. Each gospel has its own account of Jesus\' last words, seven statements altogether. In the Synoptic Gospels, various supernatural events accompany the crucifixion, including darkness, an earthquake, and (in Matthew) the resurrection of saints. Following Jesus\' death, his body was removed from the cross by Joseph of Arimathea and buried in a rock-hewn tomb, with Nicodemus assisting.', 'At Live Aid, held at Wembley on 13 July 1985, in front of the biggest-ever TV audience of 1.9 billion, Queen performed some of their greatest hits, during which the sold-out stadium audience of 72,000 people clapped, sang, and swayed in unison. The show\'s organisers, Bob Geldof and Midge Ure, other musicians such as Elton John, Cliff Richard and Dave Grohl, and music journalists writing for the BBC, CNN, Rolling Stone, MTV, The Telegraph among others, stated that Queen stole the show. An industry poll in 2005 ranked it the greatest rock performance of all time. Mercury\'s powerful, sustained note during the a cappella section came to be known as ""The Note Heard Round the World"".']","[0.5183750987052917, 0.2828309237957001, 0.27485164999961853]",0.5183750987052917,0.7591875493526459,0.5974680781364441,,0.5183750987052917,0.19493615627288818,,0.6702418401837349,0.0,0.0,escalate
calibration,572826002ca10214002d9f16,What represents elements of the fundamental group?,loops,loops,['loops'],['loops'],loops,['loops'],True,1.0,1.0,"['Groups are also applied in many other mathematical areas. Mathematical objects are often examined by associating groups to them and studying the properties of the corresponding groups. For example, Henri Poincaré founded what is now called algebraic topology by introducing the fundamental group. By means of this connection, topological properties such as proximity and continuity translate into properties of groups.i[›] For example, elements of the fundamental group are represented by loops. The second image at the right shows some loops in a plane minus a point. The blue loop is considered null-homotopic (and thus irrelevant), because it can be continuously shrunk to a point. The presence of the hole prevents the orange loop from being shrunk to a point. The fundamental group of the plane with a point deleted turns out to be infinite cyclic, generated by the orange loop (or any other loop winding once around the hole). This way, the fundamental group detects the hole.', 'for any constant c. Matrix groups over these fields fall under this regime, as do adele rings and adelic algebraic groups, which are basic to number theory. Galois groups of infinite field extensions such as the absolute Galois group can also be equipped with a topology, the so-called Krull topology, which in turn is central to generalize the above sketched connection of fields and groups to infinite field extensions. An advanced generalization of this idea, adapted to the needs of algebraic geometry, is the étale fundamental group.', ""None of the original treaties establishing the European Union mention protection for fundamental rights. It was not envisaged for European Union measures, that is legislative and administrative actions by European Union institutions, to be subject to human rights. At the time the only concern was that member states should be prevented from violating human rights, hence the establishment of the European Convention on Human Rights in 1950 and the establishment of the European Court of Human Rights. The European Court of Justice recognised fundamental rights as general principle of European Union law as the need to ensure that European Union measures are compatible with the human rights enshrined in member states' constitution became ever more apparent. In 1999 the European Council set up a body tasked with drafting a European Charter of Human Rights, which could form the constitutional basis for the European Union and as such tailored specifically to apply to the European Union and its institutions. The Charter of Fundamental Rights of the European Union draws a list of fundamental rights from the European Convention on Human Rights and Fundamental Freedoms, the Declaration on Fundamental Rights produced by the European Parliament in 1989 and European Union Treaties.""]","[0.5505719780921936, 0.4410938620567322, 0.30940139293670654]",0.5505719780921936,0.7752859890460968,0.6677709817886353,,0.5505719780921936,0.3355419635772705,,0.716152735054493,1.0,1.0,flag
calibration,572692f4f1498d1400e8e437,What is the population of the Commonwealth?,2.2 billion,2 billion,['2.2 billion'],['2 billion'],2 billion,['2.2 billion'],True,1.0,1.0,"['Most former British colonies and protectorates are among the 53 member states of the Commonwealth of Nations, a non-political, voluntary association of equal members, comprising a population of around 2.2 billion people. Sixteen Commonwealth realms voluntarily continue to share the British monarch, Queen Elizabeth II, as their head of state. These sixteen nations are distinct and equal legal entities – the United Kingdom, Australia, Canada, New Zealand, Papua New Guinea, Antigua and Barbuda, The Bahamas, Barbados, Belize, Grenada, Jamaica, Saint Kitts and Nevis, Saint Lucia, Saint Vincent and the Grenadines, Solomon Islands and Tuvalu.', 'Other less likely contenders are Guam and the United States Virgin Islands, both of which are unincorporated organized territories of the United States. Also, the Northern Mariana Islands and American Samoa, an unorganized, unincorporated territory, could both attempt to gain statehood. Some proposals call for the Virgin Islands to be admitted with Puerto Rico as one state (often known as the proposed ""Commonwealth of Prusvi"", for Puerto Rico/U.S. Virgin Islands, or as ""Puerto Virgo""), and for the amalgamation of U.S. territories or former territories in the Pacific Ocean, in the manner of the ""Greater Hawaii"" concept of the 1960s. Guam and the Northern Mariana Islands would be admitted as one state, along with Palau, the Federated States of Micronesia, and the Marshall Islands (although these latter three entities are now separate sovereign nations, which have Compact of Free Association relationships with the United States). Such a state would have a population of 412,381 (slightly lower than Wyoming\'s population) and a land area of 911.82 square miles (2,361.6 km2) (slightly smaller than Rhode Island). American Samoa could possibly be part of such a state, increasing the population to 467,900 and the area to 988.65 square miles (2,560.6 km2). Radio Australia, in late May 2008, issued signs of Guam and the Northern Mariana Islands becoming one again and becoming the 51st state.', 'Melbourne (/ˈmɛlbərn/, AU i/ˈmɛlbən/) is the capital and most populous city in the Australian state of Victoria, and the second most populous city in Australia and Oceania. The name ""Melbourne"" refers to the area of urban agglomeration (as well as a census statistical division) spanning 9,900 km2 (3,800 sq mi) which comprises the broader metropolitan area, as well as being the common name for its city centre. The metropolis is located on the large natural bay of Port Phillip and expands into the hinterlands towards the Dandenong and Macedon mountain ranges, Mornington Peninsula and Yarra Valley. Melbourne consists of 31 municipalities. It has a population of 4,347,955 as of 2013, and its inhabitants are called Melburnians.']","[0.6327028274536133, 0.41498854756355286, 0.409334659576416]",0.6327028274536133,0.8163514137268066,0.5696466192603111,,0.6327028274536133,0.13929323852062225,,0.6806637767702342,0.0,0.5,escalate
calibration,57324e38e17f3d1400422823,What was Eisenhower's title after Germany's surrender?,Military Governor of the U.S. Occupation Zone,Military Governor of the U.S. Occupation Zone,['Military Governor of the U.S. Occupation Zone'],['Military Governor of the U.S. Occupation Zone'],Military Governor of the U.S. Occupation Zone,['Military Governor of the U.S. Occupation Zone'],True,1.0,1.0,"['Following the German unconditional surrender, Eisenhower was appointed Military Governor of the U.S. Occupation Zone, based at the IG Farben Building in Frankfurt am Main. He had no responsibility for the other three zones, controlled by Britain, France and the Soviet Union, except for the city of Berlin, which was managed by the Four-Power Authorities through the Allied Kommandatura as the governing body. Upon discovery of the Nazi concentration camps, he ordered camera crews to document evidence of the atrocities in them for use in the Nuremberg Trials. He reclassified German prisoners of war (POWs) in U.S. custody as Disarmed Enemy Forces (DEFs), who were no longer subject to the Geneva Convention. Eisenhower followed the orders laid down by the Joint Chiefs of Staff (JCS) in directive JCS 1067, but softened them by bringing in 400,000 tons of food for civilians and allowing more fraternization. In response to the devastation in Germany, including food shortages and an influx of refugees, he arranged distribution of American food and medical equipment. His actions reflected the new American attitudes of the German people as Nazi victims not villains, while aggressively purging the ex-Nazis.', 'In June 1943 a visiting politician had suggested to Eisenhower that he might become President of the United States after the war. Believing that a general should not participate in politics, one author later wrote that ""figuratively speaking, [Eisenhower] kicked his political-minded visitor out of his office"". As others asked him about his political future, Eisenhower told one that he could not imagine wanting to be considered for any political job ""from dogcatcher to Grand High Supreme King of the Universe"", and another that he could not serve as Army Chief of Staff if others believed he had political ambitions. In 1945 Truman told Eisenhower during the Potsdam Conference that if desired, the president would help the general win the 1948 election, and in 1947 he offered to run as Eisenhower\'s running mate on the Democratic ticket if MacArthur won the Republican nomination.', 'The Soviet request to join NATO arose in the aftermath of the Berlin Conference of January–February 1954. Soviet foreign minister Molotov made proposals to have Germany reunified and elections for a pan-German government, under conditions of withdrawal of the four powers armies and German neutrality, but all were refused by the other foreign ministers, Dulles (USA), Eden (UK) and Bidault (France). Proposals for the reunification of Germany were nothing new: earlier on 20 March 1952, talks about a German reunification, initiated by the socalled \'Stalin Note\', ended after the United Kingdom, France, and the United States insisted that a unified Germany should not be neutral and should be free to join the European Defence Community and rearm. James Dunn (USA), who met in Paris with Eden, Adenauer and Robert Schuman (France), affirmed that ""the object should be to avoid discussion with the Russians and to press on the European Defense Community"". According to John Gaddis ""there was little inclination in Western capitals to explore this offer"" from USSR. While historian Rolf Steininger asserts that Adenauer\'s conviction that “neutralization means sovietization” was the main factor in the rejection of the soviet proposals, Adenauer also feared that unification might have resulted in the end of the CDU\'s dominance in the Bundestag.']","[0.42749136686325073, 0.4223918318748474, 0.3738785982131958]",0.42749136686325073,0.7137456834316254,0.7084536403417587,,0.42749136686325073,0.41690728068351746,,0.7108350597321988,1.0,1.0,flag
calibration,56f8fa3c9b226e1400dd1212,These regions were occupied by who?,The brown men,The brown men,['The brown men'],['The brown men'],The brown men,['the brown men'],True,1.0,1.0,"['These regions were occupied by ""the brown men,"" with the yellow in the Far East and the black in Africa. The color issue was not settled until Kenya became independent in 1963, ending the last vestige of the British Empire.', ""Parthia was a north-eastern Iranian satrapy of the Achaemenid empire which later passed on to Alexander's empire. Under the Seleucids, Parthia was governed by various Greek satraps such as Nicanor and Philip (satrap). In 247 BC, following the death of Antiochus II Theos, Andragoras, the Seleucid governor of Parthia, proclaimed his independence and began minting coins showing himself wearing a royal diadem and claiming kingship. He ruled until 238 BCE when Arsaces, the leader of the Parni tribe conquered Parthia, killing Andragoras and inaugurating the Arsacid Dynasty. Antiochus III recaptured Arsacid controlled territory in 209 BC from Arsaces II. Arsaces II sued for peace became a vassal of the Seleucids and it was not until the reign of Phraates I (168–165 BCE), that the Arsacids would again begin to assert their independence."", ""Arab nationalists led by Egyptian President Gamal Abdel Nasser refused to recognize Israel, and called for its destruction. By 1966, Israeli-Arab relations had deteriorated to the point of actual battles taking place between Israeli and Arab forces. In May 1967, Egypt massed its army near the border with Israel, expelled UN peacekeepers, stationed in the Sinai Peninsula since 1957, and blocked Israel's access to the Red Sea[citation needed]. Other Arab states mobilized their forces. Israel reiterated that these actions were a casus belli. On 5 June 1967, Israel launched a pre-emptive strike against Egypt. Jordan, Syria and Iraq responded and attacked Israel. In a Six-Day War, Israel defeated Jordan and captured the West Bank, defeated Egypt and captured the Gaza Strip and Sinai Peninsula, and defeated Syria and captured the Golan Heights. Jerusalem's boundaries were enlarged, incorporating East Jerusalem, and the 1949 Green Line became the administrative boundary between Israel and the occupied territories.""]","[0.508236825466156, 0.341553270816803, 0.3370975852012634]",0.508236825466156,0.754118412733078,0.5453691147267818,,0.508236825466156,0.09073822945356369,,0.6393062988296152,1.0,1.0,escalate
calibration,57342ac5d058e614000b6a8a,What could be done by understanding how the disease was transmitted?,developing hypotheses as to the route of transmission of the virus,developing hypotheses as to the route of transmission of the virus,['developing hypotheses as to the route of transmission of the virus'],['developing hypotheses as to the route of transmission of the virus'],developing hypotheses as to the route of transmission of the virus,['resources could be targeted to the communities at greatest risk'],True,1.0,1.0,"['There is usually an indication for a specific identification of an infectious agent only when such identification can aid in the treatment or prevention of the disease, or to advance knowledge of the course of an illness prior to the development of effective therapeutic or preventative measures. For example, in the early 1980s, prior to the appearance of AZT for the treatment of AIDS, the course of the disease was closely followed by monitoring the composition of patient blood samples, even though the outcome would not offer the patient any further treatment options. In part, these studies on the appearance of HIV in specific communities permitted the advancement of hypotheses as to the route of transmission of the virus. By understanding how the disease was transmitted, resources could be targeted to the communities at greatest risk in campaigns aimed at reducing the number of new infections. The specific serological diagnostic identification, and later genotypic or molecular identification, of HIV also enabled the development of hypotheses as to the temporal and geographical origins of the virus, as well as a myriad of other hypothesis. The development of molecular diagnostic tools have enabled physicians and researchers to monitor the efficacy of treatment with anti-retroviral drugs. Molecular diagnostics are now commonly used to identify HIV in healthy people long before the onset of illness and have been used to demonstrate the existence of people who are genetically resistant to HIV infection. Thus, while there still is no cure for AIDS, there is great therapeutic and predictive benefit to identifying the virus and monitoring the virus levels within the blood of infected individuals, both for the patient and for the community at large.', ""Disease can arise if the host's protective immune mechanisms are compromised and the organism inflicts damage on the host. Microorganisms can cause tissue damage by releasing a variety of toxins or destructive enzymes. For example, Clostridium tetani releases a toxin that paralyzes muscles, and staphylococcus releases toxins that produce shock and sepsis. Not all infectious agents cause disease in all hosts. For example, less than 5% of individuals infected with polio develop disease. On the other hand, some infectious agents are highly virulent. The prion causing mad cow disease and Creutzfeldt–Jakob disease invariably kills all animals and people that are infected."", 'Thus, the technological ability to detect any infectious agent rapidly and specifically are currently available. The only remaining blockades to the use of PCR as a standard tool of diagnosis are in its cost and application, neither of which is insurmountable. The diagnosis of a few diseases will not benefit from the development of PCR methods, such as some of the clostridial diseases (tetanus and botulism). These diseases are fundamentally biological poisonings by relatively small numbers of infectious bacteria that produce extremely potent neurotoxins. A significant proliferation of the infectious agent does not occur, this limits the ability of PCR to detect the presence of any bacteria.']","[0.48901399970054626, 0.45087432861328125, 0.41033774614334106]",0.48901399970054626,0.7445069998502731,0.7425597906112671,,0.48901399970054626,0.4851195812225342,,0.7434360347688198,0.0,0.1111111111111111,flag
calibration,5729a5f51d046914007795a5,What kind of ants are symbolic among the Australian Aborigines?,honey ants,honey ants,['honey ants'],['honey ants'],honey ants,['honey ants'],True,1.0,1.0,"[""Scarab beetles held religious and cultural symbolism in Old Egypt, Greece and some shamanistic Old World cultures. The ancient Chinese regarded cicadas as symbols of rebirth or immortality. In Mesopotamian literature, the epic poem of Gilgamesh has allusions to Odonata which signify the impossibility of immortality. Amongst the Aborigines of Australia of the Arrernte language groups, honey ants and witchety grubs served as personal clan totems. In the case of the 'San' bush-men of the Kalahari, it is the praying mantis which holds much cultural significance including creation and zen-like patience in waiting.:9"", 'The second half of the 20th century to the present has seen a gradual shift towards improved human rights for Aboriginal people. In a 1967 referendum over 90% of the Australian population voted to end constitutional discrimination and to include Aborigines in the national census. During this period many Aboriginal activists began to embrace the term ""black"" and use their ancestry as a source of pride. Activist Bob Maza said:', ""Most of Bermuda's black population trace some of their ancestry to Native Americans, although awareness of this is largely limited to St David's Islanders and most who have such ancestry are unaware of it. During the colonial period, hundreds of Native Americans were shipped to Bermuda. The best-known examples were the Algonquian peoples who were exiled from the southern New England colonies and sold into slavery in the 17th century, notably in the aftermaths of the Pequot and King Philip's wars.""]","[0.460818886756897, 0.39580976963043213, 0.32871362566947937]",0.460818886756897,0.7304094433784485,0.6542436331510544,,0.460818886756897,0.30848726630210876,,0.6885182477533818,1.0,1.0,escalate
calibration,57270aeaf1498d1400e8f27f,Who blew up the HMS Jasper?,HMS Jasper,HMS Jasper,['HMS Jasper'],['HMS Jasper'],HMS Jasper,['The Cossacks'],True,1.0,1.0,"['In July 1855, the allied squadron tried to go past Taganrog to Rostov on Don, entering the Don River through the Mius River. On 12 July 1855 HMS Jasper grounded near Taganrog thanks to a fisherman who moved buoys into shallow water. The Cossacks captured the gunboat with all of its guns and blew it up. The third siege attempt was made 19–31 August 1855, but the city was already fortified and the squadron could not approach close enough for landing operations. The allied fleet left the Gulf of Taganrog on the 2nd September 1855, with minor military operations along the Azov Sea coast continuing until late autumn 1855.', ""In the First World War, Devonport was the headquarters of Western Approaches Command until 1941 and Sunderland flying boats were operated by the Royal Australian Air Force. It was an important embarkation point for US troops for D-Day. The city was heavily bombed by the Luftwaffe, in a series of 59 raids known as the Plymouth Blitz. Although the dockyards were the principal targets, much of the city centre and over 3,700 houses were completely destroyed and more than 1,000 civilians lost their lives. This was largely due to Plymouth's status as a major port Charles Church was hit by incendiary bombs and partially destroyed in 1941 during the Blitz, but has not been demolished, as it is now an official permanent monument to the bombing of Plymouth during World War II."", 'The Baltic was[when?] a forgotten theatre of the Crimean War. Popularisation of events elsewhere overshadowed the significance of this theatre, which was close to Saint Petersburg, the Russian capital. In April 1854 an Anglo-French fleet entered the Baltic to attack the Russian naval base of Kronstadt and the Russian fleet stationed there. In August 1854 the combined British and French fleet returned to Kronstadt for another attempt. The outnumbered Russian Baltic Fleet confined its movements to the areas around its fortifications. At the same time, the British and French commanders Sir Charles Napier and Alexandre Ferdinand Parseval-Deschenes—although they led the largest fleet assembled since the Napoleonic Wars—considered the Sveaborg fortress too well-defended to engage. Thus, shelling of the Russian batteries was limited to two attempts in the summers of 1854 and 1855, and initially, the attacking fleets limited their actions to blockading Russian trade in the Gulf of Finland. Naval attacks on other ports, such as the ones in the island of Hogland in the Gulf of Finland, proved more successful. Additionally, allies conducted raids on less fortified sections of the Finnish coast. These battles are known in Finland as the Åland war.']","[0.5416234135627747, 0.36227184534072876, 0.33336037397384644]",0.5416234135627747,0.7708117067813873,0.6885138154029846,,0.5416234135627747,0.37702763080596924,,0.725547866523266,0.0,0.0,flag
calibration,572a1bcf3f37b319004786dc,What pigment was made by soaking copper plates in fermenting wine?,verdigris,verdigris,['verdigris'],['verdigris'],verdigris,['verdigris'],True,1.0,1.0,"['The Romans had a greater appreciation for the color green; it was the color of Venus, the goddess of gardens, vegetables and vineyards.The Romans made a fine green earth pigment, which was widely used in the wall paintings of Pompeii, Herculaneum, Lyon, Vaison-la-Romaine, and other Roman cities. They also used the pigment verdigris, made by soaking copper plates in fermenting wine. By the Second Century AD, the Romans were using green in paintings, mosaics and glass, and there were ten different words in Latin for varieties of green.', ""The use of uranium in its natural oxide form dates back to at least the year 79 CE, when it was used to add a yellow color to ceramic glazes. Yellow glass with 1% uranium oxide was found in a Roman villa on Cape Posillipo in the Bay of Naples, Italy, by R. T. Gunther of the University of Oxford in 1912. Starting in the late Middle Ages, pitchblende was extracted from the Habsburg silver mines in Joachimsthal, Bohemia (now Jáchymov in the Czech Republic), and was used as a coloring agent in the local glassmaking industry. In the early 19th century, the world's only known sources of uranium ore were these mines."", 'Many ancient civilizations alloyed metals for purely aesthetic purposes. In ancient Egypt and Mycenae, gold was often alloyed with copper to produce red-gold, or iron to produce a bright burgundy-gold. Gold was often found alloyed with silver or other metals to produce various types of colored gold. These metals were also used to strengthen each other, for more practical purposes. Copper was often added to silver to make sterling silver, increasing its strength for use in dishes, silverware, and other practical items. Quite often, precious metals were alloyed with less valuable substances as a means to deceive buyers. Around 250 BC, Archimedes was commissioned by the king to find a way to check the purity of the gold in a crown, leading to the famous bath-house shouting of ""Eureka!"" upon the discovery of Archimedes\' principle.']","[0.5547966957092285, 0.38785117864608765, 0.36578166484832764]",0.5547966957092285,0.7773983478546143,0.5710812583565712,,0.5547966957092285,0.1421625167131424,,0.6639239486306906,1.0,1.0,escalate
calibration,56e76d0b00c9c71400d7711c,In what decade did the LEAA conduct their investigation of crime and DST?,1970s,1970s,['1970s'],['1970s'],1970s,['1970s'],True,1.0,1.0,"['In the 1970s the US Law Enforcement Assistance Administration (LEAA) found a reduction of 10% to 13% in Washington, D.C.\'s violent crime rate during DST. However, the LEAA did not filter out other factors, and it examined only two cities and found crime reductions only in one and only in some crime categories; the DOT decided it was ""impossible to conclude with any confidence that comparable benefits would be found nationwide"". Outdoor lighting has a marginal and sometimes even contradictory influence on crime and fear of crime.', 'The most notable fraud conviction was that of Gordon Foxley, head of defence procurement at the Ministry of Defence from 1981 to 1984. Police claimed he received at least £3.5m in total in corrupt payments, such as substantial bribes from overseas arms contractors aiming to influence the allocation of contracts.', ""The U.S. Social Security Administration (SSA), which oversees the world's largest administrative judicial system under its Office of Disability Adjudication and Review (ODAR), has made extensive use of videoconferencing to conduct hearings at remote locations. In Fiscal Year (FY) 2009, the U.S. Social Security Administration (SSA) conducted 86,320 videoconferenced hearings, a 55% increase over FY 2008. In August 2010, the SSA opened its fifth and largest videoconferencing-only National Hearing Center (NHC), in St. Louis, Missouri. This continues the SSA's effort to use video hearings as a means to clear its substantial hearing backlog. Since 2007, the SSA has also established NHCs in Albuquerque, New Mexico, Baltimore, Maryland, Falls Church, Virginia, and Chicago, Illinois.""]","[0.6026880741119385, 0.3040844798088074, 0.3023902177810669]",0.6026880741119385,0.8013440370559692,0.5460781864821911,,0.6026880741119385,0.09215637296438217,,0.6609478192403913,1.0,1.0,escalate
calibration,56e10dbdcd28a01900c674e4,Who designed the COMPASS navigation system?,Sun Jiadong,Sun Jiadong,['Sun Jiadong'],['Sun Jiadong'],Sun Jiadong,['Sun Jiadong'],True,1.0,1.0,"['The ranging signals are based on the CDMA principle and have complex structure typical of Galileo or modernized GPS. Similar to the other GNSS, there will be two levels of positioning service: open and restricted (military). The public service shall be available globally to general users. When all the currently planned GNSS systems are deployed, the users will benefit from the use of a total constellation of 75+ satellites, which will significantly improve all the aspects of positioning, especially availability of the signals in so-called urban canyons. The general designer of the COMPASS navigation system is Sun Jiadong, who is also the general designer of its predecessor, the original BeiDou navigation system.', 'In 1827, Hungarian physicist Ányos Jedlik started experimenting with electromagnetic coils. After Jedlik solved the technical problems of the continuous rotation with the invention of the commutator, he called his early devices ""electromagnetic self-rotors"". Although they were used only for instructional purposes, in 1828 Jedlik demonstrated the first device to contain the three main components of practical DC motors: the stator, rotor and commutator. The device employed no permanent magnets, as the magnetic fields of both the stationary and revolving components were produced solely by the currents flowing through their windings.', 'Mechanical analog computers started appearing in the first century and were later used in the medieval era for astronomical calculations. In World War II, mechanical analog computers were used for specialized military applications such as calculating torpedo aiming. During this time the first electronic digital computers were developed. Originally they were the size of a large room, consuming as much power as several hundred modern personal computers (PCs).']","[0.669819176197052, 0.28859943151474, 0.27129071950912476]",0.669819176197052,0.834909588098526,0.58530043810606,,0.669819176197052,0.17060087621212006,,0.6976245556026697,1.0,1.0,escalate
calibration,5727be06ff5b5019007d93fd,With whom does the primary responsibility for a student's leaning lie?,his house master,his house master,['his house master'],['his house master'],his house master,['House Master'],True,3.0,0.3333333333333333,"[""The functions of the teacher's colleges may include setting out clear standards of practice, providing for the ongoing education of teachers, investigating complaints involving members, conducting hearings into allegations of professional misconduct and taking appropriate disciplinary action and accrediting teacher education programs. In many situations teachers in publicly funded schools must be members in good standing with the college, and private schools may also require their teachers to be college peoples. In other areas these roles may belong to the State Board of Education, the Superintendent of Public Instruction, the State Education Agency or other governmental bodies. In still other areas Teaching Unions may be responsible for some or all of these duties."", 'Private schooling in the United States has been debated by educators, lawmakers and parents, since the beginnings of compulsory education in Massachusetts in 1852. The Supreme Court precedent appears to favor educational choice, so long as states may set standards for educational accomplishment. Some of the most relevant Supreme Court case law on this is as follows: Runyon v. McCrary, 427 U.S. 160 (1976); Wisconsin v. Yoder, 406 U.S. 205 (1972); Pierce v. Society of Sisters, 268 U.S. 510 (1925); Meyer v. Nebraska, 262 U.S. 390 (1923).', 'The primary responsibility for a boy\'s studies lies with his House Master, but he is assisted by an additional director of studies, known as a tutor. Classes, colloquially known as ""divs"" (divisions), are organised on a School basis; the classrooms are separate from the houses. New school buildings have appeared for teaching purposes every decade or so since New Schools, designed by Henry Woodyer and built 1861-3. Despite the introduction of modern technology, the external appearance and locations of many of the classrooms have remained unchanged for a long time.']","[0.3602656126022339, 0.30685847997665405, 0.296736478805542]",0.3602656126022339,0.6801328063011169,0.5075647765770555,,0.3602656126022339,0.015129553154110909,,0.5852203899528832,0.0,0.8,escalate
calibration,570df0740b85d914000d7c18,Children under what age often cannot comprehend sarcasm?,age nine,age nine,['age nine'],['age nine'],age nine,['nine'],True,1.0,1.0,"['The appearance of more systematic, abstract thinking is another notable aspect of cognitive development during adolescence. For example, adolescents find it easier than children to comprehend the sorts of higher-order abstract logic inherent in puns, proverbs, metaphors, and analogies. Their increased facility permits them to appreciate the ways in which language can be used to convey multiple messages, such as satire, metaphor, and sarcasm. (Children younger than age nine often cannot comprehend sarcasm at all.) This also permits the application of advanced reasoning and logical processes to social and ideological matters such as interpersonal relationships, politics, philosophy, religion, morality, friendship, faith, democracy, fairness, and honesty.', ""The U.S. Census Bureau reported that in 2000, 24.0% of San Diego residents were under 18, and 10.5% were 65 and over. As of 2011[update] the median age was 35.6; more than a quarter of residents were under age 20 and 11% were over age 65. Millennials (ages 18 through 34) constitute 27.1% of San Diego's population, the second-highest percentage in a major U.S. city. The San Diego County regional planning agency, SANDAG, provides tables and graphs breaking down the city population into 5-year age groups."", ""In terms of sexual identity, adolescence is when most gay/lesbian and transgender adolescents begin to recognize and make sense of their feelings. Many adolescents may choose to come out during this period of their life once an identity has been formed; many others may go through a period of questioning or denial, which can include experimentation with both homosexual and heterosexual experiences. A study of 194 lesbian, gay, and bisexual youths under the age of 21 found that having an awareness of one's sexual orientation occurred, on average, around age 10, but the process of coming out to peers and adults occurred around age 16 and 17, respectively. Coming to terms with and creating a positive LGBT identity can be difficult for some youth for a variety of reasons. Peer pressure is a large factor when youth who are questioning their sexuality or gender identity are surrounded by heteronormative peers and can cause great distress due to a feeling of being different from everyone else. While coming out can also foster better psychological adjustment, the risks associated are real. Indeed, coming out in the midst of a heteronormative peer environment often comes with the risk of ostracism, hurtful jokes, and even violence. Because of this, statistically the suicide rate amongst LGBT adolescents is up to four times higher than that of their heterosexual peers due to bullying and rejection from peers or family members.""]","[0.6248693466186523, 0.24131084978580475, 0.23060017824172974]",0.6248693466186523,0.8124346733093262,0.6497525423765182,,0.6248693466186523,0.2995050847530365,,0.722959501296282,0.0,0.6666666666666666,flag
calibration,572835282ca10214002da0c8,What offshoots of polychaetes are unsegmented?,pogonophores,pogonophores,['pogonophores'],['pogonophores'],pogonophores,['echiurans and sipunculan'],True,1.0,1.0,"[""In addition to re-writing the classification of annelids and 3 previously independent phyla, the molecular phylogenetics analyses undermine the emphasis that decades of previous writings placed on the importance of segmentation in the classification of invertebrates. Polychaetes, which these analyses found to be the parent group, have completely segmented bodies, while polychaetes' echiurans and sipunculan offshoots are not segmented and pogonophores are segmented only in the rear parts of their bodies. It now seems that segmentation can appear and disappear much more easily in the course of evolution than was previously thought. The 2007 study also noted that the ladder-like nervous system, which is associated with segmentation, is less universal previously thought in both annelids and arthropods.[n 2]"", 'Ctenophores form an animal phylum that is more complex than sponges, about as complex as cnidarians (jellyfish, sea anemones, etc.), and less complex than bilaterians (which include almost all other animals). Unlike sponges, both ctenophores and cnidarians have: cells bound by inter-cell connections and carpet-like basement membranes; muscles; nervous systems; and some have sensory organs. Ctenophores are distinguished from all other animals by having colloblasts, which are sticky and adhere to prey, although a few ctenophore species lack them.', 'Development of the fertilized eggs is direct, in other words there is no distinctive larval form, and juveniles of all groups generally resemble miniature cydippid adults. In the genus Beroe the juveniles, like the adults, lack tentacles and tentacle sheaths. In most species the juveniles gradually develop the body forms of their parents. In some groups, such as the flat, bottom-dwelling platyctenids, the juveniles behave more like true larvae, as they live among the plankton and thus occupy a different ecological niche from their parents and attain the adult form by a more radical metamorphosis, after dropping to the sea-floor.']","[0.5537699460983276, 0.2920151948928833, 0.2804228663444519]",0.5537699460983276,0.7768849730491638,0.6527236849069595,,0.5537699460983276,0.30544736981391907,,0.7085962645709516,0.0,0.0,flag
calibration,5727e8e73acd2414000def87,What has a strong influence over all aspect of Tibetans lives?,religion,religion,['religion'],['religion'],religion,['Religion'],True,1.0,1.0,"[""Religion is extremely important to the Tibetans and has a strong influence over all aspects of their lives. Bön is the ancient religion of Tibet, but has been almost eclipsed by Tibetan Buddhism, a distinctive form of Mahayana and Vajrayana, which was introduced into Tibet from the Sanskrit Buddhist tradition of northern India. Tibetan Buddhism is practiced not only in Tibet but also in Mongolia, parts of northern India, the Buryat Republic, the Tuva Republic, and in the Republic of Kalmykia and some other parts of China. During China's Cultural Revolution, nearly all Tibet's monasteries were ransacked and destroyed by the Red Guards. A few monasteries have begun to rebuild since the 1980s (with limited support from the Chinese government) and greater religious freedom has been granted – although it is still limited. Monks returned to monasteries across Tibet and monastic education resumed even though the number of monks imposed is strictly limited. Before the 1950s, between 10 and 20% of males in Tibet were monks."", 'Van Praag states that the Ming court established diplomatic delegations with Tibet merely to secure urgently needed horses. Wang and Nyima argue that these were not diplomatic delegations at all, that Tibetan areas were ruled by the Ming since Tibetan leaders were granted positions as Ming officials, that horses were collected from Tibet as a mandatory ""corvée"" tax, and therefore Tibetans were ""undertaking domestic affairs, not foreign diplomacy"". Sperling writes that the Ming simultaneously bought horses in the Kham region while fighting Tibetan tribes in Amdo and receiving Tibetan embassies in Nanjing. He also argues that the embassies of Tibetan lamas visiting the Ming court were for the most part efforts to promote commercial transactions between the lamas\' large, wealthy entourage and Ming Chinese merchants and officials. Kolmaš writes that while the Ming maintained a laissez-faire policy towards Tibet and limited the numbers of the Tibetan retinues, the Tibetans sought to maintain a tributary relationship with the Ming because imperial patronage provided them with wealth and power. Laird writes that Tibetans eagerly sought Ming court invitations since the gifts the Tibetans received for bringing tribute were much greater in value than the latter. As for the Yongle Emperor\'s gifts to his Tibetan and Nepalese vassals such as silver wares, Buddha relics, utensils for Buddhist temples and religious ceremonies, and gowns and robes for monks, Tsai writes ""in his effort to draw neighboring states to the Ming orbit so that he could bask in glory, the Yongle Emperor was quite willing to pay a small price"". The Information Office of the State Council of the PRC lists the Tibetan tribute items as oxen, horses, camels, sheep, fur products, medical herbs, Tibetan incenses, thangkas (painted scrolls), and handicrafts; while the Ming awarded Tibetan tribute-bearers an equal value of gold, silver, satin and brocade, bolts of cloth, grains, and tea leaves. Silk workshops during the Ming also catered specifically to the Tibetan market with silk clothes and furnishings featuring Tibetan Buddhist iconography.', 'Dvaitādvaita was proposed by Nimbarka, a 13th-century Vaishnava Philosopher from the Andhra region. According to this philosophy there are three categories of existence: Brahman, soul, and matter. Soul and matter are different from Brahman in that they have attributes and capacities different from Brahman. Brahman exists independently, while soul and matter are dependent. Thus soul and matter have an existence that is separate yet dependent. Further, Brahman is a controller, the soul is the enjoyer, and matter the thing enjoyed. Also, the highest object of worship is Krishna and his consort Radha, attended by thousands of gopis; of the Vrindavan; and devotion consists in self-surrender.']","[0.6264981627464294, 0.37904447317123413, 0.3228447735309601]",0.6264981627464294,0.8132490813732147,0.607515960931778,,0.6264981627464294,0.2150319218635559,,0.7000958651304245,1.0,1.0,escalate
calibration,57341fdd4776f419006618d5,What does the of toxin Clostridium tetani releases do?,paralyzes muscles,paralyzes muscles,['paralyzes muscles'],['paralyzes muscles'],paralyzes muscles,['paralyzes muscles'],True,1.0,1.0,"[""Disease can arise if the host's protective immune mechanisms are compromised and the organism inflicts damage on the host. Microorganisms can cause tissue damage by releasing a variety of toxins or destructive enzymes. For example, Clostridium tetani releases a toxin that paralyzes muscles, and staphylococcus releases toxins that produce shock and sepsis. Not all infectious agents cause disease in all hosts. For example, less than 5% of individuals infected with polio develop disease. On the other hand, some infectious agents are highly virulent. The prion causing mad cow disease and Creutzfeldt–Jakob disease invariably kills all animals and people that are infected."", 'Thus, the technological ability to detect any infectious agent rapidly and specifically are currently available. The only remaining blockades to the use of PCR as a standard tool of diagnosis are in its cost and application, neither of which is insurmountable. The diagnosis of a few diseases will not benefit from the development of PCR methods, such as some of the clostridial diseases (tetanus and botulism). These diseases are fundamentally biological poisonings by relatively small numbers of infectious bacteria that produce extremely potent neurotoxins. A significant proliferation of the infectious agent does not occur, this limits the ability of PCR to detect the presence of any bacteria.', 'The nitrogen fixing Rhizobia are an interesting case, wherein conjugative elements naturally engage in inter-kingdom conjugation. Such elements as the Agrobacterium Ti or Ri plasmids contain elements that can transfer to plant cells. Transferred genes enter the plant cell nucleus and effectively transform the plant cells into factories for the production of opines, which the bacteria use as carbon and energy sources. Infected plant cells form crown gall or root tumors. The Ti and Ri plasmids are thus endosymbionts of the bacteria, which are in turn endosymbionts (or parasites) of the infected plant.']","[0.5002514123916626, 0.4518897831439972, 0.26968759298324585]",0.5002514123916626,0.7501257061958313,0.5549307465553284,,0.5002514123916626,0.10986149311065674,,0.6427684783935548,1.0,1.0,escalate
calibration,56dde6309a695914005b9692,The Church of England uses what term that is held by two senior members of the College of Minor Canons of St. Pauls Catherdral?,cardinal,cardinal,['cardinal'],['cardinal'],cardinal,['tituli'],True,1.0,1.0,"['The term cardinal at one time applied to any priest permanently assigned or incardinated to a church, or specifically to the senior priest of an important church, based on the Latin cardo (hinge), meaning ""principal"" or ""chief"". The term was applied in this sense as early as the ninth century to the priests of the tituli (parishes) of the diocese of Rome. The Church of England retains an instance of this origin of the title, which is held by the two senior members of the College of Minor Canons of St Paul\'s Cathedral.', 'Protestants can be differentiated according to how they have been influenced by important movements since the Reformation, today regarded as branches. Some of these movements have a common lineage, sometimes directly spawning individual denominations. Due to the earlier stated multitude of denominations, this section discusses only the largest denominational families, or branches, widely considered to be a part of Protestantism. These are, in alphabetical order: Adventist, Anglican, Baptist, Calvinist (Reformed), Lutheran, Methodist and Pentecostal. A small but historically significant Anabaptist branch is also discussed.', ""Luther's Small Catechism proved especially effective in helping parents teach their children; likewise the Larger Catechism was effective for pastors. Using the German vernacular, they expressed the Apostles' Creed in simpler, more personal, Trinitarian language. He rewrote each article of the Creed to express the character of the Father, the Son, or the Holy Spirit. Luther's goal was to enable the catechumens to see themselves as a personal object of the work of the three persons of the Trinity, each of which works in the catechumen's life. That is, Luther depicted the Trinity not as a doctrine to be learned, but as persons to be known. The Father creates, the Son redeems, and the Spirit sanctifies, a divine unity with separate personalities. Salvation originates with the Father and draws the believer to the Father. Luther's treatment of the Apostles' Creed must be understood in the context of the Decalogue (the Ten Commandments) and the Lord's Prayer, which are also part of the Lutheran catechical teaching.""]","[0.605684757232666, 0.3825235068798065, 0.37721434235572815]",0.605684757232666,0.802842378616333,0.7200297713279724,,0.605684757232666,0.4400595426559448,,0.7572954446077347,0.0,0.0,flag
calibration,56d36db659d6e41400146378,Where studio hosts the live final rounds on American Idol?,CBS Television City,CBS Television City,['CBS Television City'],['CBS Television City'],CBS Television City,['CBS Television City'],True,2.0,0.5,"['On February 14, 2009, The Walt Disney Company debuted ""The American Idol Experience"" at its Disney\'s Hollywood Studios theme park at the Walt Disney World Resort in Florida. In this live production, co-produced by 19 Entertainment, park guests chose from a list of songs and auditioned privately for Disney cast members. Those selected then performed on a stage in a 1000-seat theater replicating the Idol set. Three judges, whose mannerisms and style mimicked those of the real Idol judges, critiqued the performances. Audience members then voted for their favorite performer. There were several preliminary-round shows during the day that culminated in a ""finals"" show in the evening where one of the winners of the previous rounds that day was selected as the overall winner. The winner of the finals show received a ""Dream Ticket"" that granted them front-of-the-line privileges at any future American Idol audition. The attraction closed on August 30, 2014.', ""The finals are broadcast in prime time from CBS Television City in Los Angeles, in front of a live studio audience. The finals lasted eight weeks in season one, eleven weeks in subsequent seasons until seasons ten and eleven which lasted twelve weeks except for season twelve, which lasted ten weeks, and season thirteen, which lasted for thirteen weeks. Each finalist performs songs based on a weekly theme which may be a musical genre such as Motown, disco, or big band, songs by artists such as Michael Jackson, Elvis Presley or The Beatles, or more general themes such as Billboard Number 1 hits or songs from the contestant's year of birth. Contestants usually work with a celebrity mentor related to the theme. In season ten, Jimmy Iovine was brought in as a mentor for the season. Initially the contestants sing one song each week, but this is increased to two songs from top four or five onwards, then three songs for the top two or three."", 'American Idol is broadcast to over 100 nations outside of the United States. In most nations these are not live broadcasts and may be tape delayed by several days or weeks. In Canada, the first thirteen seasons of American Idol were aired live by CTV and/or CTV Two, in simulcast with Fox. CTV dropped Idol after its thirteenth season and in August 2014, Yes TV announced that it had picked up Canadian rights to American Idol beginning in its 2015 season.']","[0.5281654596328735, 0.4638821482658386, 0.3807390034198761]",0.5281654596328735,0.7640827298164368,0.5695522949099541,,0.5281654596328735,0.13910458981990814,,0.6570909906178712,1.0,1.0,escalate
calibration,572962d53f37b31900478302,During what years did Austria rule Palermo?,1713-1718,1713-1718,['1713-1718'],['1713-1718'],1713-1718,['1720 and 1734'],True,1.0,1.0,"[""Sicily fell under the control of the Holy Roman Empire in 1194. Palermo was the preferred city of the Emperor Frederick II. Muslims of Palermo emigrated or were expelled during Holy Roman rule. After an interval of Angevin rule (1266–1282), Sicily came under control of the Aragon and Barcelona dynasties. By 1330, Palermo's population had declined to 51,000. From 1479 until 1713 Palermo was ruled by the Kingdom of Spain, and again between 1717 and 1718. Palermo was also under Savoy control between 1713 and 1717 and 1718–1720 as a result of the Treaty of Utrecht. It was also ruled by Austria between 1720 and 1734."", 'Suleiman the Magnificent (1520–1566) captured Belgrade in 1521, conquered the southern and central parts of the Kingdom of Hungary as part of the Ottoman–Hungarian Wars,[not in citation given] and, after his historical victory in the Battle of Mohács in 1526, he established Turkish rule in the territory of present-day Hungary (except the western part) and other Central European territories. He then laid siege to Vienna in 1529, but failed to take the city. In 1532, he made another attack on Vienna, but was repulsed in the Siege of Güns. Transylvania, Wallachia and, intermittently, Moldavia, became tributary principalities of the Ottoman Empire. In the east, the Ottoman Turks took Baghdad from the Persians in 1535, gaining control of Mesopotamia and naval access to the Persian Gulf. In 1555, the Caucasus became officially partitioned for the first time between the Safavids and the Ottomans, a status quo that would remain until the end of the Russo-Turkish War (1768–74). By this partitioning of the Caucasus as signed in the Peace of Amasya, Western Armenia, and Western Georgia fell into Ottoman hands, while Dagestan, Eastern Armenia, Eastern Georgia, and Azerbaijan remained Persian.', 'Between 301 and 219 BCE the Ptolemies ruled Judea in relative peace, and Jews often found themselves working in the Ptolemaic administration and army, which led to the rise of a Hellenized Jewish elite class (e.g. the Tobiads). The wars of Antiochus III brought the region into the Seleucid empire; Jerusalem fell to his control in 198 and the Temple was repaired and provided with money and tribute. Antiochus IV Epiphanes sacked Jerusalem and looted the Temple in 169 BCE after disturbances in Judea during his abortive invasion of Egypt. Antiochus then banned key Jewish religious rites and traditions in Judea. He may have been attempting to Hellenize the region and unify his empire and the Jewish resistance to this eventually led to an escalation of violence. Whatever the case, tensions between pro and anti-Seleucid Jewish factions led to the 174–135 BCE Maccabean Revolt of Judas Maccabeus (whose victory is celebrated in the Jewish festival of Hanukkah).']","[0.7026765942573547, 0.3194950520992279, 0.29703330993652344]",0.7026765942573547,0.8513382971286774,0.6025453209877014,,0.7026765942573547,0.20509064197540283,,0.7145021602511406,0.0,0.0,flag
calibration,573424434776f41900661941,What was the population of the state in 2015?,"1,032,949","1,032,949","['1,032,949']","['1,032,949']","1,032,949","['1,032,949']",True,1.0,1.0,"[""The United States Census Bureau estimates that the population of Montana was 1,032,949 on July 1, 2015, a 4.40% increase since the 2010 United States Census. The 2010 census put Montana's population at 989,415 which is an increase of 43,534 people, or 4.40 percent, since 2010. During the first decade of the new century, growth was mainly concentrated in Montana's seven largest counties, with the highest percentage growth in Gallatin County, which saw a 32 percent increase in its population from 2000-2010. The city seeing the largest percentage growth was Kalispell with 40.1 percent, and the city with the largest increase in actual residents was Billings with an increase in population of 14,323 from 2000-2010."", ""As of the 2010 United States Census, southern California has a population of 22,680,010. Despite a reputation for high growth rates, southern California's rate grew less than the state average of 10.0% in the 2000s as California's growth became concentrated in the northern part of the state due to a stronger, tech-oriented economy in the Bay Area and an emerging Greater Sacramento region."", 'Population growth is higher than the national average, with a 6.4% increase, in the Somerset County Council area, since 1991, and a 17% increase since 1981. The population density is 1.4 persons per hectare, which can be compared to 2.07 persons per hectare for the South West region. Within the county, population density ranges 0.5 in West Somerset to 2.2 persons per hectare in Taunton Deane. The percentage of the population who are economically active is higher than the regional and national average, and the unemployment rate is lower than the regional and national average.']","[0.4955950379371643, 0.44473838806152344, 0.35278159379959106]",0.4955950379371643,0.7477975189685822,0.5351520627737045,,0.4955950379371643,0.07030412554740906,,0.6308425180613995,1.0,1.0,escalate
calibration,5725187a0ba9f01400d97c57,Where did the degrees of Freemasonry derived from?,from the local fraternities of stonemasons,from the local fraternities of stonemasons,['from the local fraternities of stonemasons'],['from the local fraternities of stonemasons'],from the local fraternities of stonemasons,['the three grades of medieval craft guilds'],True,1.0,1.0,"['Freemasonry consists of fraternal organisations that trace their origins to the local fraternities of stonemasons, which from the end of the fourteenth century regulated the qualifications of stonemasons and their interaction with authorities and clients. The degrees of freemasonry retain the three grades of medieval craft guilds, those of Apprentice, Journeyman or fellow (now called Fellowcraft), and Master Mason. These are the degrees offered by Craft (or Blue Lodge) Freemasonry. Members of these organisations are known as Freemasons or Masons. There are additional degrees, which vary with locality and jurisdiction, and are usually administered by different bodies than the craft degrees.', 'English Freemasonry spread to France in the 1720s, first as lodges of expatriates and exiled Jacobites, and then as distinctively French lodges which still follow the ritual of the Moderns. From France and England, Freemasonry spread to most of Continental Europe during the course of the 18th century. The Grande Loge de France formed under the Grand Mastership of the Duke of Clermont, who exercised only nominal authority. His successor, the Duke of Orléans, reconstituted the central body as the Grand Orient de France in 1773. Briefly eclipsed during the French Revolution, French Freemasonry continued to grow in the next century.', 'The idea of Masonic brotherhood probably descends from a 16th-century legal definition of a brother as one who has taken an oath of mutual support to another. Accordingly, Masons swear at each degree to keep the contents of that degree secret, and to support and protect their brethren unless they have broken the law. In most Lodges the oath or obligation is taken on a Volume of Sacred Law, whichever book of divine revelation is appropriate to the religious beliefs of the individual brother (usually the Bible in the Anglo-American tradition). In Progressive continental Freemasonry, books other than scripture are permissible, a cause of rupture between Grand Lodges.']","[0.6370137333869934, 0.5120272040367126, 0.4195109009742737]",0.6370137333869934,0.8185068666934967,0.7468714714050293,,0.6370137333869934,0.4937429428100586,,0.7791073992848396,0.0,0.1818181818181818,flag
calibration,56f993459e9bad19000a0afc,What neighbours south Jiangsu to the north?,south,south,['south'],['south'],south,['Zhejiang'],True,1.0,1.0,"['Since ancient times, north Zhejiang and neighbouring south Jiangsu have been famed for their prosperity and opulence[citation needed], and simply inserting north Zhejiang place names (Hangzhou, Jiaxing, etc.) into poetry gave an effect of dreaminess, a practice followed by many noted poets. In particular, the fame of Hangzhou (as well as Suzhou in neighbouring Jiangsu province) has led to the popular saying: ""Above there is heaven; below there is Suzhou and Hangzhou"" (上有天堂，下有苏杭), a saying that continues to be a source of pride for the people of these two still prosperous cities.', ""Surrounded by the Yangtze River and mountains, Nanjing also enjoys beautiful natural scenery. Natural lakes such as Xuanwu Lake and Mochou Lake are located in the centre of the city and are easily accessible to the public, while hills like Purple Mountain are covered with evergreens and oaks and host various historical and cultural sites. Sun Quan relocated his capital to Nanjing after Liu Bei's suggestion as Liu Bei was impressed by Nanjing's impeccable geographic position when negotiating an alliance with Sun Quan. Sun Quan then renamed the city from Moling (秣陵) to Jianye (建鄴) shortly thereafter."", 'The Amoy dialect (Xiamen) is a hybrid of the Quanzhou and Zhangzhou dialects. Taiwanese is also a hybrid of these two dialects. Taiwanese in northern Taiwan tends to be based on the Quanzhou variety, whereas the Taiwanese spoken in southern Taiwan tends to be based on Zhangzhou speech. There are minor variations in pronunciation and vocabulary between Quanzhou and Zhangzhou dialects. The grammar is generally the same. Additionally, extensive contact with the Japanese language has left a legacy of Japanese loanwords in Taiwanese Hokkien. On the other hand, the variants spoken in Singapore and Malaysia have a substantial number of loanwords from Malay and to a lesser extent, from English and other Chinese varieties, such as the closely related Teochew and some Cantonese.']","[0.4799535274505615, 0.4096604585647583, 0.3629443049430847]",0.4799535274505615,0.7399767637252808,0.563540905714035,,0.4799535274505615,0.12708181142807007,,0.6429370418190956,0.0,0.0,escalate
calibration,57338992d058e614000b5cd8,How many restaurants does the island have?,over 70,over 70,['over 70'],['over 70'],over 70,['over 70'],True,1.0,1.0,"['French cuisine, West Indian cuisine, Creole cuisine, Italian cuisine and Asian cuisine are common in St. Barthélemy. The island has over 70 restaurants serving many dishes and others are a significant number of gourmet restaurants; many of the finest restaurants are located in the hotels. There are also a number of snack restaurants which the French call ""les snacks"" or ""les petits creux"" which include sandwiches, pizzas and salads. West Indian cuisine, steamed vegetables with fresh fish is common; Creole dishes tend to be spicier. The island hosts gastronomic events throughout the year, with dishes such as spring roll of shrimp and bacon, fresh grilled lobster, Chinese noodle salad with coconut milk, and grilled beef fillet etc.', 'Saint FM provided a local radio service for the island which was also available on internet radio and relayed in Ascension Island. The station was not government funded. It was launched in January 2005 and closed on 21 December 2012. It broadcast news, features and music in collaboration with its sister newspaper, the St Helena Independent (which continues).', 'Qado or lunch is often elaborate. Varieties of bariis (rice), the most popular probably being basmati, usually serve as the main dish. Spices like cumin, cardamom, cloves, cinnamon, and garden sage are used to aromatize these different rice delicacies. Somalis eat dinner as late as 9 pm. During Ramadan, supper is often served after Tarawih prayers; sometimes as late as 11 pm.']","[0.602091372013092, 0.3379500210285187, 0.3322778344154358]",0.602091372013092,0.801045686006546,0.5171817503869534,,0.602091372013092,0.03436350077390671,,0.64492052141577,1.0,1.0,escalate
calibration,57295d901d04691400779335,What is the largest athletic organisation in the country?,Deutscher Fußballbund,Deutscher Fußballbund,['Deutscher Fußballbund'],['Deutscher Fußballbund'],Deutscher Fußballbund,['German Football Federation'],True,1.0,1.0,"['Sport forms an integral part of German life, as demonstrated by the fact that 27 million Germans are members of a sports club and an additional twelve million pursue such an activity individually. Football is by far the most popular sport, and the German Football Federation (Deutscher Fußballbund) with more than 6.3 million members is the largest athletic organisation in the country. It also attracts the greatest audience, with hundreds of thousands of spectators attending Bundesliga matches and millions more watching on television.', ""The city's National Basketball Association teams are the Brooklyn Nets and the New York Knicks, while the New York Liberty is the city's Women's National Basketball Association. The first national college-level basketball championship, the National Invitation Tournament, was held in New York in 1938 and remains in the city. The city is well known for its links to basketball, which is played in nearly every park in the city by local youth, many of whom have gone on to play for major college programs and in the NBA."", ""Newcastle has a horse racing course at Gosforth Park. The city is also home to the Newcastle Eagles basketball team who play their home games at the new Sport Central complex at Northumbria University. The Eagles are the most successful team in the history of the British Basketball League (BBL). The city's speedway team Newcastle Diamonds are based at Brough Park in Byker, a venue that is also home to greyhound racing. Newcastle also hosts the start of the annual Great North Run, the world's largest half-marathon in which participants race over the Tyne Bridge into Gateshead and then towards the finish line 13.1 miles (21.1 km) away on the coast at South Shields. Another famous athletic event is the 5.9-mile (9.5 km) Blaydon Race (a road race from Newcastle to Blaydon), which has taken place on 9 June annually since 1981, to commemorate the celebrated Blaydon Races horse racing.""]","[0.5423827171325684, 0.3710835874080658, 0.3661869764328003]",0.5423827171325684,0.7711913585662842,0.6647364348173141,,0.5423827171325684,0.3294728696346283,,0.7126411505043506,0.0,0.0,flag
calibration,57281e1d4b864d19001644cf,What was the first country to be able to buy the new DualShock 3 in stores?,Japan,Japan,['Japan'],['Japan'],Japan,['Japan'],True,1.0,1.0,"['At its press conference at the 2007 Tokyo Game Show, Sony announced DualShock 3 (trademarked DUALSHOCK 3), a PlayStation 3 controller with the same function and design as Sixaxis, but with vibration capability included. Hands-on accounts describe the controller as being noticeably heavier than the standard Sixaxis controller and capable of vibration forces comparable to DualShock 2. It was released in Japan on November 11, 2007; in North America on April 5, 2008; in Australia on April 24, 2008; in New Zealand on May 9, 2008; in mainland Europe on July 2, 2008, and in the United Kingdom and Ireland on July 4, 2008.', ""The Macintosh SE was released at the same time as the Macintosh II for $2900 (or $3900 with hard drive), as the first compact Mac with a 20 MB internal hard drive and an expansion slot. The SE's expansion slot was located inside the case along with the CRT, potentially exposing an upgrader to high voltage. For this reason, Apple recommended users bring their SE to an authorized Apple dealer to have upgrades performed. The SE also updated Jerry Manock and Terry Oyama's original design and shared the Macintosh II's Snow White design language, as well as the new Apple Desktop Bus (ADB) mouse and keyboard that had first appeared on the Apple IIGS some months earlier."", 'The system was originally targeted for release in the spring of 1985, but the release date was pushed back. After test-marketing in the New York City area in late fall, retailers had reportedly stated the system ""failed miserably"".[contradictory] While others stated that Nintendo had an excellent nine-week market test in New York last fall Due to the moderate success launch in New York City, Nintendo tried a second time; the system was test-marketed further beginning in February 1986, with the nationwide release occurring in September 1986.']","[0.6169241666793823, 0.4044342041015625, 0.36014947295188904]",0.6169241666793823,0.8084620833396912,0.5755311846733093,,0.6169241666793823,0.15106236934661865,,0.6803500890731813,1.0,1.0,escalate
calibration,5730f4a1497a881900248aa7,What is the arid measurement in Namibia?,300 to 500 mm,300 to 500 mm,['300 to 500 mm'],['300 to 500 mm'],300 to 500 mm,['150 to 300 mm'],True,1.0,1.0,"['Namibia extends from 17°S to 25°S: climatically the range of the sub-Tropical High Pressure Belt, arid is the overall climate description descending from the Sub-Humid (mean rain above 500 mm) through Semi-Arid between 300 and 500 mm (embracing most of the waterless Kalahari) and Arid from 150 to 300 mm (these three regions are inland from the western escarpment) to the Hyper-Arid coastal plain with less than a 100 mm mean. Temperature maxima are limited by the overall elevation of the entire region: only in the far south, Warmbad for instance, are mid-40 °C maxima recorded.', 'The South Saharan steppe and woodlands ecoregion is a narrow band running east and west between the hyper-arid Sahara and the Sahel savannas to the south. Movements of the equatorial Intertropical Convergence Zone (ITCZ) bring summer rains during July and August which average 100 to 200 mm (3.9 to 7.9 in) but vary greatly from year to year. These rains sustain summer pastures of grasses and herbs, with dry woodlands and shrublands along seasonal watercourses. This ecoregion covers 1,101,700 km2 (425,400 mi2) in Algeria, Chad, Mali, Mauritania, and Sudan.', 'To the south, the Sahara is bounded by the Sahel, a belt of dry tropical savanna with a summer rainy season that extends across Africa from east to west. The southern limit of the Sahara is indicated botanically by the southern limit of Cornulaca monacantha (a drought-tolerant member of the Chenopodiaceae), or northern limit of Cenchrus biflorus, a grass typical of the Sahel. According to climatic criteria, the southern limit of the Sahara corresponds to the 150 mm (5.9 in) isohyet of annual precipitation (this is a long-term average, since precipitation varies annually).']","[0.7058377265930176, 0.5216886401176453, 0.48692554235458374]",0.7058377265930176,0.8529188632965088,0.5413465201854706,,0.7058377265930176,0.08269304037094116,,0.6815540745854378,0.0,0.75,escalate
calibration,573075b12461fd1900a9ce27,When was Two Stars for Peace published?,2003,2003,['2003'],['2003'],2003,['2003'],True,1.0,1.0,"['Several websites assert that Israel is the 51st state due to the annual funding and defense support it receives from the United States. An example of this concept can be found in 2003 when Martine Rothblatt published a book called Two Stars for Peace that argued for the addition of Israel and the Palestinian territories surrounding it as the 51st state in the Union. The American State of Canaan, is a book published by Prof. Alfred de Grazia, political science and sociologist, in March 2009, proposing the creation of the 51st and 52nd states from Israel and the Palestinian territories.', ""In 1993, the league staged its first All-Star Game in Des Moines, Iowa, the future home of the long-running Iowa Barnstormers, as a fundraiser for flood victims in the area. The National Conference defeated the American Conference 64–40 in front of a crowd of 7,189. The second Allstar game was in Oct. 2013, with two games, the first in Honolulu, Hawai'i, the second being in Beijing, China."", 'Also in 2005, Spielberg directed a modern adaptation of War of the Worlds (a co-production of Paramount and DreamWorks), based on the H. G. Wells book of the same name (Spielberg had been a huge fan of the book and the original 1953 film). It starred Tom Cruise and Dakota Fanning, and, as with past Spielberg films, Industrial Light & Magic (ILM) provided the visual effects. Unlike E.T. and Close Encounters of the Third Kind, which depicted friendly alien visitors, War of the Worlds featured violent invaders. The film was another huge box office smash, grossing over $591 million worldwide.']","[0.4665856957435608, 0.2707844376564026, 0.24358688294887543]",0.4665856957435608,0.7332928478717804,0.5546887591481209,,0.4665856957435608,0.10937751829624176,,0.6350605990737677,1.0,1.0,escalate
calibration,573386274776f41900660c91,Why is there difficulty in defining process theology ?,process theologians are so diverse and transdisciplinary in their views and interests,process theologians are so diverse and transdisciplinary in their views and interests,['process theologians are so diverse and transdisciplinary in their views and interests'],['process theologians are so diverse and transdisciplinary in their views and interests'],process theologians are so diverse and transdisciplinary in their views and interests,['process theologians are so diverse and transdisciplinary in their views and interests'],True,1.0,1.0,"['In fact, process theology is difficult to define because process theologians are so diverse and transdisciplinary in their views and interests. John B. Cobb, Jr. is a process theologian who has also written books on biology and economics. Roland Faber and Catherine Keller integrate Whitehead with poststructuralist, postcolonialist, and feminist theory. Charles Birch was both a theologian and a geneticist. Franklin I. Gamwell writes on theology and political theory. In Syntheism - Creating God in The Internet Age, futurologists Alexander Bard and Jan Söderqvist repeatedly credit Whitehead for the process theology they see rising out of the participatory culture expected to dominate the digital era.', ""Luther's Small Catechism proved especially effective in helping parents teach their children; likewise the Larger Catechism was effective for pastors. Using the German vernacular, they expressed the Apostles' Creed in simpler, more personal, Trinitarian language. He rewrote each article of the Creed to express the character of the Father, the Son, or the Holy Spirit. Luther's goal was to enable the catechumens to see themselves as a personal object of the work of the three persons of the Trinity, each of which works in the catechumen's life. That is, Luther depicted the Trinity not as a doctrine to be learned, but as persons to be known. The Father creates, the Son redeems, and the Spirit sanctifies, a divine unity with separate personalities. Salvation originates with the Father and draws the believer to the Father. Luther's treatment of the Apostles' Creed must be understood in the context of the Decalogue (the Ten Commandments) and the Lord's Prayer, which are also part of the Lutheran catechical teaching."", 'The rediscovery of Aristotle\'s works–more than 3000 pages of it would eventually be translated –fuelled a spirit of inquiry into natural processes that had already begun to emerge in the 12th century. Some scholars believe that these works represented one of the most important document discoveries in Western intellectual history. Richard Dales, for instance, calls the discovery of Aristotle\'s works ""a turning point in the history of Western thought."" After Aristotle re-emerged, a community of scholars, primarily communicating in Latin, accelerated the process and practice of attempting to reconcile the thoughts of Greek antiquity, and especially ideas related to understanding the natural world, with those of the church. The efforts of this ""scholasticism"" were focused on applying Aristotelian logic and thoughts about natural processes to biblical passages and attempting to prove the viability of those passages through reason. This became the primary mission of lecturers, and the expectation of students.']","[0.6251848340034485, 0.3670247793197632, 0.35355862975120544]",0.6251848340034485,0.8125924170017242,0.8307992219924927,,0.6251848340034485,0.6615984439849854,,0.822606159746647,1.0,1.0,accept
calibration,56e4756e8c00841900fbaf9c,What were the reactions to the idea that function should come before other concerns?,popularity,popularity,['popularity'],['popularity'],popularity,['both popularity and skepticism'],True,1.0,1.0,"['While the notion that structural and aesthetic considerations should be entirely subject to functionality was met with both popularity and skepticism, it had the effect of introducing the concept of ""function"" in place of Vitruvius\' ""utility"". ""Function"" came to be seen as encompassing all criteria of the use, perception and enjoyment of a building, not only practical but also aesthetic, psychological and cultural.', 'In 1926, Tesla commented on the ills of the social subservience of women and the struggle of women toward gender equality, and indicated that humanity\'s future would be run by ""Queen Bees."" He believed that women would become the dominant sex in the future.', ""Modern chemistry emerged from the sixteenth through the eighteenth centuries through the material practices and theories promoted by alchemy, medicine, manufacturing and mining. A decisive moment came when 'chymistry' was distinguished from alchemy by Robert Boyle in his work The Sceptical Chymist, in 1661; although the alchemical tradition continued for some time after his work. Other important steps included the gravimetric experimental practices of medical chemists like William Cullen, Joseph Black, Torbern Bergman and Pierre Macquer and through the work of Antoine Lavoisier (Father of Modern Chemistry) on oxygen and the law of conservation of mass, which refuted phlogiston theory. The theory that all matter is made of atoms, which are the smallest constituents of matter that cannot be broken down without losing the basic chemical and physical properties of that matter, was provided by John Dalton in 1803, although the question took a hundred years to settle as proven. Dalton also formulated the law of mass relationships. In 1869, Dmitri Mendeleev composed his periodic table of elements on the basis of Dalton's discoveries.""]","[0.5971572399139404, 0.33373743295669556, 0.31976035237312317]",0.5971572399139404,0.7985786199569702,0.510662006214261,,0.5971572399139404,0.02132401242852211,,0.6402244823984802,0.0,0.4,escalate
calibration,570e334b0b85d914000d7d3a,How prevalent is HIV among the 15-49 age group in Eritrea?,0.5%,5%,['0.5%'],['5%'],5%,['exceeds 2%'],True,1.0,1.0,"['However, Eritrea still faces many challenges. Despite number of physicians increasing from only 0.2 in 1993 to 0.5 in 2004 per 1000 population, this is still very low. Malaria and tuberculosis are common in Eritrea. HIV prevalence among the 15–49 group exceeds 2%. The fertility rate is at about 5 births per woman. Maternal mortality dropped by more than half from 1995 to 2002, although the figure is still high. Similarly, between 1995 and 2002, the number of births attended by skilled health personnel has doubled but still is only 28.3%. A major cause of death in neonates is by severe infection. Per capita expenditure on health is low in Eritrea.', 'Nigeria is home to a substantial network of organised crime, active especially in drug trafficking. Nigerian criminal groups are heavily involved in drug trafficking, shipping heroin from Asian countries to Europe and America; and cocaine from South America to Europe and South Africa. . The various Nigerian Confraternities or ""campus cults"" are active in both organised crime and in political violence as well as providing a network of corruption within Nigeria. As confraternities have extensive connections with political and military figures, they offer excellent alumni networking opportunities. The Supreme Vikings Confraternity, for example, boasts that twelve members of the Rivers State House of Assembly are cult members. On lower levels of society, there are the ""area boys"", organised gangs mostly active in Lagos who specialise in mugging and small-scale drug dealing. According to official statistics, gang violence in Lagos resulted in 273 civilians and 84 policemen killed in the period of August 2000 to May 2001.', 'There is usually an indication for a specific identification of an infectious agent only when such identification can aid in the treatment or prevention of the disease, or to advance knowledge of the course of an illness prior to the development of effective therapeutic or preventative measures. For example, in the early 1980s, prior to the appearance of AZT for the treatment of AIDS, the course of the disease was closely followed by monitoring the composition of patient blood samples, even though the outcome would not offer the patient any further treatment options. In part, these studies on the appearance of HIV in specific communities permitted the advancement of hypotheses as to the route of transmission of the virus. By understanding how the disease was transmitted, resources could be targeted to the communities at greatest risk in campaigns aimed at reducing the number of new infections. The specific serological diagnostic identification, and later genotypic or molecular identification, of HIV also enabled the development of hypotheses as to the temporal and geographical origins of the virus, as well as a myriad of other hypothesis. The development of molecular diagnostic tools have enabled physicians and researchers to monitor the efficacy of treatment with anti-retroviral drugs. Molecular diagnostics are now commonly used to identify HIV in healthy people long before the onset of illness and have been used to demonstrate the existence of people who are genetically resistant to HIV infection. Thus, while there still is no cure for AIDS, there is great therapeutic and predictive benefit to identifying the virus and monitoring the virus levels within the blood of infected individuals, both for the patient and for the community at large.']","[0.7154196500778198, 0.37724313139915466, 0.3403763771057129]",0.7154196500778198,0.8577098250389099,0.5601663291454315,,0.7154196500778198,0.12033265829086304,,0.6940609022974968,0.0,0.0,escalate
calibration,57266bc1708984140094c572,When was the Treaty of Paris?,1763,1763,['1763'],['1763'],1763,['1763'],True,1.0,1.0,"[""The British and French struggles in India became but one theatre of the global Seven Years' War (1756–1763) involving France, Britain and the other major European powers. The signing of the Treaty of Paris (1763) had important consequences for the future of the British Empire. In North America, France's future as a colonial power there was effectively ended with the recognition of British claims to Rupert's Land, and the ceding of New France to Britain (leaving a sizeable French-speaking population under British control) and Louisiana to Spain. Spain ceded Florida to Britain. Along with its victory over France in India, the Seven Years' War therefore left Britain as the world's most powerful maritime power."", 'The Allies offered peace terms in the Frankfurt proposals in November 1813. Napoleon would remain as Emperor of France, but it would be reduced to its ""natural frontiers."" That meant that France could retain control of Belgium, Savoy and the Rhineland (the west bank of the Rhine River), while giving up control of all the rest, including all of Spain and the Netherlands, and most of Italy and Germany. Metternich told Napoleon these were the best terms the Allies were likely to offer; after further victories, the terms would be harsher and harsher. Metternich\'s motivation was to maintain France as a balance against Russian threats, while ending the highly destabilizing series of wars.', 'The principal Treaties that form the European Union began with common rules for coal and steel, and then atomic energy, but more complete and formal institutions were established through the Treaty of Rome 1957 and the Maastricht Treaty 1992 (now: TFEU). Minor amendments were made during the 1960s and 1970s. Major amending treaties were signed to complete the development of a single, internal market in the Single European Act 1986, to further the development of a more social Europe in the Treaty of Amsterdam 1997, and to make minor amendments to the relative power of member states in the EU institutions in the Treaty of Nice 2001 and the Treaty of Lisbon 2007. Since its establishment, more member states have joined through a series of accession treaties, from the UK, Ireland, Denmark and Norway in 1972 (though Norway did not end up joining), Greece in 1979, Spain and Portugal 1985, Austria, Finland, Norway and Sweden in 1994 (though again Norway failed to join, because of lack of support in the referendum), the Czech Republic, Cyprus, Estonia, Hungary, Latvia, Lithuania, Malta, Poland, Slovakia and Slovenia in 2004, Romania and Bulgaria in 2007 and Croatia in 2013. Greenland signed a Treaty in 1985 giving it a special status.']","[0.5201596617698669, 0.47668972611427307, 0.44609183073043823]",0.5201596617698669,0.7600798308849335,0.6737193018198013,,0.5201596617698669,0.34743860363960266,,0.7125815398991109,1.0,1.0,flag
calibration,5727dae42ca10214002d981c,"What member of leadership at the Global Fund to Fight AIDS, Tuberculosis and Malaria called TB a ""pandemic""?",Mark Dybul,Mark Dybul,['Mark Dybul'],['Mark Dybul'],Mark Dybul,['Mark Dybul'],True,1.0,1.0,"['Slow progress has led to frustration, expressed by executive director of the Global Fund to Fight AIDS, Tuberculosis and Malaria – Mark Dybul: ""we have the tools to end TB as a pandemic and public health threat on the planet, but we are not doing it."" Several international organizations are pushing for more transparency in treatment, and more countries are implementing mandatory reporting of cases to the government, although adherence is often sketchy. Commercial treatment-providers may at times overprescribe second-line drugs as well as supplementary treatment, promoting demands for further regulations. The government of Brazil provides universal TB-care, which reduces this problem. Conversely, falling rates of TB-infection may not relate to the number of programs directed at reducing infection rates, but may be tied to increased level of education, income and health of the population. Costs of the disease, as calculated by the World Bank in 2009 may exceed 150 billion USD per year in ""high burden"" countries. Lack of progress eradicating the disease may also be due to lack of patient follow-up – as among the 250M rural migrants in China.', 'In Europe, rates of tuberculosis began to rise in the early 1600s to a peak level in the 1800s, when it caused nearly 25% of all deaths. By the 1950s, mortality had decreased nearly 90%. Improvements in public health began significantly reducing rates of tuberculosis even before the arrival of streptomycin and other antibiotics, although the disease remained a significant threat to public health such that when the Medical Research Council was formed in Britain in 1913, its initial focus was tuberculosis research.', 'The Tuvalu Government carried out assessments of the damage caused by Cyclone Pam to the islands and has provided medical aid, food as well as assistance for the cleaning-up of storm debris. Government and Non-Government Organisations provided assistance technical, funding and material support to Tuvalu to assist with recovery, including WHO, UNICEF, UNDP, OCHA, World Bank, DFAT, New Zealand Red Cross & IFRC, Fiji National University and governments of New Zealand, Netherlands, UAE, Taiwan and the United States.']","[0.5891506671905518, 0.45117104053497314, 0.38297778367996216]",0.5891506671905518,0.7945753335952759,0.5534574277698994,,0.5891506671905518,0.10691485553979874,,0.6619604853913188,1.0,1.0,escalate
calibration,570ffadea58dae1900cd67a4,When did the questioning of human sexual responses begin?,late nineteenth century,late nineteenth century,['late nineteenth century'],['late nineteenth century'],late nineteenth century,['From at least the late nineteenth century'],True,1.0,1.0,"[""From at least the late nineteenth century in Europe, there was speculation that the range of human sexual response looked more like a continuum than two or three discrete categories. Berlin sexologist Magnus Hirschfeld published a scheme in 1896 that measured the strength of an individual's sexual desire on two independent 10-point scales, A (homosexual) and B (heterosexual). A heterosexual individual may be A0, B5; a homosexual individual may be A5, B0; an asexual would be A0, B0; and someone with an intense attraction to both sexes would be A9, B9."", 'In 1926, Tesla commented on the ills of the social subservience of women and the struggle of women toward gender equality, and indicated that humanity\'s future would be run by ""Queen Bees."" He believed that women would become the dominant sex in the future.', 'In the 1990s, sociologists focused on different aspects of specific emotions and how these emotions were socially relevant. For Cooley (1992), pride and shame were the most important emotions that drive people to take various social actions. During every encounter, he proposed that we monitor ourselves through the ""looking glass"" that the gestures and reactions of others provide. Depending on these reactions, we either experience pride or shame and this results in particular paths of action. Retzinger (1991) conducted studies of married couples who experienced cycles of rage and shame. Drawing predominantly on Goffman and Cooley\'s work, Scheff (1990) developed a micro sociological theory of the social bond. The formation or disruption of social bonds is dependent on the emotions that people experience during interactions.']","[0.4907503128051758, 0.3424306809902191, 0.3407793343067169]",0.4907503128051758,0.7453751564025879,0.6511646509170532,,0.4907503128051758,0.30232930183410645,,0.6935593783855438,0.0,0.6666666666666666,escalate
calibration,572685f55951b619008f757d,What is headquartered in Daytona ,New Haven,New Haven,['New Haven'],['New Haven'],New Haven,['NASCAR (headquartered in Daytona Beach) begins all three of its major auto racing series in Florida at Daytona International Speedway in February'],True,1.0,1.0,"[""NASCAR (headquartered in Daytona Beach) begins all three of its major auto racing series in Florida at Daytona International Speedway in February, featuring the Daytona 500, and ends all three Series in November at Homestead-Miami Speedway. Daytona also has the Coke Zero 400 NASCAR race weekend around Independence Day in July. The 24 Hours of Daytona is one of the world's most prestigious endurance auto races. The Grand Prix of St. Petersburg and Grand Prix of Miami have held IndyCar races as well."", ""Charleston is known for its unique culture, which blends traditional Southern U.S., English, French, and West African elements. The downtown peninsula has gained a reputation for its art, music, local cuisine, and fashion. Spoleto Festival USA, held annually in late spring, has become one of the world's major performing arts festivals. It was founded in 1977 by Pulitzer Prize-winning composer Gian Carlo Menotti, who sought to establish a counterpart to the Festival dei Due Mondi (the Festival of Two Worlds) in Spoleto, Italy."", ""The Knights of Columbus, the world's largest Catholic fraternal service organization and a Fortune 1000 company, is headquartered in New Haven. Two more Fortune 1000 companies are based in Greater New Haven: the electrical equipment producers Hubbell, based in Orange, and Amphenol, based in Wallingford. Eight Courant 100 companies are based in Greater New Haven, with four headquartered in New Haven proper. New Haven-based companies traded on stock exchanges include NewAlliance Bank, the second largest bank in Connecticut and fourth-largest in New England (NYSE: NAL), Higher One Holdings (NYSE: ONE), a financial services firm United Illuminating, the electricity distributor for southern Connecticut (NYSE: UIL), Achillion Pharmaceuticals (NASDAQ: ACHN), Alexion Pharmaceuticals (NasdaqGS: ALXN), and Transpro Inc. (AMEX: TPR). Vion Pharmaceuticals is traded OTC (OTC BB: VIONQ.OB). Other notable companies based in the city include the Peter Paul Candy Manufacturing Company (the candy-making division of the Hershey Company), the American division of Assa Abloy (one of the world's leading manufacturers of locks), Yale University Press, and the Russell Trust Association (the business arm of the Skull and Bones Society). The Southern New England Telephone Company (SNET) began operations in the city as the District Telephone Company of New Haven in 1878; the company remains headquartered in New Haven as a subsidiary of AT&T Inc., now doing business as AT&T Connecticut, and provides telephone service for all but two municipalities in Connecticut.""]","[0.6326578855514526, 0.28046947717666626, 0.26596733927726746]",0.6326578855514526,0.8163289427757263,0.5987880975008011,,0.6326578855514526,0.19757619500160217,,0.6966814778745175,0.0,0.0,escalate
calibration,5726c6f1dd62a815002e8ff7,"Bermuda's coral reefs, shipwrecks, and shallow waters are great for what activity in particular?",scuba diving,scuba diving,['scuba diving'],['scuba diving'],scuba diving,['Scuba'],True,1.0,1.0,"[""Bermuda's pink sand beaches and clear, cerulean blue ocean waters are popular with tourists. Many of Bermuda's hotels are located along the south shore of the island. In addition to its beaches, there are a number of sightseeing attractions. Historic St George's is a designated World Heritage Site. Scuba divers can explore numerous wrecks and coral reefs in relatively shallow water (typically 30–40 ft or 9–12 m in depth), with virtually unlimited visibility. Many nearby reefs are readily accessible from shore by snorkellers, especially at Church Bay."", ""St Helena's biodiversity, however, also includes marine vertebrates, invertebrates (freshwater, terrestrial and marine), fungi (including lichen-forming species), non-vascular plants, seaweeds and other biological groups. To date, very little is known about these, although more than 200 lichen-forming fungi have been recorded, including 9 endemics, suggesting that many significant discoveries remain to be made."", 'There are typically 40 million bacterial cells in a gram of soil and a million bacterial cells in a millilitre of fresh water. There are approximately 5×1030 bacteria on Earth, forming a biomass which exceeds that of all plants and animals. Bacteria are vital in recycling nutrients, with many of the stages in nutrient cycles dependent on these organisms, such as the fixation of nitrogen from the atmosphere and putrefaction. In the biological communities surrounding hydrothermal vents and cold seeps, bacteria provide the nutrients needed to sustain life by converting dissolved compounds, such as hydrogen sulphide and methane, to energy. On 17 March 2013, researchers reported data that suggested bacterial life forms thrive in the Mariana Trench, which with a depth of up to 11 kilometres is the deepest part of the Earth\'s oceans. Other researchers reported related studies that microbes thrive inside rocks up to 580 metres below the sea floor under 2.6 kilometres of ocean off the coast of the northwestern United States. According to one of the researchers, ""You can find microbes everywhere — they\'re extremely adaptable to conditions, and survive wherever they are.""']","[0.6360324621200562, 0.3733772039413452, 0.3679744005203247]",0.6360324621200562,0.8180162310600281,0.6467710733413696,,0.6360324621200562,0.29354214668273926,,0.723831394314766,0.0,0.6666666666666666,flag
calibration,56e4793839bdeb140034794e,What novel concept was introduced at the end of the 20th century?,Graphic novels,Graphic novels,['Graphic novels'],['Graphic novels'],Graphic novels,['sustainability'],False,,0.0,"[""In parallel, however, the 19th century saw a Catalan literary revival (Renaixença), which has continued up to the present day. This period starts with Aribau's Ode to the Homeland (1833); followed in the second half of the 19th century, and the early 20th by the work of Verdaguer (poetry), Oller (realist novel), and Guimerà (drama)."", 'The graphic novel—book-length comics—began to gain attention after Will Eisner popularized the term with his book A Contract with God (1978). The term became widely known with the public after the commercial success of Maus, Watchmen, and The Dark Knight Returns in the mid-1980s. In the 21st century graphic novels became established in mainstream bookstores and libraries and webcomics became common.', 'Starting one-hundred years before the 20th century, the enlightenment spiritual philosophy was challenged in various quarters around the 1900s. Developed from earlier secular traditions, modern Humanist ethical philosophies affirmed the dignity and worth of all people, based on the ability to determine right and wrong by appealing to universal human qualities, particularly rationality, without resorting to the supernatural or alleged divine authority from religious texts. For liberal humanists such as Rousseau and Kant, the universal law of reason guided the way toward total emancipation from any kind of tyranny. These ideas were challenged, for example by the young Karl Marx, who criticized the project of political emancipation (embodied in the form of human rights), asserting it to be symptomatic of the very dehumanization it was supposed to oppose. For Friedrich Nietzsche, humanism was nothing more than a secular version of theism. In his Genealogy of Morals, he argues that human rights exist as a means for the weak to collectively constrain the strong. On this view, such rights do not facilitate emancipation of life, but rather deny it. In the 20th century, the notion that human beings are rationally autonomous was challenged by the concept that humans were driven by unconscious irrational desires.']","[0.4461946487426758, 0.34803324937820435, 0.34738582372665405]",0.4461946487426758,0.7230973243713379,0.7533668279647827,,0.4461946487426758,0.5067336559295654,,0.7397455513477326,0.0,0.0,flag
calibration,56e1c51ccd28a01900c67b59,Somalia was one of the last countries on what continent to get connected tothe internet?,Africa,Africa,['Africa'],['Africa'],Africa,['Africa'],True,1.0,1.0,"['Somalia established its first ISP in 1999, one of the last countries in Africa to get connected to the Internet. According to the telecommunications resource Balancing Act, growth in internet connectivity has since then grown considerably, with around 53% of the entire nation covered as of 2009. Both internet commerce and telephony have consequently become among the quickest growing local businesses.', 'These regions were occupied by ""the brown men,"" with the yellow in the Far East and the black in Africa. The color issue was not settled until Kenya became independent in 1963, ending the last vestige of the British Empire.', 'Besides their traditional areas of inhabitation in Greater Somalia, a Somali community mainly consisting of entrepreneurs, academics, and students also exists in Egypt. In addition, there is an historical Somali community in the general Sudan area. Primarily concentrated in the north and Khartoum, the expatriate community mainly consists of students as well as some businesspeople. More recently, Somali entrepreneurs have established themselves in Kenya, investing over $1.5 billion in the Somali enclave of Eastleigh alone. In South Africa, Somali businesspeople also provide most of the retail trade in informal settlements around the Western Cape province.']","[0.7364921569824219, 0.3889121413230896, 0.38589268922805786]",0.7364921569824219,0.8682460784912109,0.7211087495088577,,0.7364921569824219,0.44221749901771545,,0.7873205475509167,1.0,1.0,accept
calibration,57318f8ae6313a140071d09a,Whose efforts did Gaddafi see himself as continuing?,Nasser,Nasser,['Nasser'],['Nasser'],Nasser,['Nasser'],True,1.0,1.0,"['Gaddafi was a very private individual, who described himself as a ""simple revolutionary"" and ""pious Muslim"" called upon by Allah to continue Nasser\'s work. Reporter Mirella Bianco found that his friends considered him particularly loyal and generous, and asserted that he adored children. She was told by Gaddafi\'s father that even as a child he had been ""always serious, even taciturn"", a trait he also exhibited in adulthood. His father said that he was courageous, intelligent, pious, and family oriented.', 'A fundamental part of Gaddafi\'s ideology was anti-Zionism. He believed that the state of Israel should not exist, and that any Arab compromise with the Israeli government was a betrayal of the Arab people. In large part due to their support of Israel, Gaddafi despised the United States, considering the country to be imperialist and lambasting it as ""the embodiment of evil."" Rallying against Jews in many of his speeches, his anti-Semitism has been described as ""almost Hitlerian"" by Blundy and Lycett. From the late 1990s onward, his view seemed to become more moderate. In 2007, he advocated the Isratin single-state solution to the Israeli–Palestinian conflict, stating that ""the [Israel-Palestine] solution is to establish a democratic state for the Jews and the Palestinians... This is the fundamental solution, or else the Jews will be annihilated in the future, because the Palestinians have [strategic] depth."" Two years later he argued that a single-state solution would ""move beyond old conflicts and look to a unified future based on shared culture and respect.""', 'On 16 April 1973, Gaddafi proclaimed the start of a ""Popular Revolution"" in a Zuwarah speech. He initiated this with a 5-point plan, the first point of which dissolved all existing laws, to be replaced by revolutionary enactments. The second point proclaimed that all opponents of the revolution had to be removed, while the third initiated an administrative revolution that Gaddafi proclaimed would remove all traces of bureaucracy and the bourgeoisie. The fourth point announced that the population must form People\'s Committees and be armed to defend the revolution, while the fifth proclaimed the beginning of a cultural revolution to expunge Libya of ""poisonous"" foreign influences. He began to lecture on this new phase of the revolution in Libya, Egypt, and France.']","[0.5473774671554565, 0.5372563600540161, 0.5156948566436768]",0.5473774671554565,0.7736887335777283,0.6055720001459122,,0.5473774671554565,0.21114400029182434,,0.6812245301902295,1.0,1.0,escalate
calibration,57323ce2e17f3d1400422768,Clark field was how many miles northwest of Manila?,20,20,['20'],['20'],20,['40'],True,1.0,1.0,"[""On 15 December 1944 landings against minimal resistance were made on the southern beaches of the island of Mindoro, a key location in the planned Lingayen Gulf operations, in support of major landings scheduled on Luzon. On 9 January 1945, on the south shore of Lingayen Gulf on the western coast of Luzon, General Krueger's Sixth Army landed his first units. Almost 175,000 men followed across the twenty-mile (32 km) beachhead within a few days. With heavy air support, Army units pushed inland, taking Clark Field, 40 miles (64 km) northwest of Manila, in the last week of January."", 'The southern portion of the Point Loma peninsula was set aside for military purposes as early as 1852. Over the next several decades the Army set up a series of coastal artillery batteries and named the area Fort Rosecrans. Significant U.S. Navy presence began in 1901 with the establishment of the Navy Coaling Station in Point Loma, and expanded greatly during the 1920s. By 1930, the city was host to Naval Base San Diego, Naval Training Center San Diego, San Diego Naval Hospital, Camp Matthews, and Camp Kearny (now Marine Corps Air Station Miramar). The city was also an early center for aviation: as early as World War I, San Diego was proclaiming itself ""The Air Capital of the West"". The city was home to important airplane developers and manufacturers like Ryan Airlines (later Ryan Aeronautical), founded in 1925, and Consolidated Aircraft (later Convair), founded in 1923. Charles A. Lindbergh\'s plane The Spirit of St. Louis was built in San Diego in 1927 by Ryan Airlines.', 'In July 1855, the allied squadron tried to go past Taganrog to Rostov on Don, entering the Don River through the Mius River. On 12 July 1855 HMS Jasper grounded near Taganrog thanks to a fisherman who moved buoys into shallow water. The Cossacks captured the gunboat with all of its guns and blew it up. The third siege attempt was made 19–31 August 1855, but the city was already fortified and the squadron could not approach close enough for landing operations. The allied fleet left the Gulf of Taganrog on the 2nd September 1855, with minor military operations along the Azov Sea coast continuing until late autumn 1855.']","[0.5447614192962646, 0.3068442940711975, 0.3021303415298462]",0.5447614192962646,0.7723807096481323,0.5219009108841419,,0.5447614192962646,0.043801821768283844,,0.6346168203279376,0.0,0.0,escalate
calibration,5727be744b864d1900163c50,Which scientist theorized that the earliest members of a class in a species were simple and generalized?,Richard Owen,Richard Owen,['Richard Owen'],['Richard Owen'],Richard Owen,['Richard Owen'],True,1.0,1.0,"[""Chapter X examines whether patterns in the fossil record are better explained by common descent and branching evolution through natural selection, than by the individual creation of fixed species. Darwin expected species to change slowly, but not at the same rate – some organisms such as Lingula were unchanged since the earliest fossils. The pace of natural selection would depend on variability and change in the environment. This distanced his theory from Lamarckian laws of inevitable progress. It has been argued that this anticipated the punctuated equilibrium hypothesis, but other scholars have preferred to emphasise Darwin's commitment to gradualism. He cited Richard Owen's findings that the earliest members of a class were a few simple and generalised species with characteristics intermediate between modern forms, and were followed by increasingly diverse and specialised forms, matching the branching of common descent from an ancestor. Patterns of extinction matched his theory, with related groups of species having a continued existence until extinction, then not reappearing. Recently extinct species were more similar to living species than those from earlier eras, and as he had seen in South America, and William Clift had shown in Australia, fossils from recent geological periods resembled species still living in the same area."", 'In Chapter II, Darwin specifies that the distinction between species and varieties is arbitrary, with experts disagreeing and changing their decisions when new forms were found. He concludes that ""a well-marked variety may be justly called an incipient species"" and that ""species are only strongly marked and permanent varieties"". He argues for the ubiquity of variation in nature. Historians have noted that naturalists had long been aware that the individuals of a species differed from one another, but had generally considered such variations to be limited and unimportant deviations from the archetype of each species, that archetype being a fixed ideal in the mind of God. Darwin and Wallace made variation among individuals of the same species central to understanding the natural world.', ""Modern chemistry emerged from the sixteenth through the eighteenth centuries through the material practices and theories promoted by alchemy, medicine, manufacturing and mining. A decisive moment came when 'chymistry' was distinguished from alchemy by Robert Boyle in his work The Sceptical Chymist, in 1661; although the alchemical tradition continued for some time after his work. Other important steps included the gravimetric experimental practices of medical chemists like William Cullen, Joseph Black, Torbern Bergman and Pierre Macquer and through the work of Antoine Lavoisier (Father of Modern Chemistry) on oxygen and the law of conservation of mass, which refuted phlogiston theory. The theory that all matter is made of atoms, which are the smallest constituents of matter that cannot be broken down without losing the basic chemical and physical properties of that matter, was provided by John Dalton in 1803, although the question took a hundred years to settle as proven. Dalton also formulated the law of mass relationships. In 1869, Dmitri Mendeleev composed his periodic table of elements on the basis of Dalton's discoveries.""]","[0.5544361472129822, 0.4944480061531067, 0.4362630248069763]",0.5544361472129822,0.7772180736064911,0.6008074656128883,,0.5544361472129822,0.20161493122577667,,0.6801922392100097,1.0,1.0,escalate
calibration,5731405b497a881900248cf9,Which government advocated the banning of Class 2 LEDs?,"French Agency for Food, Environmental and Occupational Health & Safety","French Agency for Food, Environmental and Occupational Health & Safety","['French Agency for Food, Environmental and Occupational Health & Safety']","['French Agency for Food, Environmental and Occupational Health & Safety']","French Agency for Food, Environmental and Occupational Health & Safety",['French'],True,1.0,1.0,"['The vast majority of devices containing LEDs are ""safe under all conditions of normal use"", and so are classified as ""Class 1 LED product""/""LED Klasse 1"". At present, only a few LEDs—extremely bright LEDs that also have a tightly focused viewing angle of 8° or less—could, in theory, cause temporary blindness, and so are classified as ""Class 2"". The opinion of the French Agency for Food, Environmental and Occupational Health & Safety (ANSES) of 2010, on the health issues concerning LEDs, suggested banning public use of lamps which were in the moderate Risk Group 2, especially those with a high blue component in places frequented by children. In general, laser safety regulations—and the ""Class 1"", ""Class 2"", etc. system—also apply to LEDs.', 'Since incandescent light bulbs use more energy than alternatives such as CFLs and LED lamps, many governments have introduced measures to ban their use, by setting minimum efficacy standards higher than can be achieved by incandescent lamps. Measures to ban light bulbs have been implemented in the European Union, the United States, Russia, Brazil, Argentina, Canada and Australia, among others. In the Europe the EC has calculated that the ban contributes 5 to 10 billion euros to the economy and saves 40 TWh of electricity every year, translating in CO2 emission reductions of 15 million tonnes.', ""The correlation between capitalism, aristocracy, and imperialism has long been debated among historians and political theorists. Much of the debate was pioneered by such theorists as J. A. Hobson (1858–1940), Joseph Schumpeter (1883–1950), Thorstein Veblen (1857–1929), and Norman Angell (1872–1967). While these non-Marxist writers were at their most prolific before World War I, they remained active in the interwar years. Their combined work informed the study of imperialism and it's impact on Europe, as well as contributed to reflections on the rise of the military-political complex in the United States from the 1950s. Hobson argued that domestic social reforms could cure the international disease of imperialism by removing its economic foundation. Hobson theorized that state intervention through taxation could boost broader consumption, create wealth, and encourage a peaceful, tolerant, multipolar world order.""]","[0.5480107665061951, 0.38377806544303894, 0.36888572573661804]",0.5480107665061951,0.7740053832530975,0.6385181844234467,,0.5480107665061951,0.2770363688468933,,0.6994874238967896,0.0,0.19999999999999998,escalate
calibration,5706b8b42eaba6190074ac77,what was another name for hardcore techno from the netherlands?,Chicago hard house,Chicago hard house,['Chicago hard house'],['Chicago hard house'],Chicago hard house,['gabber'],True,1.0,1.0,"['A new generation of clubs such as Liverpool\'s Cream and the Ministry of Sound were opened to provide a venue for more commercial sounds. Major record companies began to open ""superclubs"" promoting their own acts. These superclubs entered into sponsorship deals initially with fast food, soft drinks, and clothing companies. Flyers in clubs in Ibiza often sported many corporate logos. A new subgenre, Chicago hard house, was developed by DJs such as Bad Boy Bill, DJ Lynnwood, DJ Irene, Richard ""Humpty"" Vission and DJ Enrie, mixing elements of Chicago house, funky house and hard house together. Additionally, Producers such as George Centeno, Darren Ramirez, and Martin O. Cairo would develop the Los Angeles Hard House sound. Similar to gabber or hardcore techno from the Netherlands, this sound was often associated with the ""rebel"" culture of the time. These 3 producers are often considered ""ahead of their time"" since many of the sounds they engineered during the late 20th century became more prominent during the 21st century.', 'In late 1977, music writers for Sounds first used the terms ""New Musick"" and ""post punk"" to describe British acts such as Siouxsie and the Banshees and Wire, who began experimenting with sounds, lyrics and aesthetics that differed significantly from their punk contemporaries. Writer Jon Savage described some of these early developments as exploring ""harsh urban scrapings [,] controlled white noise"" and ""massively accented drumming"". In January 1978, singer John Lydon (then known as Johnny Rotten) announced the break-up of his pioneering punk band the Sex Pistols, citing his disillusionment with punk\'s musical predictability and cooption by commercial interests, as well as his desire to explore more diverse interests.', ""Hard rock developed into a major form of popular music in the 1970s, with bands such as Led Zeppelin, The Who, Deep Purple, Aerosmith, AC/DC and Van Halen. During the 1980s, some hard rock bands moved away from their hard rock roots and more towards pop rock, while others began to return to a hard rock sound. Established bands made a comeback in the mid-1980s and it reached a commercial peak in the 1980s, with glam metal bands like Bon Jovi and Def Leppard and the rawer sounds of Guns N' Roses, which followed up with great success in the later part of that decade. Hard rock began losing popularity with the commercial success of grunge and later Britpop in the 1990s.""]","[0.4222661256790161, 0.41320639848709106, 0.33746466040611267]",0.4222661256790161,0.7111330628395081,0.7390815317630768,,0.4222661256790161,0.47816306352615356,,0.7265047207474709,0.0,0.0,flag
calibration,573051562461fd1900a9cd1d,a antenna element not connected to anything is circuited how?,closed,closed,['closed'],['closed'],closed,['open circuited'],True,1.0,1.0,"['This is a consequence of Lorentz reciprocity. For an antenna element  not connected to anything (open circuited) one can write . But for an element  which is short circuited, a current is generated across that short but no voltage is allowed, so the corresponding . This is the case, for instance, with the so-called parasitic elements of a Yagi-Uda antenna where the solid rod can be viewed as a dipole antenna shorted across its feedpoint. Parasitic elements are unpowered elements that absorb and reradiate RF energy according to the induced current calculated using such a system of equations.', 'It is possible to use the impedance matching concepts to construct vertical antennas substantially shorter than the 1⁄4 wavelength at which the antenna is resonant. By adding an inductance in series with the antenna, a so-called loading coil, the capacitive reactance of this antenna can be cancelled leaving a pure resistance which can then be matched to the transmission line. Sometimes the resulting resonant frequency of such a system (antenna plus matching network) is described using the construct of electrical length and the use of a shorter antenna at a lower frequency than its resonant frequency is termed electrical lengthening.', 'To prevent the risk of out-of-phase supplies mixing, sections of line fed from different feeder stations must be kept strictly isolated. This is achieved by Neutral Sections (also known as Phase Breaks), usually provided at feeder stations and midway between them although, typically, only half are in use at any time, the others being provided to allow a feeder station to be shut down and power provided from adjacent feeder stations. Neutral Sections usually consist of an earthed section of wire which is separated from the live wires on either side by insulating material, typically ceramic beads, designed so that the pantograph will smoothly run from one section to the other. The earthed section prevents an arc being drawn from one live section to the other, as the voltage difference may be higher than the normal system voltage if the live sections are on different phases and the protective circuit breakers may not be able to safely interrupt the considerable current that would flow. To prevent the risk of an arc being drawn across from one section of wire to earth, when passing through the neutral section, the train must be coasting and the circuit breakers must be open. In many cases, this is done manually by the drivers. To help them, a warning board is provided just before both the neutral section and an advance warning some distance before. A further board is then provided after the neutral section to tell drivers to re-close the circuit breaker, although drivers must not do this until the rear pantograph has passed this board. In the UK, a system known as Automatic Power Control (APC) automatically opens and closes the circuit breaker, this being achieved by using sets of permanent magnets alongside the track communicating with a detector on the train. The only action needed by the driver is to shut off power and coast and therefore warning boards are still provided at and on the approach to neutral sections.']","[0.6205036640167236, 0.42745164036750793, 0.30144762992858887]",0.6205036640167236,0.8102518320083618,0.4666725806891918,,0.6205036640167236,-0.06665483862161636,,0.6212832437828184,0.0,0.0,escalate
calibration,57303088a23a5019007fcf36,Which king failed to receive a divorce from the Pope in 1534?,Henry VIII,Henry VIII,['Henry VIII'],['Henry VIII'],Henry VIII,['King Henry VIII'],True,1.0,1.0,"['By the Late Middle Ages, Great Britain was separated into the Kingdoms of England and Scotland. Power in Ireland fluxed between Gaelic kingdoms, Hiberno-Norman lords and the English-dominated Lordship of Ireland. A similar situation existed in the Principality of Wales, which was slowly being annexed into the Kingdom of England by a series of laws. During the course of the 15th century, the Crown of England would assert a claim to the Crown of France, thereby also releasing the King of England as from being vassal of the King of France. In 1534, King Henry VIII, at first having been a strong defender of Roman Catholicism in the face of the Reformation, separated from the Roman Church after failing to secure a divorce from the Pope. His response was to place the King of England as ""the only Supreme Head in Earth of the Church of England"", thereby removing the authority of the Pope from the affairs of the English Church. Ireland, which had been held by the King of England as Lord of Ireland, but which strictly speaking had been a feudal possession of the Pope since the Norman invasion was declared a separate kingdom in personal union with England.', 'The marriage of Richard II of England to Anne of Bohemia established contacts between the two nations and brought Lollard ideas to her homeland. The teachings of the Czech priest Jan Hus were based on those of John Wycliffe, yet his followers, the Hussites, were to have a much greater political impact than the Lollards. Hus gained a great following in Bohemia, and in 1414, he was requested to appear at the Council of Constance to defend his cause. When he was burned as a heretic in 1415, it caused a popular uprising in the Czech lands. The subsequent Hussite Wars fell apart due to internal quarrels and did not result in religious or national independence for the Czechs, but both the Catholic Church and the German element within the country were weakened.', ""Under the Capetian dynasty France slowly began to expand its authority over the nobility, growing out of the Île-de-France to exert control over more of the country in the 11th and 12th centuries. They faced a powerful rival in the Dukes of Normandy, who in 1066 under William the Conqueror (duke 1035–1087), conquered England (r. 1066–87) and created a cross-channel empire that lasted, in various forms, throughout the rest of the Middle Ages. Normans also settled in Sicily and southern Italy, when Robert Guiscard (d. 1085) landed there in 1059 and established a duchy that later became the Kingdom of Sicily. Under the Angevin dynasty of Henry II (r. 1154–89) and his son Richard I (r. 1189–99), the kings of England ruled over England and large areas of France,[W] brought to the family by Henry II's marriage to Eleanor of Aquitaine (d. 1204), heiress to much of southern France.[X] Richard's younger brother John (r. 1199–1216) lost Normandy and the rest of the northern French possessions in 1204 to the French King Philip II Augustus (r. 1180–1223). This led to dissension among the English nobility, while John's financial exactions to pay for his unsuccessful attempts to regain Normandy led in 1215 to Magna Carta, a charter that confirmed the rights and privileges of free men in England. Under Henry III (r. 1216–72), John's son, further concessions were made to the nobility, and royal power was diminished. The French monarchy continued to make gains against the nobility during the late 12th and 13th centuries, bringing more territories within the kingdom under their personal rule and centralising the royal administration. Under Louis IX (r. 1226–70), royal prestige rose to new heights as Louis served as a mediator for most of Europe.[Y]""]","[0.6160873174667358, 0.4178493022918701, 0.40762758255004883]",0.6160873174667358,0.8080436587333679,0.7345750480890274,,0.6160873174667358,0.4691500961780548,,0.7676359228789806,0.0,0.8,flag
calibration,5727e0032ca10214002d9888,What was Oklahoma's high school dropout rate in 2007?,2.5 percent,5 percent,['2.5 percent'],['5 percent'],5 percent,['3.1'],True,1.0,1.0,"['The state is among the best in pre-kindergarten education, and the National Institute for Early Education Research rated it first in the United States with regard to standards, quality, and access to pre-kindergarten education in 2004, calling it a model for early childhood schooling. High school dropout rate decreased from 3.1 to 2.5 percent between 2007 and 2008 with Oklahoma ranked among 18 other states with 3 percent or less dropout rate. In 2004, the state ranked 36th in the nation for the relative number of adults with high school diplomas, though at 85.2 percent, it had the highest rate among southern states.', ""In the 1890s, the University of Chicago, fearful that its vast resources would injure smaller schools by drawing away good students, affiliated with several regional colleges and universities: Des Moines College, Kalamazoo College, Butler University, and Stetson University. In 1896, the university affiliated with Shimer College in Mount Carroll, Illinois. Under the terms of the affiliation, the schools were required to have courses of study comparable to those at the university, to notify the university early of any contemplated faculty appointments or dismissals, to make no faculty appointment without the university's approval, and to send copies of examinations for suggestions. The University of Chicago agreed to confer a degree on any graduating senior from an affiliated school who made a grade of A for all four years, and on any other graduate who took twelve weeks additional study at the University of Chicago. A student or faculty member of an affiliated school was entitled to free tuition at the University of Chicago, and Chicago students were eligible to attend an affiliated school on the same terms and receive credit for their work. The University of Chicago also agreed to provide affiliated schools with books and scientific apparatus and supplies at cost; special instructors and lecturers without cost except travel expenses; and a copy of every book and journal published by the University of Chicago Press at no cost. The agreement provided that either party could terminate the affiliation on proper notice. Several University of Chicago professors disliked the program, as it involved uncompensated additional labor on their part, and they believed it cheapened the academic reputation of the university. The program passed into history by 1910."", 'Private schooling in the United States has been debated by educators, lawmakers and parents, since the beginnings of compulsory education in Massachusetts in 1852. The Supreme Court precedent appears to favor educational choice, so long as states may set standards for educational accomplishment. Some of the most relevant Supreme Court case law on this is as follows: Runyon v. McCrary, 427 U.S. 160 (1976); Wisconsin v. Yoder, 406 U.S. 205 (1972); Pierce v. Society of Sisters, 268 U.S. 510 (1925); Meyer v. Nebraska, 262 U.S. 390 (1923).']","[0.7040316462516785, 0.316877543926239, 0.3015104830265045]",0.7040316462516785,0.8520158231258392,0.5226630438119173,,0.7040316462516785,0.04532608762383461,,0.6708717945031821,0.0,0.0,escalate
calibration,56fb7d7a8ddada1400cd6479,To what dynasty did Henry II belong?,Henry II belonged to the Capetian dynasty.,Henry II belonged to the Capetian dynasty.,['Henry II belonged to the Capetian dynasty.'],['Henry II belonged to the Capetian dynasty.'],Henry II belonged to the Capetian dynasty.,['Angevin'],True,1.0,1.0,"[""Under the Capetian dynasty France slowly began to expand its authority over the nobility, growing out of the Île-de-France to exert control over more of the country in the 11th and 12th centuries. They faced a powerful rival in the Dukes of Normandy, who in 1066 under William the Conqueror (duke 1035–1087), conquered England (r. 1066–87) and created a cross-channel empire that lasted, in various forms, throughout the rest of the Middle Ages. Normans also settled in Sicily and southern Italy, when Robert Guiscard (d. 1085) landed there in 1059 and established a duchy that later became the Kingdom of Sicily. Under the Angevin dynasty of Henry II (r. 1154–89) and his son Richard I (r. 1189–99), the kings of England ruled over England and large areas of France,[W] brought to the family by Henry II's marriage to Eleanor of Aquitaine (d. 1204), heiress to much of southern France.[X] Richard's younger brother John (r. 1199–1216) lost Normandy and the rest of the northern French possessions in 1204 to the French King Philip II Augustus (r. 1180–1223). This led to dissension among the English nobility, while John's financial exactions to pay for his unsuccessful attempts to regain Normandy led in 1215 to Magna Carta, a charter that confirmed the rights and privileges of free men in England. Under Henry III (r. 1216–72), John's son, further concessions were made to the nobility, and royal power was diminished. The French monarchy continued to make gains against the nobility during the late 12th and 13th centuries, bringing more territories within the kingdom under their personal rule and centralising the royal administration. Under Louis IX (r. 1226–70), royal prestige rose to new heights as Louis served as a mediator for most of Europe.[Y]"", ""The Normans were in contact with England from an early date. Not only were their original Viking brethren still ravaging the English coasts, they occupied most of the important ports opposite England across the English Channel. This relationship eventually produced closer ties of blood through the marriage of Emma, sister of Duke Richard II of Normandy, and King Ethelred II of England. Because of this, Ethelred fled to Normandy in 1013, when he was forced from his kingdom by Sweyn Forkbeard. His stay in Normandy (until 1016) influenced him and his sons by Emma, who stayed in Normandy after Cnut the Great's conquest of the isle."", 'By the Late Middle Ages, Great Britain was separated into the Kingdoms of England and Scotland. Power in Ireland fluxed between Gaelic kingdoms, Hiberno-Norman lords and the English-dominated Lordship of Ireland. A similar situation existed in the Principality of Wales, which was slowly being annexed into the Kingdom of England by a series of laws. During the course of the 15th century, the Crown of England would assert a claim to the Crown of France, thereby also releasing the King of England as from being vassal of the King of France. In 1534, King Henry VIII, at first having been a strong defender of Roman Catholicism in the face of the Reformation, separated from the Roman Church after failing to secure a divorce from the Pope. His response was to place the King of England as ""the only Supreme Head in Earth of the Church of England"", thereby removing the authority of the Pope from the affairs of the English Church. Ireland, which had been held by the King of England as Lord of Ireland, but which strictly speaking had been a feudal possession of the Pope since the Norman invasion was declared a separate kingdom in personal union with England.']","[0.5561481714248657, 0.3832799196243286, 0.3827800750732422]",0.5561481714248657,0.7780740857124329,0.7916062474250793,,0.5561481714248657,0.5832124948501587,,0.7855167746543885,0.0,0.0,flag
calibration,572eb7dfcb0c0d14000f14af,How did Frederick protect East Prussia when he went to invade Saxony?,"left with 25,000 soldiers to guard against incursions from Moravia or Hungary","left with 25,000 soldiers to guard against incursions from Moravia or Hungary","['left with 25,000 soldiers to guard against incursions from Moravia or Hungary']","['left with 25,000 soldiers to guard against incursions from Moravia or Hungary']","left with 25,000 soldiers to guard against incursions from Moravia or Hungary",['leaving Field Marshal Hans von Lehwaldt in East Prussia to guard against Russian invasion from the east'],True,1.0,1.0,"['Accordingly, leaving Field Marshal Count Kurt von Schwerin in Silesia with 25,000 soldiers to guard against incursions from Moravia or Hungary, and leaving Field Marshal Hans von Lehwaldt in East Prussia to guard against Russian invasion from the east, Frederick set off with his army for Saxony. The Prussian army marched in three columns. On the right was a column of about 15,000 men under the command of Prince Ferdinand of Brunswick. On the left was a column of 18,000 men under the command of the Duke of Brunswick-Bevern. In the centre was Frederick II, himself with Field Marshal James Keith commanding a corps of 30,000 troops. Ferdinand of Brunswick was to close in on the town of Chemnitz. The Duke of Brunswick-Bevern was to traverse Lusatia to close in on Bautzen. Meanwhile, Frederick and Field Marshal Keith would make for Dresden.', ""The British—by inclination as well as for practical reasons—had tended to avoid large-scale commitments of troops on the Continent. They sought to offset the disadvantage of this in Europe by allying themselves with one or more Continental powers whose interests were antithetical to those of their enemies, particularly France.:15–16 By subsidising the armies of continental allies, Britain could turn London's enormous financial power to military advantage. In the Seven Years' War, the British chose as their principal partner the greatest general of the day, Frederick the Great of Prussia, then the rising power in central Europe, and paid Frederick substantial subsidies for his campaigns.:106 This was accomplished in the Diplomatic Revolution of 1756, in which Britain ended its long-standing alliance with Austria in favor of Prussia, leaving Austria to side with France. In marked contrast to France, Britain strove to prosecute the war actively in the colonies, taking full advantage of its naval power. :64–66 The British pursued a dual strategy – naval blockade and bombardment of enemy ports, and rapid movement of troops by sea. They harassed enemy shipping and attacked enemy colonies, frequently using colonists from nearby British colonies in the effort."", 'In 1817 the Saxon Palace was requisitioned by Warsaw\'s Russian governor for military use, and the Warsaw Lyceum was reestablished in the Kazimierz Palace (today the rectorate of Warsaw University). Fryderyk and his family moved to a building, which still survives, adjacent to the Kazimierz Palace. During this period, Fryderyk was sometimes invited to the Belweder Palace as playmate to the son of the ruler of Russian Poland, Grand Duke Constantine; he played the piano for the Duke and composed a march for him. Julian Ursyn Niemcewicz, in his dramatic eclogue, ""Nasze Przebiegi"" (""Our Discourses"", 1818), attested to ""little Chopin\'s"" popularity.']","[0.5925077199935913, 0.47164011001586914, 0.3574267327785492]",0.5925077199935913,0.7962538599967957,0.7002278119325638,,0.5925077199935913,0.40045562386512756,,0.7434395335614682,0.0,0.28571428571428575,flag
calibration,572fc26a04bcaa1900d76c90,What did the literate segment of Greeks consider to be a part of their ethic lines ?,Hellenic,Hellenic,['Hellenic'],['Hellenic'],Hellenic,"['those educated, considered their ethnicity (genos) to be Hellenic']",True,1.0,1.0,"['For those that remained under the Ottoman Empire\'s millet system, religion was the defining characteristic of national groups (milletler), so the exonym ""Greeks"" (Rumlar from the name Rhomaioi) was applied by the Ottomans to all members of the Orthodox Church, regardless of their language or ethnic origin. The Greek speakers were the only ethnic group to actually call themselves Romioi, (as opposed to being so named by others) and, at least those educated, considered their ethnicity (genos) to be Hellenic. There were, however, many Greeks who escaped the second-class status of Christians inherent in the Ottoman millet system, according to which Muslims were explicitly awarded senior status and preferential treatment. These Greeks either emigrated, particularly to their fellow Greek Orthodox protector, the Russian Empire, or simply converted to Islam, often only very superficially and whilst remaining crypto-Christian. The most notable examples of large-scale conversion to Turkish Islam among those today defined as Greek Muslims - excluding those who had to convert as a matter of course on being recruited through the devshirme - were to be found in Crete (Cretan Turks), Greek Macedonia (for example among the Vallahades of western Macedonia), and among Pontic Greeks in the Pontic Alps and Armenian Highlands. Several Ottoman sultans and princes were also of part Greek origin, with mothers who were either Greek concubines or princesses from Byzantine noble families, one famous example being sultan Selim the Grim, whose mother Gülbahar Hatun was a Pontic Greek.', 'Greece is today relatively homogeneous in linguistic terms, with a large majority of the native population using Greek as their first or only language. Among the Greek-speaking population, speakers of the distinctive Pontic dialect came to Greece from Asia Minor after the Greek genocide and constitute a sizable group. The Cappadocian dialect came to Greece due to the genocide as well, but is endangered and is barely spoken now. Indigenous Greek dialects include the archaic Greek spoken by the Sarakatsani, traditionally transhument mountain shepherds of Greek Macedonia and other parts of Northern Greece. The Tsakonian language, a distinct Greek language deriving from Doric Greek instead of Ionic Greek, is still spoken in some villages in the southeastern Peloponnese.', 'Music was a major part of everyday life.[citation needed] The word itself derives from Greek μουσική (mousike), ""(art) of the Muses"". Many private and public events were accompanied by music, ranging from nightly dining to military parades and manoeuvres. In a discussion of any ancient music, however, non-specialists and even many musicians have to be reminded that much of what makes our modern music familiar to us is the result of developments only within the last 1,000 years; thus, our ideas of melody, scales, harmony, and even the instruments we use may not have been familiar to Romans who made and listened to music many centuries earlier.[citation needed]']","[0.47258371114730835, 0.45053327083587646, 0.4230404496192932]",0.47258371114730835,0.7362918555736542,0.7475185394287109,,0.47258371114730835,0.4950370788574219,,0.7424665316939354,0.0,0.19999999999999998,flag
calibration,5727baf24b864d1900163bb5,How many high-tech enterprises are present in the Mianyang Hi-Tech Industrial Development Zone ?,9,9,['9'],['9'],9,['136'],True,1.0,1.0,"['Mianyang Hi-Tech Industrial Development Zone was established in 1992, with a planned area of 43 km2 (17 sq mi). The zone is situated 96 kilometers away from Chengdu, and is 8 km (5.0 mi) away from Mianyang Airport. Since its establishment, the zone accumulated 177.4 billion yuan of industrial output, 46.2 billion yuan of gross domestic product, fiscal revenue 6.768 billion yuan. There are more than 136 high-tech enterprises in the zone and they accounted for more than 90% of the total industrial output.', ""Nanjing's airport, Lukou International Airport, serves both national and international flights. In 2013, Nanjing airport handled 15,011,792 passengers and 255,788.6 tonnes of freight. The airport currently has 85 routes to national and international destinations, which include Japan, Korea, Thailand, Malaysia, Singapore, USA and Germany. The airport is connected by a 29-kilometre (18 mi) highway directly to the city center, and is also linked to various intercity highways, making it accessible to the passengers from the surrounding cities. A railway Ninggao Intercity Line is being built to link the airport with Nanjing South Railway Station. Lukou Airport was opened on 28 June 1997, replacing Nanjing Dajiaochang Airport as the main airport serving Nanjing. Dajiaochang Airport is still used as a military air base."", ""In 2012, the city contained a total of 594 high-rise buildings, with 8 under construction, 71 planned and 39 at proposal stage making the city's skyline the second largest in Australia. The CBD is dominated by modern office buildings including the Rialto Towers (1986), built on the site of several grand classical Victorian buildings, two of which — the Rialto Building (1889) designed by William Pitt and the Winfield Building (1890) designed by Charles D'Ebro and Richard Speight — still remain today and more recently hi-rise apartment buildings including Eureka Tower (2006), which is listed as the 13th tallest residential building in the world in January 2014.""]","[0.7572237849235535, 0.30697768926620483, 0.3059898614883423]",0.7572237849235535,0.8786118924617767,0.5182419270277023,,0.7572237849235535,0.03648385405540466,,0.6804084114730358,0.0,0.0,escalate
calibration,57324f330fdd8d15006c6958,What general was considered a potential Republican presidential candidate in 1948?,Eisenhower,Eisenhower,['Eisenhower'],['Eisenhower'],Eisenhower,['MacArthur'],True,1.0,1.0,"['In June 1943 a visiting politician had suggested to Eisenhower that he might become President of the United States after the war. Believing that a general should not participate in politics, one author later wrote that ""figuratively speaking, [Eisenhower] kicked his political-minded visitor out of his office"". As others asked him about his political future, Eisenhower told one that he could not imagine wanting to be considered for any political job ""from dogcatcher to Grand High Supreme King of the Universe"", and another that he could not serve as Army Chief of Staff if others believed he had political ambitions. In 1945 Truman told Eisenhower during the Potsdam Conference that if desired, the president would help the general win the 1948 election, and in 1947 he offered to run as Eisenhower\'s running mate on the Democratic ticket if MacArthur won the Republican nomination.', ""By summer of 2003, Howard Dean had become the apparent front runner for the Democratic nomination, performing strongly in most polls and leading the pack with the largest campaign war chest. Dean's strength as a fund raiser was attributed mainly to his embrace of the Internet for campaigning. The majority of his donations came from individual supporters, who became known as Deanites, or, more commonly, Deaniacs. Generally regarded as a pragmatic centrist during his time as governor, Dean emerged during his presidential campaign as a left-wing populist, denouncing the policies of the Bush administration (especially the 2003 invasion of Iraq) as well as fellow Democrats, who, in his view, failed to strongly oppose them. Senator Lieberman, a liberal on domestic issues but a hawk on the War on Terror, failed to gain traction with liberal Democratic primary voters."", ""Democrats were elected to the legislature and governor's office, but the Populists attracted voters displeased with them. In 1896 a biracial, Populist-Republican Fusionist coalition gained the governor's office. The Democrats regained control of the legislature in 1896 and passed laws to impose Jim Crow and racial segregation of public facilities. Voters of North Carolina's 2nd congressional district elected a total of four African-American congressmen through these years of the late 19th century.""]","[0.5960328578948975, 0.3787713050842285, 0.3507400155067444]",0.5960328578948975,0.7980164289474487,0.7082379162311554,,0.5960328578948975,0.4164758324623108,,0.7486382469534874,0.0,0.0,flag
calibration,5726a3bf5951b619008f78a3,What date was Live Aid?,13 July 1985,13 July 1985,['13 July 1985'],['13 July 1985'],13 July 1985,['13 July 1985'],True,1.0,1.0,"['At Live Aid, held at Wembley on 13 July 1985, in front of the biggest-ever TV audience of 1.9 billion, Queen performed some of their greatest hits, during which the sold-out stadium audience of 72,000 people clapped, sang, and swayed in unison. The show\'s organisers, Bob Geldof and Midge Ure, other musicians such as Elton John, Cliff Richard and Dave Grohl, and music journalists writing for the BBC, CNN, Rolling Stone, MTV, The Telegraph among others, stated that Queen stole the show. An industry poll in 2005 ranked it the greatest rock performance of all time. Mercury\'s powerful, sustained note during the a cappella section came to be known as ""The Note Heard Round the World"".', 'In 2012, the government of St. Helena funded the creation of the St. Helena Human Rights Action Plan 2012-2015. Work is being done under this action plan, including publishing awareness-raising articles in local newspapers, providing support for members of the public with human rights queries, and extending several UN Conventions on human rights to St. Helena.', 'The Tuvalu Government carried out assessments of the damage caused by Cyclone Pam to the islands and has provided medical aid, food as well as assistance for the cleaning-up of storm debris. Government and Non-Government Organisations provided assistance technical, funding and material support to Tuvalu to assist with recovery, including WHO, UNICEF, UNDP, OCHA, World Bank, DFAT, New Zealand Red Cross & IFRC, Fiji National University and governments of New Zealand, Netherlands, UAE, Taiwan and the United States.']","[0.3837892413139343, 0.24985358119010925, 0.24789567291736603]",0.3837892413139343,0.6918946206569672,0.5528754368424416,,0.3837892413139343,0.10575087368488312,,0.6154340695589782,1.0,1.0,escalate
calibration,572ea780dfa6aa1500f8d25d,Were the British successful in stopping the building of Fort Duquesne?,Yes,Yes,['Yes'],['Yes'],Yes,['British attempts to halt this fort construction were unsuccessful'],True,1.0,1.0,"['The most important French fort planned was intended to occupy a position at ""the Forks"" where the Allegheny and Monongahela Rivers meet to form the Ohio River (present day Pittsburgh, Pennsylvania). Peaceful British attempts to halt this fort construction were unsuccessful, and the French proceeded to build the fort they named Fort Duquesne. British colonial militia from Virginia were then sent to drive them out. Led by George Washington, they ambushed a small French force at Jumonville Glen on 28 May 1754 killing ten, including commander Jumonville. The French retaliated by attacking Washington\'s army at Fort Necessity on 3 July 1754 and forced Washington to surrender.', 'Braddock (with George Washington as one of his aides) led about 1,500 army troops and provincial militia on an expedition in June 1755 to take Fort Duquesne. The expedition was a disaster. It was attacked by French and Indian soldiers ambushing them from up in trees and behind logs. Braddock called for a retreat. He was killed. Approximately 1,000 British soldiers were killed or injured. The remaining 500 British troops, led by George Washington, retreated to Virginia. Two future opponents in the American Revolutionary War, Washington and Thomas Gage, played key roles in organizing the retreat.', ""In the First World War, Devonport was the headquarters of Western Approaches Command until 1941 and Sunderland flying boats were operated by the Royal Australian Air Force. It was an important embarkation point for US troops for D-Day. The city was heavily bombed by the Luftwaffe, in a series of 59 raids known as the Plymouth Blitz. Although the dockyards were the principal targets, much of the city centre and over 3,700 houses were completely destroyed and more than 1,000 civilians lost their lives. This was largely due to Plymouth's status as a major port Charles Church was hit by incendiary bombs and partially destroyed in 1941 during the Blitz, but has not been demolished, as it is now an official permanent monument to the bombing of Plymouth during World War II.""]","[0.6220055818557739, 0.5563256740570068, 0.3886123299598694]",0.6220055818557739,0.811002790927887,0.48387062177062035,,0.6220055818557739,-0.03225875645875931,,0.6310800978913904,0.0,0.0,escalate
calibration,56be97c73aeaaa14008c912a,Beyonce would take a break from music in which year?,2010,2010,['2010'],['2010'],2010,['2010'],True,1.0,1.0,"['Beyoncé announced a hiatus from her music career in January 2010, heeding her mother\'s advice, ""to live life, to be inspired by things again"". During the break she and her father parted ways as business partners. Beyoncé\'s musical break lasted nine months and saw her visit multiple European cities, the Great Wall of China, the Egyptian pyramids, Australia, English music festivals and various museums and ballet performances.', 'Her first acting role of 2006 was in the comedy film The Pink Panther starring opposite Steve Martin, grossing $158.8 million at the box office worldwide. Her second film Dreamgirls, the film version of the 1981 Broadway musical loosely based on The Supremes, received acclaim from critics and grossed $154 million internationally. In it, she starred opposite Jennifer Hudson, Jamie Foxx, and Eddie Murphy playing a pop singer based on Diana Ross. To promote the film, Beyoncé released ""Listen"" as the lead single from the soundtrack album. In April 2007, Beyoncé embarked on The Beyoncé Experience, her first worldwide concert tour, visiting 97 venues and grossed over $24 million.[note 1] Beyoncé conducted pre-concert food donation drives during six major stops in conjunction with her pastor at St. John\'s and America\'s Second Harvest. At the same time, B\'Day was re-released with five additional songs, including her duet with Shakira ""Beautiful Liar"".', 'In 2011, documents obtained by WikiLeaks revealed that Beyoncé was one of many entertainers who performed for the family of Libyan ruler Muammar Gaddafi. Rolling Stone reported that the music industry was urging them to return the money they earned for the concerts; a spokesperson for Beyoncé later confirmed to The Huffington Post that she donated the money to the Clinton Bush Haiti Fund. Later that year she became the first solo female artist to headline the main Pyramid stage at the 2011 Glastonbury Festival in over twenty years, and was named the highest-paid performer in the world per minute.']","[0.6761150360107422, 0.5042309165000916, 0.4216483533382416]",0.6761150360107422,0.8380575180053711,0.5275678187608719,,0.6761150360107422,0.055135637521743774,,0.6672881834208966,1.0,1.0,escalate
calibration,572f8ddea23a5019007fc737,What nationality can tolerate the least amount of electric shock?,Italian,Italian,['Italian'],['Italian'],Italian,['Italian'],True,1.0,1.0,"['Differences in pain perception and tolerance thresholds are associated with, among other factors, ethnicity, genetics, and sex. People of Mediterranean origin report as painful some radiant heat intensities that northern Europeans describe as nonpainful. And Italian women tolerate less intense electric shock than Jewish or Native American women. Some individuals in all cultures have significantly higher than normal pain perception and tolerance thresholds. For instance, patients who experience painless heart attacks have higher pain thresholds for electric shock, muscle cramp and heat.', 'Since incandescent light bulbs use more energy than alternatives such as CFLs and LED lamps, many governments have introduced measures to ban their use, by setting minimum efficacy standards higher than can be achieved by incandescent lamps. Measures to ban light bulbs have been implemented in the European Union, the United States, Russia, Brazil, Argentina, Canada and Australia, among others. In the Europe the EC has calculated that the ban contributes 5 to 10 billion euros to the economy and saves 40 TWh of electricity every year, translating in CO2 emission reductions of 15 million tonnes.', 'Despite being relatively unaffected by the embargo, the UK nonetheless faced an oil crisis of its own - a series of strikes by coal miners and railroad workers over the winter of 1973–74 became a major factor in the change of government. Heath asked the British to heat only one room in their houses over the winter. The UK, Germany, Italy, Switzerland and Norway banned flying, driving and boating on Sundays. Sweden rationed gasoline and heating oil. The Netherlands imposed prison sentences for those who used more than their ration of electricity.']","[0.5574670433998108, 0.3484881520271301, 0.3275572955608368]",0.5574670433998108,0.7787335216999054,0.5423027873039246,,0.5574670433998108,0.08460557460784912,,0.6486966177821161,1.0,1.0,escalate
calibration,56d003cd234ae51400d9c257,How many people attended Broadway shows during the 2013-2014 season?,12.21 million,21 million,['12.21 million'],['21 million'],21 million,['12.21 million'],True,1.0,1.0,"['Forty of the city\'s theaters, with more than 500 seats each, are collectively known as Broadway, after the major thoroughfare that crosses the Times Square Theater District, sometimes referred to as ""The Great White Way"". According to The Broadway League, Broadway shows sold approximately US$1.27 billion worth of tickets in the 2013–2014 season, an 11.4% increase from US$1.139 billion in the 2012–2013 season. Attendance in 2013–2014 stood at 12.21 million, representing a 5.5% increase from the 2012–2013 season\'s 11.57 million.', ""The finals are broadcast in prime time from CBS Television City in Los Angeles, in front of a live studio audience. The finals lasted eight weeks in season one, eleven weeks in subsequent seasons until seasons ten and eleven which lasted twelve weeks except for season twelve, which lasted ten weeks, and season thirteen, which lasted for thirteen weeks. Each finalist performs songs based on a weekly theme which may be a musical genre such as Motown, disco, or big band, songs by artists such as Michael Jackson, Elvis Presley or The Beatles, or more general themes such as Billboard Number 1 hits or songs from the contestant's year of birth. Contestants usually work with a celebrity mentor related to the theme. In season ten, Jimmy Iovine was brought in as a mentor for the season. Initially the contestants sing one song each week, but this is increased to two songs from top four or five onwards, then three songs for the top two or three."", 'On February 14, 2009, The Walt Disney Company debuted ""The American Idol Experience"" at its Disney\'s Hollywood Studios theme park at the Walt Disney World Resort in Florida. In this live production, co-produced by 19 Entertainment, park guests chose from a list of songs and auditioned privately for Disney cast members. Those selected then performed on a stage in a 1000-seat theater replicating the Idol set. Three judges, whose mannerisms and style mimicked those of the real Idol judges, critiqued the performances. Audience members then voted for their favorite performer. There were several preliminary-round shows during the day that culminated in a ""finals"" show in the evening where one of the winners of the previous rounds that day was selected as the overall winner. The winner of the finals show received a ""Dream Ticket"" that granted them front-of-the-line privileges at any future American Idol audition. The attraction closed on August 30, 2014.']","[0.6773163676261902, 0.40639689564704895, 0.40246179699897766]",0.6773163676261902,0.8386581838130951,0.6481955945491791,,0.6773163676261902,0.29639118909835815,,0.7339037597179414,0.0,0.5,flag
calibration,57096337ed30961900e84058,When did the era of planning start in Himachal Pradesh?,1948,1948,['1948'],['1948'],1948,['1948'],True,1.0,1.0,"['The era of planning in Himachal Pradesh started 1948 along with the rest of India. The first five-year plan allocated ₹ 52.7 million to Himachal. More than 50% of this expenditure was incurred on road construction since it was felt that without proper transport facilities, the process of planning and development could not be carried to the people, who mostly lived an isolated existence in far away areas. Himachal now ranks fourth in respect of per capita income among the states of the Indian Union.', ""After independence, the Chief Commissioner's Province of H.P. came into being on 15 April 1948 as a result of integration of 28 petty princely states (including feudal princes and zaildars) in the promontories of the western Himalaya, known in full as the Simla Hills States and four Punjab southern hill states by issue of the Himachal Pradesh (Administration) Order, 1948 under Sections 3 and 4 of the Extra-Provincial Jurisdiction Act, 1947 (later renamed as the Foreign Jurisdiction Act, 1947 vide A.O. of 1950). The State of Bilaspur was merged in the Himachal Pradesh on 1 April 1954 by the Himachal Pradesh and Bilaspur (New State) Act, 1954. Himachal became a part C state on 26 January 1950 with the implementation of the Constitution of India and the Lt. Governor was appointed. Legislative Assembly was elected in 1952. Himachal Pradesh became a union territory on 1 November 1956. Following area of Punjab State namely Simla, Kangra, Kulu and Lahul and Spiti Districts, Nalagarh tehsil of Ambala District, Lohara, Amb and Una kanungo circles, some area of Santokhgarh kanungo circle and some other specified area of Una tehsil of Hoshiarpur District besides some parts of Dhar Kalan Kanungo circle of Pathankot tehsil of Gurdaspur District; were merged with Himachal Pradesh on 1 November 1966 on enactment of Punjab Reorganisation Act, 1966 by the Parliament. On 18 December 1970, the State of Himachal Pradesh Act was passed by Parliament and the new state came into being on 25 January 1971. Thus Himachal emerged as the 18th state of the Indian Union."", 'The Theravada school spread south from India in the 3rd century BCE, to Sri Lanka and Thailand and Burma and later also Indonesia. The Dharmagupta school spread (also in 3rd century BCE) north to Kashmir, Gandhara and Bactria (Afghanistan).']","[0.7650934457778931, 0.4820922017097473, 0.3427273631095886]",0.7650934457778931,0.8825467228889465,0.607593946158886,,0.7650934457778931,0.2151878923177719,,0.7313226956874133,1.0,1.0,flag
calibration,5706a32275f01819005e7c98,"When was Phuture's ""Acid Tracks"" released?",1987,1987,['1987'],['1987'],1987,['1987'],True,1.0,1.0,"['Acid house arose from Chicago artists\' experiments with the squelchy Roland TB-303 bass synthesizer, and the style\'s origins on vinyl is generally cited as Phuture\'s ""Acid Tracks"" (1987). Phuture, a group founded by Nathan ""DJ Pierre"" Jones, Earl ""Spanky"" Smith Jr., and Herbert ""Herb J"" Jackson, is credited with having been the first to use the TB-303 in the house music context. The group\'s 12-minute ""Acid Tracks"" was recorded to tape and was played by DJ Ron Hardy at the Music Box, where Hardy was resident DJ. Hardy once played it four times over the course of an evening until the crowd responded favorably. The track also utilized a Roland TR-707 drum machine.', 'Much of its technology and ideas were incorporated into the definition of ISO MPEG Audio Layer I and Layer II and the filter bank alone into Layer III (MP3) format as part of the computationally inefficient hybrid filter bank. Under the chairmanship of Professor Musmann (University of Hannover) the editing of the standard was made under the responsibilities of Leon van de Kerkhof (Layer I) and Gerhard Stoll (Layer II).', 'The lateral cut NAB curve was remarkably similar to the NBC Orthacoustic curve that evolved from practices within the National Broadcasting Company since the mid-1930s. Empirically, and not by any formula, it was learned that the bass end of the audio spectrum below 100 Hz could be boosted somewhat to override system hum and turntable rumble noises. Likewise at the treble end beginning at 1,000 Hz, if audio frequencies were boosted by 16 dB at 10,000 Hz the delicate sibilant sounds of speech and high overtones of musical instruments could survive the noise level of cellulose acetate, lacquer/aluminum, and vinyl disc media. When the record was played back using a complementary inverse curve, signal-to-noise ratio was improved and the programming sounded more lifelike.']","[0.6361645460128784, 0.25959864258766174, 0.25863558053970337]",0.6361645460128784,0.8180822730064392,0.5428573712706566,,0.6361645460128784,0.08571474254131317,,0.6667085770517589,1.0,1.0,escalate
calibration,5728ac7b2ca10214002da598,How much of Alaskan state revenue comes from petroleum extraction?,6.75 percent,75 percent,['6.75 percent'],['75 percent'],75 percent,['80%'],True,1.0,1.0,"[""The 2007 gross state product was $44.9 billion, 45th in the nation. Its per capita personal income for 2007 was $40,042, ranking 15th in the nation. According to a 2013 study by Phoenix Marketing International, Alaska had the fifth-largest number of millionaires per capita in the United States, with a ratio of 6.75 percent. The oil and gas industry dominates the Alaskan economy, with more than 80% of the state's revenues derived from petroleum extraction. Alaska's main export product (excluding oil and natural gas) is seafood, primarily salmon, cod, Pollock and crab."", 'In 1973, Nixon named William E. Simon as the first Administrator of the Federal Energy Office, a short-term organization created to coordinate the response to the embargo. Simon allocated states the same amount of domestic oil for 1974 that each had consumed in 1972, which worked for states whose populations were not increasing. In other states, lines at gasoline stations were common. The American Automobile Association reported that in the last week of February 1974, 20% of American gasoline stations had no fuel.', 'Shell was vertically integrated and is active in every area of the oil and gas industry, including exploration and production, refining, distribution and marketing, petrochemicals, power generation and trading. It has minor renewable energy activities in the form of biofuels and wind. It has operations in over 90 countries, produces around 3.1 million barrels of oil equivalent per day and has 44,000 service stations worldwide. Shell Oil Company, its subsidiary in the United States, is one of its largest businesses.']","[0.6515681743621826, 0.37958502769470215, 0.3682250678539276]",0.6515681743621826,0.8257840871810913,0.5840053260326385,,0.6515681743621826,0.1680106520652771,,0.6928057685494424,0.0,0.0,escalate
calibration,5730338eb2c2fd1400568a62,Why are older neighborhoods in San Diego popular with cyclists?,Because of strict low-density zoning laws.,Because of strict low-density zoning laws.,['Because of strict low-density zoning laws.'],['Because of strict low-density zoning laws.'],Because of strict low-density zoning laws.,['the grid street patterns'],True,1.0,1.0,"[""San Diego's roadway system provides an extensive network of routes for travel by bicycle. The dry and mild climate of San Diego makes cycling a convenient and pleasant year-round option. At the same time, the city's hilly, canyon-like terrain and significantly long average trip distances—brought about by strict low-density zoning laws—somewhat restrict cycling for utilitarian purposes. Older and denser neighborhoods around the downtown tend to be utility cycling oriented. This is partly because of the grid street patterns now absent in newer developments farther from the urban core, where suburban style arterial roads are much more common. As a result, a vast majority of cycling-related activities are recreational. Testament to San Diego's cycling efforts, in 2006, San Diego was rated as the best city for cycling for U.S. cities with a population over 1 million."", ""The U.S. Census Bureau reported that in 2000, 24.0% of San Diego residents were under 18, and 10.5% were 65 and over. As of 2011[update] the median age was 35.6; more than a quarter of residents were under age 20 and 11% were over age 65. Millennials (ages 18 through 34) constitute 27.1% of San Diego's population, the second-highest percentage in a major U.S. city. The San Diego County regional planning agency, SANDAG, provides tables and graphs breaking down the city population into 5-year age groups."", 'In recent years the city government, under Mayor Manny Diaz, has taken an ambitious stance in support of bicycling in Miami for both recreation and commuting. Every month, the city hosts ""Bike Miami"", where major streets in Downtown and Brickell are closed to automobiles, but left open for pedestrians and bicyclists. The event began in November 2008, and has doubled in popularity from 1,500 participants to about 3,000 in the October 2009 Bike Miami. This is the longest-running such event in the US. In October 2009, the city also approved an extensive 20-year plan for bike routes and paths around the city. The city has begun construction of bike routes as of late 2009, and ordinances requiring bike parking in all future construction in the city became mandatory as of October 2009.']","[0.7268696427345276, 0.49419713020324707, 0.462855726480484]",0.7268696427345276,0.8634348213672638,0.646211177110672,,0.7268696427345276,0.292422354221344,,0.7439618170261384,0.0,0.0,flag
calibration,570db36a16d0071400510d03,In what areas of public service were Eritreans particularly employed?,urban,urban,['urban'],['urban'],urban,['police and public works departments'],True,1.0,1.0,"['In 1888, the Italian administration launched its first development projects in the new colony. The Eritrean Railway was completed to Saati in 1888, and reached Asmara in the highlands in 1911. The Asmara–Massawa Cableway was the longest line in the world during its time, but was later dismantled by the British in World War II. Besides major infrastructural projects, the colonial authorities invested significantly in the agricultural sector. It also oversaw the provision of urban amenities in Asmara and Massawa, and employed many Eritreans in public service, particularly in the police and public works departments. Thousands of Eritreans were concurrently enlisted in the army, serving during the Italo-Turkish War in Libya as well as the First and second Italo-Abyssinian Wars.', 'However, Eritrea still faces many challenges. Despite number of physicians increasing from only 0.2 in 1993 to 0.5 in 2004 per 1000 population, this is still very low. Malaria and tuberculosis are common in Eritrea. HIV prevalence among the 15–49 group exceeds 2%. The fertility rate is at about 5 births per woman. Maternal mortality dropped by more than half from 1995 to 2002, although the figure is still high. Similarly, between 1995 and 2002, the number of births attended by skilled health personnel has doubled but still is only 28.3%. A major cause of death in neonates is by severe infection. Per capita expenditure on health is low in Eritrea.', 'In the 1950s, the Ethiopian feudal administration under Emperor Haile Selassie sought to annex Eritrea and Italian Somaliland. He laid claim to both territories in a letter to Franklin D. Roosevelt at the Paris Peace Conference and at the First Session of the United Nations. In the United Nations, the debate over the fate of the former Italian colonies continued. The British and Americans preferred to cede all of Eritrea except the Western province to the Ethiopians as a reward for their support during World War II. The Independence Bloc of Eritrean parties consistently requested from the UN General Assembly that a referendum be held immediately to settle the Eritrean question of sovereignty.']","[0.5602355599403381, 0.4949839115142822, 0.46419864892959595]",0.5602355599403381,0.7801177799701691,0.4912515999749303,,0.5602355599403381,-0.017496800050139427,,0.6212413809727878,0.0,0.0,escalate
calibration,5726aef75951b619008f7a34,What are two major divisions of literature?,"fiction/non-fiction, poetry/prose","fiction/non-fiction, poetry/prose","['fiction/non-fiction, poetry/prose']","['fiction/non-fiction, poetry/prose']","fiction/non-fiction, poetry/prose",['fiction or non-fiction'],True,1.0,1.0,"['Literature consists of written productions, often restricted to those deemed to have artistic or intellectual value. Its Latin root literatura/litteratura (derived itself from littera, letter or handwriting) was used to refer to all written accounts, but intertwined with the roman concept of cultura: learning or cultivation. Literature often uses language differently than ordinary language (see literariness). Literature can be classified according to whether it is fiction or non-fiction and whether it is poetry or prose; it can be further distinguished according to major forms such as the novel, short story or drama; and works are often categorised according to historical periods or their adherence to certain aesthetic features or expectations (genre).', 'While comics are often the work of a single creator, the labour of making them is frequently divided between a number of specialists. There may be separate writers and artists, and artists may specialize in parts of the artwork such as characters or backgrounds, as is common in Japan. Particularly in American superhero comic books, the art may be divided between a penciller, who lays out the artwork in pencil; an inker, who finishes the artwork in ink; a colourist; and a letterer, who adds the captions and speech balloons.', ""In parallel, however, the 19th century saw a Catalan literary revival (Renaixença), which has continued up to the present day. This period starts with Aribau's Ode to the Homeland (1833); followed in the second half of the 19th century, and the early 20th by the work of Verdaguer (poetry), Oller (realist novel), and Guimerà (drama).""]","[0.5768680572509766, 0.35387152433395386, 0.2807084918022156]",0.5768680572509766,0.7884340286254883,0.7476354986429214,,0.5768680572509766,0.4952709972858429,,0.7659948371350767,0.0,0.0,flag
calibration,572f63e6b2c2fd14005680a7,What is the other issue that comes to sight when using electrification system?,connecting intercity lines with sections electrified for commuter traffic,connecting intercity lines with sections electrified for commuter traffic,['connecting intercity lines with sections electrified for commuter traffic'],['connecting intercity lines with sections electrified for commuter traffic'],connecting intercity lines with sections electrified for commuter traffic,['connections between different electrical services'],True,1.0,1.0,"['Additionally, there are issues of connections between different electrical services, particularly connecting intercity lines with sections electrified for commuter traffic, but also between commuter lines built to different standards. This can cause electrification of certain connections to be very expensive simply because of the implications on the sections it is connecting. Many lines have come to be overlaid with multiple electrification standards for different trains to avoid having to replace the existing rolling stock on those lines. Obviously, this requires that the economics of a particular connection must be more compelling and this has prevented complete electrification of many lines. In a few cases, there are diesel trains running along completely electrified routes and this can be due to incompatibility of electrification standards along the route.', 'To prevent the risk of out-of-phase supplies mixing, sections of line fed from different feeder stations must be kept strictly isolated. This is achieved by Neutral Sections (also known as Phase Breaks), usually provided at feeder stations and midway between them although, typically, only half are in use at any time, the others being provided to allow a feeder station to be shut down and power provided from adjacent feeder stations. Neutral Sections usually consist of an earthed section of wire which is separated from the live wires on either side by insulating material, typically ceramic beads, designed so that the pantograph will smoothly run from one section to the other. The earthed section prevents an arc being drawn from one live section to the other, as the voltage difference may be higher than the normal system voltage if the live sections are on different phases and the protective circuit breakers may not be able to safely interrupt the considerable current that would flow. To prevent the risk of an arc being drawn across from one section of wire to earth, when passing through the neutral section, the train must be coasting and the circuit breakers must be open. In many cases, this is done manually by the drivers. To help them, a warning board is provided just before both the neutral section and an advance warning some distance before. A further board is then provided after the neutral section to tell drivers to re-close the circuit breaker, although drivers must not do this until the rear pantograph has passed this board. In the UK, a system known as Automatic Power Control (APC) automatically opens and closes the circuit breaker, this being achieved by using sets of permanent magnets alongside the track communicating with a detector on the train. The only action needed by the driver is to shut off power and coast and therefore warning boards are still provided at and on the approach to neutral sections.', 'Besides increased efficiency of power plants, there was an increase in efficiency (between 1950 and 1973) of the railway utilization of this electricity with energy-intensity dropping from 218 to 124 kwh/10,000 gross tonne-km (of both passenger and freight trains) or a 43% drop. Since energy-intensity is the inverse of energy-efficiency it drops as efficiency goes up. But most of this 43% decrease in energy-intensity also benefited diesel traction. The conversion of wheel bearings from plain to roller, increase of train weight, converting single track lines to double track (or partially double track), and the elimination of obsolete 2-axle freight cars increased the energy-efficiency of all types of traction: electric, diesel, and steam. However, there remained a 12–15% reduction of energy-intensity that only benefited electric traction (and not diesel). This was due to improvements in locomotives, more widespread use of regenerative braking (which in 1989 recycled 2.65% of the electric energy used for traction,) remote control of substations, better handling of the locomotive by the locomotive crew, and improvements in automation. Thus the overall efficiency of electric traction as compared to diesel more than doubled between 1950 and the mid-1970s in the Soviet Union. But after 1974 (thru 1980) there was no improvement in energy-intensity (wh/tonne-km) in part due to increasing speeds of passenger and freight trains.']","[0.505473792552948, 0.3738519847393036, 0.364576518535614]",0.505473792552948,0.752736896276474,0.8212928175926208,,0.505473792552948,0.6425856351852417,,0.7904426530003548,0.0,0.0,accept
calibration,572f7d6f04bcaa1900d76a1d,What is generally the hottest month in Hyderabad?,December,December,['December'],['December'],December,['May'],True,1.0,1.0,"['Hyderabad has a tropical wet and dry climate (Köppen Aw) bordering on a hot semi-arid climate (Köppen BSh). The annual mean temperature is 26.6 °C (79.9 °F); monthly mean temperatures are 21–33 °C (70–91 °F). Summers (March–June) are hot and humid, with average highs in the mid-to-high 30s Celsius; maximum temperatures often exceed 40 °C (104 °F) between April and June. The coolest temperatures occur in December and January, when the lowest temperature occasionally dips to 10 °C (50 °F). May is the hottest month, when daily temperatures range from 26 to 39 °C (79–102 °F); December, the coldest, has temperatures varying from 14.5 to 28 °C (57–82 °F).', ""Hyderabad (i/ˈhaɪdərəˌbæd/ HY-dər-ə-bad; often /ˈhaɪdrəˌbæd/) is the capital of the southern Indian state of Telangana and de jure capital of Andhra Pradesh.[A] Occupying 650 square kilometres (250 sq mi) along the banks of the Musi River, it has a population of about 6.7 million and a metropolitan population of about 7.75 million, making it the fourth most populous city and sixth most populous urban agglomeration in India. At an average altitude of 542 metres (1,778 ft), much of Hyderabad is situated on hilly terrain around artificial lakes, including Hussain Sagar—predating the city's founding—north of the city centre."", ""Due to great differences in terrain, the climate of the province is highly variable. In general it has strong monsoonal influences, with rainfall heavily concentrated in the summer. Under the Köppen climate classification, the Sichuan Basin (including Chengdu) in the eastern half of the province experiences a humid subtropical climate (Köppen Cwa or Cfa), with long, hot, humid summers and short, mild to cool, dry and cloudy winters. Consequently, it has China's lowest sunshine totals. The western region has mountainous areas producing a cooler but sunnier climate. Having cool to very cold winters and mild summers, temperatures generally decrease with greater elevation. However, due to high altitude and its inland location, many areas such as Garze County and Zoige County in Sichuan exhibit a subarctic climate (Köppen Dwc)- featuring extremely cold winters down to -30 °C and even cold summer nights. The region is geologically active with landslides and earthquakes. Average elevation ranges from 2,000 to 3,500 meters; average temperatures range from 0 to 15 °C. The southern part of the province, including Panzhihua and Xichang, has a sunny climate with short, very mild winters and very warm to hot summers.""]","[0.7924829721450806, 0.5608289837837219, 0.3963380455970764]",0.7924829721450806,0.8962414860725403,0.6147020757198334,,0.7924829721450806,0.22940415143966675,,0.7413948103785515,0.0,0.0,flag
calibration,572f6be0947a6a140053c939,How is information stored in a navigational system?,"In the navigational approach, all of this data would be placed in a single record, and unused items would simply not be placed in the database.","In the navigational approach, all of this data would be placed in a single record, and unused items would simply not be placed in the database.","['In the navigational approach, all of this data would be placed in a single record, and unused items would simply not be placed in the database.']","['In the navigational approach, all of this data would be placed in a single record, and unused items would simply not be placed in the database.']","In the navigational approach, all of this data would be placed in a single record, and unused items would simply not be placed in the database.",['in a single record'],True,1.0,1.0,"['For instance, a common use of a database system is to track information about users, their name, login information, various addresses and phone numbers. In the navigational approach all of this data would be placed in a single record, and unused items would simply not be placed in the database. In the relational approach, the data would be normalized into a user table, an address table and a phone number table (for instance). Records would be created in these optional tables only if the address or phone numbers were actually provided.', 'The ranging signals are based on the CDMA principle and have complex structure typical of Galileo or modernized GPS. Similar to the other GNSS, there will be two levels of positioning service: open and restricted (military). The public service shall be available globally to general users. When all the currently planned GNSS systems are deployed, the users will benefit from the use of a total constellation of 75+ satellites, which will significantly improve all the aspects of positioning, especially availability of the signals in so-called urban canyons. The general designer of the COMPASS navigation system is Sun Jiadong, who is also the general designer of its predecessor, the original BeiDou navigation system.', 'The passenger cabs are mechanically separated from the lift mechanism, thus allowing the elevator shafts to be used continuously while passengers board and embark from the cabs, as well as move through show scenes on various floors. The passenger cabs, which are automated guided vehicles or AGVs, move into the vertical motion shaft and lock themselves in before the elevator starts moving vertically. Multiple elevator shafts are used to further improve passenger throughput. The doorways of the top few ""floors"" of the attraction are open to the outdoor environment, thus allowing passengers to look out from the top of the structure.']","[0.6136437654495239, 0.3623964190483093, 0.29323530197143555]",0.6136437654495239,0.806821882724762,0.7323517799377441,,0.6136437654495239,0.4647035598754883,,0.7658633261919021,0.0,0.23076923076923078,flag
calibration,572edbbfcb0c0d14000f1616,Which societal values had become world-wide by 1914?,Western society,Western society,['Western society'],['Western society'],Western society,['Western'],True,2.0,0.5,"[""The correlation between capitalism, aristocracy, and imperialism has long been debated among historians and political theorists. Much of the debate was pioneered by such theorists as J. A. Hobson (1858–1940), Joseph Schumpeter (1883–1950), Thorstein Veblen (1857–1929), and Norman Angell (1872–1967). While these non-Marxist writers were at their most prolific before World War I, they remained active in the interwar years. Their combined work informed the study of imperialism and it's impact on Europe, as well as contributed to reflections on the rise of the military-political complex in the United States from the 1950s. Hobson argued that domestic social reforms could cure the international disease of imperialism by removing its economic foundation. Hobson theorized that state intervention through taxation could boost broader consumption, create wealth, and encourage a peaceful, tolerant, multipolar world order."", 'All states have a geographic scope of interests, actions, or projected power. This is a crucial factor in distinguishing a great power from a regional power; by definition the scope of a regional power is restricted to its region. It has been suggested that a great power should be possessed of actual influence throughout the scope of the prevailing international system. Arnold J. Toynbee, for example, observes that ""Great power may be defined as a political force exerting an effect co-extensive with the widest range of the society in which it operates. The Great powers of 1914 were \'world-powers\' because Western society had recently become \'world-wide\'.""', 'Bolshevik leaders had effectively reestablished a polity with roughly the same extent as that empire by 1921, however with an internationalist ideology: Lenin in particular asserted the right to limited self-determination for national minorities within the new territory. Beginning in 1923, the policy of ""Indigenization"" [korenizatsiia] was intended to support non-Russians develop their national cultures within a socialist framework. Never formally revoked, it stopped being implemented after 1932. After World War II, the Soviet Union installed socialist regimes modeled on those it had installed in 1919–20 in the old Tsarist Empire in areas its forces occupied in Eastern Europe. The Soviet Union and the People’s Republic of China supported post–World War II communist movements in foreign nations and colonies to advance their own interests, but were not always successful.']","[0.5129202008247375, 0.47877562046051025, 0.37823808193206787]",0.5129202008247375,0.7564601004123688,0.651231199502945,,0.5129202008247375,0.3024623990058899,,0.6985842049121858,0.0,0.6666666666666666,escalate
calibration,570e22010dc6ce1900204ddf,Where is Sanskrit usually found?,Greater India,Greater India,['Greater India'],['Greater India'],Greater India,['India'],True,1.0,1.0,"['Sanskrit (/ˈsænskrɪt/; Sanskrit: saṃskṛtam [səmskr̩t̪əm] or saṃskṛta, originally saṃskṛtā vāk, ""refined speech"") is the primary sacred language of Hinduism, a philosophical language in Buddhism, Hinduism, Sikhism and Jainism, and a literary language that was in use as a lingua franca in Greater India. It is a standardised dialect of Old Indo-Aryan, originating as Vedic Sanskrit and tracing its linguistic ancestry back to Proto-Indo-Iranian and Proto-Indo-European. Today it is listed as one of the 22 scheduled languages of India and is an official language of the state of Uttarakhand. As one of the oldest Indo-European languages for which substantial written documentation exists, Sanskrit holds a prominent position in Indo-European studies.', 'The history of phonology may be traced back to the Ashtadhyayi, the Sanskrit grammar composed by Pāṇini in the 4th century BC. In particular the Shiva Sutras, an auxiliary text to the Ashtadhyayi, introduces what can be considered a list of the phonemes of the Sanskrit language, with a notational system for them that is used throughout the main text, which deals with matters of morphology, syntax and semantics.', 'The Theravada school spread south from India in the 3rd century BCE, to Sri Lanka and Thailand and Burma and later also Indonesia. The Dharmagupta school spread (also in 3rd century BCE) north to Kashmir, Gandhara and Bactria (Afghanistan).']","[0.5822575092315674, 0.4840982258319855, 0.4322252869606018]",0.5822575092315674,0.7911287546157837,0.6102675795555115,,0.5822575092315674,0.22053515911102295,,0.6916551083326341,0.0,0.6666666666666666,escalate
calibration,5727d9374b864d1900163e78,What is to the south of the Sahara?,southwest,southwest,['southwest'],['southwest'],southwest,['Sahel'],True,1.0,1.0,"['To the south, the Sahara is bounded by the Sahel, a belt of dry tropical savanna with a summer rainy season that extends across Africa from east to west. The southern limit of the Sahara is indicated botanically by the southern limit of Cornulaca monacantha (a drought-tolerant member of the Chenopodiaceae), or northern limit of Cenchrus biflorus, a grass typical of the Sahel. According to climatic criteria, the southern limit of the Sahara corresponds to the 150 mm (5.9 in) isohyet of annual precipitation (this is a long-term average, since precipitation varies annually).', 'The South Saharan steppe and woodlands ecoregion is a narrow band running east and west between the hyper-arid Sahara and the Sahel savannas to the south. Movements of the equatorial Intertropical Convergence Zone (ITCZ) bring summer rains during July and August which average 100 to 200 mm (3.9 to 7.9 in) but vary greatly from year to year. These rains sustain summer pastures of grasses and herbs, with dry woodlands and shrublands along seasonal watercourses. This ecoregion covers 1,101,700 km2 (425,400 mi2) in Algeria, Chad, Mali, Mauritania, and Sudan.', ""NASA's CALIPSO satellite has measured the amount of dust transported by wind from the Sahara to the Amazon: an average 182 million tons of dust are windblown out of the Sahara each year, at 15 degrees west longitude, across 1,600 miles (2,600 km) over the Atlantic Ocean (some dust falls into the Atlantic), then at 35 degrees West longitude at the eastern coast of South America, 27.7 million tons (15%) of dust fall over the Amazon basin, 132 million tons of dust remain in the air, 43 million tons of dust are windblown and falls on the Caribbean Sea, past 75 degrees west longitude.""]","[0.6426911950111389, 0.5579517483711243, 0.5207839012145996]",0.6426911950111389,0.8213455975055695,0.5315392687916756,,0.6426911950111389,0.06307853758335114,,0.6619521167129279,0.0,0.0,escalate
calibration,572fe9d5a23a5019007fcb2f,A component might not be able to be made any smaller because of its mechanical limitations or what other need?,power,power,['power'],['power'],power,['power requirements'],True,1.0,1.0,"['Through-hole manufacture adds to board cost by requiring many holes to be drilled accurately, and limits the available routing area for signal traces on layers immediately below the top layer on multi-layer boards since the holes must pass through all layers to the opposite side. Once surface-mounting came into use, small-sized SMD components were used where possible, with through-hole mounting only of components unsuitably large for surface-mounting due to power requirements or mechanical limitations, or subject to mechanical stress which might damage the PCB.', 'Bacteria display a wide diversity of shapes and sizes, called morphologies. Bacterial cells are about one-tenth the size of eukaryotic cells and are typically 0.5–5.0 micrometres in length. However, a few species are visible to the unaided eye — for example, Thiomargarita namibiensis is up to half a millimetre long and Epulopiscium fishelsoni reaches 0.7 mm. Among the smallest bacteria are members of the genus Mycoplasma, which measure only 0.3 micrometres, as small as the largest viruses. Some bacteria may be even smaller, but these ultramicrobacteria are not well-studied.', ""By the early 20th century balloon, or airship, guns, for land and naval use were attracting attention. Various types of ammunition were proposed, high explosive, incendiary, bullet-chains, rod bullets and shrapnel. The need for some form of tracer or smoke trail was articulated. Fuzing options were also examined, both impact and time types. Mountings were generally pedestal type, but could be on field platforms. Trials were underway in most countries in Europe but only Krupp, Erhardt, Vickers Maxim, and Schneider had published any information by 1910. Krupp's designs included adaptations of their 65 mm 9-pounder, a 75 mm 12-pounder, and even a 105 mm gun. Erhardt also had a 12-pounder, while Vickers Maxim offered a 3-pounder and Schneider a 47 mm. The French balloon gun appeared in 1910, it was an 11-pounder but mounted on a vehicle, with a total uncrewed weight of 2 tons. However, since balloons were slow moving, sights were simple. But the challenges of faster moving airplanes were recognised.""]","[0.43709880113601685, 0.24385923147201538, 0.2390804886817932]",0.43709880113601685,0.7185494005680084,0.46132729202508926,,0.43709880113601685,-0.07734541594982147,,0.5770772408694029,0.0,0.6666666666666666,escalate
calibration,56e75c2d37bdd419002c3edd,During what season is DST usually not observed because of the detriments of dark mornings?,winter,winter,['winter'],['winter'],winter,['winter'],True,1.0,1.0,"[""Common agreement about the day's layout or schedule confers so many advantages that a standard DST schedule has generally been chosen over ad hoc efforts to get up earlier. The advantages of coordination are so great that many people ignore whether DST is in effect by altering their nominal work schedules to coordinate with television broadcasts or daylight. DST is commonly not observed during most of winter, because its mornings are darker; workers may have no sunlit leisure time, and children may need to leave for school in the dark. Since DST is applied to many varying communities, its effects may be very different depending on their culture, light levels, geography, and climate; that is why it is hard to make generalized conclusions about the absolute effects of the practice. Some areas may adopt DST simply as a matter of coordination with others rather than for any direct benefits."", ""Conversely, DST can adversely affect farmers, parents of young children, and others whose hours are set by the sun and they have traditionally opposed the practice, although some farmers are neutral. One reason why farmers oppose DST is that grain is best harvested after dew evaporates, so when field hands arrive and leave earlier in summer their labor is less valuable. Dairy farmers are another group who complain of the change. Their cows are sensitive to the timing of milking, so delivering milk earlier disrupts their systems. Today some farmers' groups are in favor of DST."", 'Norwegian researchers at the University of Tromsø have shown that some Arctic animals (ptarmigan, reindeer) show circadian rhythms only in the parts of the year that have daily sunrises and sunsets. In one study of reindeer, animals at 70 degrees North showed circadian rhythms in the autumn, winter and spring, but not in the summer. Reindeer on Svalbard at 78 degrees North showed such rhythms only in autumn and spring. The researchers suspect that other Arctic animals as well may not show circadian rhythms in the constant light of summer and the constant dark of winter.']","[0.6752893924713135, 0.494522362947464, 0.4388467073440552]",0.6752893924713135,0.8376446962356567,0.6354308426380157,,0.6752893924713135,0.2708616852760315,,0.7264270767569543,1.0,1.0,flag
calibration,57342891d058e614000b6a5c,What is another name for the Confederacy's executive mansion?,White House of the Confederacy,White House of the Confederacy,['White House of the Confederacy'],['White House of the Confederacy'],White House of the Confederacy,['White House of the Confederacy'],True,1.0,1.0,"['In addition to Virginia and Confederate government offices and hospitals, a railroad hub, and one of the South\'s largest slave markets, Richmond had the largest factory in the Confederacy, the Tredegar Iron Works, which turned out artillery and other munitions, including the 723 tons of armor plating that covered the CSS Virginia, the world\'s first ironclad used in war, as well as much of the Confederates\' heavy ordnance machinery. The Confederate Congress shared quarters with the Virginia General Assembly in the Virginia State Capitol, with the Confederacy\'s executive mansion, the ""White House of the Confederacy"", located two blocks away. The Seven Days Battles followed in late June and early July 1862, during which Union General McClellan threatened to take Richmond but ultimately failed.', 'The Ann Arbor Hands-On Museum is located in a renovated and expanded historic downtown fire station. Multiple art galleries exist in the city, notably in the downtown area and around the University of Michigan campus. Aside from a large restaurant scene in the Main Street, South State Street, and South University Avenue areas, Ann Arbor ranks first among U.S. cities in the number of booksellers and books sold per capita. The Ann Arbor District Library maintains four branch outlets in addition to its main downtown building. The city is also home to the Gerald R. Ford Presidential Library.', 'The area is also known for its early twentieth century homes, many of which have been restored in recent decades. The area includes many California Bungalow and American Craftsman style homes, Spanish Colonial Revival Style architecture, Mediterranean Revival Style architecture, Mission Revival Style architecture, and many Storybook houses designed by Fresno architects, Hilliard, Taylor & Wheeler. The residential architecture of the Tower District contrasts with the newer areas of tract homes urban sprawl in north and east areas of Fresno.']","[0.5232370495796204, 0.2895040810108185, 0.27487003803253174]",0.5232370495796204,0.7616185247898102,0.7413733899593353,,0.5232370495796204,0.48274677991867065,,0.750483700633049,1.0,1.0,flag
calibration,57340aae4776f41900661793,Where was Karadzic when he was finally arrested?,Belgrade,Belgrade,['Belgrade'],['Belgrade'],Belgrade,['Belgrade'],True,1.0,1.0,"['Slobodan Milošević, as the former President of Serbia and of Yugoslavia, was the most senior political figure to stand trial at the ICTY. He died on 11 March 2006 during his trial where he was accused of genocide or complicity in genocide in territories within Bosnia and Herzegovina, so no verdict was returned. In 1995, the ICTY issued a warrant for the arrest of Bosnian Serbs Radovan Karadžić and Ratko Mladić on several charges including genocide. On 21 July 2008, Karadžić was arrested in Belgrade, and he is currently in The Hague on trial accused of genocide among other crimes. Ratko Mladić was arrested on 26 May 2011 by Serbian special police in Lazarevo, Serbia. Karadzic was convicted of ten of the eleven charges laid against him and sentenced to 40 years in prison on March 24 2016.', 'In 1943, Karachay Autonomous Oblast was dissolved by Joseph Stalin, when the Karachays were exiled to Central Asia for their alleged collaboration with the Germans and territory was incorporated into the Georgian SSR.', ""One significant consequence of the tension arising between Yugoslavia and Soviet Union, was that Tito fought Yugoslav Stalinists with Stalin's methods. In other words, Aleksandar Ranković and the State Security Service (UBDA) employed the same inhumane methods against their opponents as Stalin did in the Soviet Union against his. Not every person accused of a political crime was convicted and nobody was sentenced to death for his or her pro-Soviet feelings. However this repression, which lasted until 1956, was marked by significant violations of human rights.""]","[0.6561160087585449, 0.37684500217437744, 0.31748443841934204]",0.6561160087585449,0.8280580043792725,0.7003048360347748,,0.6561160087585449,0.40060967206954956,,0.7577937617897987,1.0,1.0,flag
calibration,5726213938643c19005ad067,Which king placed more emphasis on official entertaining and royal duties instead of lavish parties?,Edward VII,Edward VII,['Edward VII'],['Edward VII'],Edward VII,['George V'],True,1.0,1.0,"[""The last major building work took place during the reign of King George V when, in 1913, Sir Aston Webb redesigned Blore's 1850 East Front to resemble in part Giacomo Leoni's Lyme Park in Cheshire. This new, refaced principal façade (of Portland stone) was designed to be the backdrop to the Victoria Memorial, a large memorial statue of Queen Victoria, placed outside the main gates. George V, who had succeeded Edward VII in 1910, had a more serious personality than his father; greater emphasis was now placed on official entertaining and royal duties than on lavish parties. He arranged a series of command performances featuring jazz musicians such as the Original Dixieland Jazz Band (1919) – the first jazz performance for a head of state, Sidney Bechet, and Louis Armstrong (1932), which earned the palace a nomination in 2009 for a (Kind of) Blue Plaque by the Brecon Jazz Festival as one of the venues making the greatest contribution to jazz music in the United Kingdom. George V's wife Queen Mary was a connoisseur of the arts, and took a keen interest in the Royal Collection of furniture and art, both restoring and adding to it. Queen Mary also had many new fixtures and fittings installed, such as the pair of marble Empire-style chimneypieces by Benjamin Vulliamy, dating from 1810, which the Queen had installed in the ground floor Bow Room, the huge low room at the centre of the garden façade. Queen Mary was also responsible for the decoration of the Blue Drawing Room. This room, 69 feet (21 metres) long, previously known as the South Drawing Room, has a ceiling designed specially by Nash, coffered with huge gilt console brackets."", 'By the Late Middle Ages, Great Britain was separated into the Kingdoms of England and Scotland. Power in Ireland fluxed between Gaelic kingdoms, Hiberno-Norman lords and the English-dominated Lordship of Ireland. A similar situation existed in the Principality of Wales, which was slowly being annexed into the Kingdom of England by a series of laws. During the course of the 15th century, the Crown of England would assert a claim to the Crown of France, thereby also releasing the King of England as from being vassal of the King of France. In 1534, King Henry VIII, at first having been a strong defender of Roman Catholicism in the face of the Reformation, separated from the Roman Church after failing to secure a divorce from the Pope. His response was to place the King of England as ""the only Supreme Head in Earth of the Church of England"", thereby removing the authority of the Pope from the affairs of the English Church. Ireland, which had been held by the King of England as Lord of Ireland, but which strictly speaking had been a feudal possession of the Pope since the Norman invasion was declared a separate kingdom in personal union with England.', ""In summer of 1986, Queen went on their final tour with Freddie Mercury. A sold-out tour in support of A Kind of Magic, once again they hired Spike Edney, leading to him being dubbed the unofficial fifth member. The Magic Tour's highlight was at Wembley Stadium in London and resulted in the live double album, Queen at Wembley, released on CD and as a live concert DVD, which has gone five times platinum in the US and four times platinum in the UK. Queen could not book Wembley for a third night, but they did play at Knebworth Park. The show sold out within two hours and over 120,000 fans packed the park for what was Queen's final live performance with Mercury. Queen began the tour at the Råsunda Stadium in Stockholm, Sweden, and during the tour the band performed a concert at Slane Castle, Ireland, in front of an audience of 95,000, which broke the venue's attendance record. The band also played behind the Iron Curtain when they performed to a crowd of 80,000 at the Népstadion in Budapest, in what was one of the biggest rock concerts ever held in Eastern Europe. More than one million people saw Queen on the tour—400,000 in the United Kingdom alone, a record at the time.""]","[0.3119332492351532, 0.2960168123245239, 0.28686389327049255]",0.3119332492351532,0.6559666246175766,0.6082373261451721,,0.3119332492351532,0.21647465229034424,,0.6297155104577541,0.0,0.0,escalate
calibration,56f7c32ba6d7ea1400e17273,Were the szlachta obscure and mysterious or obvious and proud.,obvious and proud,obvious and proud,['obvious and proud'],['obvious and proud'],obvious and proud,['obscurity and mystery'],True,1.0,1.0,"['The origins of the szlachta are shrouded in obscurity and mystery and have been the subject of a variety of theories.:207 Traditionally, its members were owners of landed property, often in the form of ""manor farms"" or so-called folwarks. The nobility negotiated substantial and increasing political and legal privileges for itself throughout its entire history until the decline of the Polish Commonwealth in the late 18th century.', 'Warsaw\'s name in the Polish language is Warszawa, approximately /vɑːrˈʃɑːvə/ (also formerly spelled Warszewa and Warszowa), meaning ""belonging to Warsz"", Warsz being a shortened form of the masculine name of Slavic origin Warcisław; see also etymology of Wrocław. Folk etymology attributes the city name to a fisherman, Wars, and his wife, Sawa. According to legend, Sawa was a mermaid living in the Vistula River with whom Wars fell in love. In actuality, Warsz was a 12th/13th-century nobleman who owned a village located at the modern-day site of Mariensztat neighbourhood. See also the Vršovci family which had escaped to Poland. The official city name in full is miasto stołeczne Warszawa (English: ""The Capital City of Warsaw""). A native or resident of Warsaw is known as a Varsovian – in Polish warszawiak (male), warszawianka (female), warszawiacy (plural).', 'John grew up to be around 5 ft 5 in (1.68 m) tall, relatively short, with a ""powerful, barrel-chested body"" and dark red hair; he looked to contemporaries like an inhabitant of Poitou. John enjoyed reading and, unusually for the period, built up a travelling library of books. He enjoyed gambling, in particular at backgammon, and was an enthusiastic hunter, even by medieval standards. He liked music, although not songs. John would become a ""connoisseur of jewels"", building up a large collection, and became famous for his opulent clothes and also, according to French chroniclers, for his fondness for bad wine. As John grew up, he became known for sometimes being ""genial, witty, generous and hospitable""; at other moments, he could be jealous, over-sensitive and prone to fits of rage, ""biting and gnawing his fingers"" in anger.[nb 3]']","[0.6058200597763062, 0.3928282856941223, 0.31583672761917114]",0.6058200597763062,0.8029100298881531,0.4991165306419134,,0.6058200597763062,-0.001766938716173172,,0.6358236053027213,0.0,0.3333333333333333,escalate
calibration,570a71dd6d058f1900182e71,What emotions did Cooley regard as of paramount social importance?,pride and shame,pride and shame,['pride and shame'],['pride and shame'],pride and shame,['pride and shame'],True,1.0,1.0,"['In the 1990s, sociologists focused on different aspects of specific emotions and how these emotions were socially relevant. For Cooley (1992), pride and shame were the most important emotions that drive people to take various social actions. During every encounter, he proposed that we monitor ourselves through the ""looking glass"" that the gestures and reactions of others provide. Depending on these reactions, we either experience pride or shame and this results in particular paths of action. Retzinger (1991) conducted studies of married couples who experienced cycles of rage and shame. Drawing predominantly on Goffman and Cooley\'s work, Scheff (1990) developed a micro sociological theory of the social bond. The formation or disruption of social bonds is dependent on the emotions that people experience during interactions.', ""The correlation between capitalism, aristocracy, and imperialism has long been debated among historians and political theorists. Much of the debate was pioneered by such theorists as J. A. Hobson (1858–1940), Joseph Schumpeter (1883–1950), Thorstein Veblen (1857–1929), and Norman Angell (1872–1967). While these non-Marxist writers were at their most prolific before World War I, they remained active in the interwar years. Their combined work informed the study of imperialism and it's impact on Europe, as well as contributed to reflections on the rise of the military-political complex in the United States from the 1950s. Hobson argued that domestic social reforms could cure the international disease of imperialism by removing its economic foundation. Hobson theorized that state intervention through taxation could boost broader consumption, create wealth, and encourage a peaceful, tolerant, multipolar world order."", ""At the age of 19, he wrote a report on his work and sent it to philologist Alexander Ellis, a colleague of his father (who would later be portrayed as Professor Henry Higgins in Pygmalion). Ellis immediately wrote back indicating that the experiments were similar to existing work in Germany, and also lent Bell a copy of Hermann von Helmholtz's work, The Sensations of Tone as a Physiological Basis for the Theory of Music.""]","[0.5708029270172119, 0.29679977893829346, 0.2836136817932129]",0.5708029270172119,0.785401463508606,0.6999864876270294,,0.5708029270172119,0.39997297525405884,,0.738423226773739,1.0,1.0,flag
calibration,570d3848fed7b91900d45d41,What Apple mouse 1st used multi-touch gesture recognition?,Magic Mouse,Magic Mouse,['Magic Mouse'],['Magic Mouse'],Magic Mouse,['Magic Mouse'],True,1.0,1.0,"['Apple was initially reluctant to embrace mice with multiple buttons and scroll wheels. Macs did not natively support pointing devices that featured multiple buttons, even from third parties, until Mac OS X arrived in 2001. Apple continued to offer only single button mice, in both wired and Bluetooth wireless versions, until August 2005, when it introduced the Mighty Mouse. While it looked like a traditional one-button mouse, it actually had four buttons and a scroll ball, capable of independent x- and y-axis movement. A Bluetooth version followed in July 2006. In October 2009, Apple introduced the Magic Mouse, which uses multi-touch gesture recognition (similar to that of the iPhone) instead of a physical scroll wheel or ball. It is available only in a wireless configuration, but the wired Mighty Mouse (re-branded as ""Apple Mouse"") is still available as an alternative. Since 2010, Apple has also offered the Magic Trackpad as a means to control Macintosh desktop computers in a way similar to laptops.', ""The Macintosh SE was released at the same time as the Macintosh II for $2900 (or $3900 with hard drive), as the first compact Mac with a 20 MB internal hard drive and an expansion slot. The SE's expansion slot was located inside the case along with the CRT, potentially exposing an upgrader to high voltage. For this reason, Apple recommended users bring their SE to an authorized Apple dealer to have upgrades performed. The SE also updated Jerry Manock and Terry Oyama's original design and shared the Macintosh II's Snow White design language, as well as the new Apple Desktop Bus (ADB) mouse and keyboard that had first appeared on the Apple IIGS some months earlier."", 'At its press conference at the 2007 Tokyo Game Show, Sony announced DualShock 3 (trademarked DUALSHOCK 3), a PlayStation 3 controller with the same function and design as Sixaxis, but with vibration capability included. Hands-on accounts describe the controller as being noticeably heavier than the standard Sixaxis controller and capable of vibration forces comparable to DualShock 2. It was released in Japan on November 11, 2007; in North America on April 5, 2008; in Australia on April 24, 2008; in New Zealand on May 9, 2008; in mainland Europe on July 2, 2008, and in the United Kingdom and Ireland on July 4, 2008.']","[0.6233162879943848, 0.37368613481521606, 0.31176823377609253]",0.6233162879943848,0.8116581439971924,0.7710074782371521,,0.6233162879943848,0.5420149564743042,,0.7893002778291702,1.0,1.0,accept
calibration,5734477e879d6814001ca46b,What is Louis Binford's profession?,archaeologist,archaeologist,['archaeologist'],['archaeologist'],archaeologist,['Archaeologist'],True,1.0,1.0,"['Archaeologist Louis Binford criticised the idea that early hominids and early humans were hunters. On the basis of the analysis of the skeletal remains of the consumed animals, he concluded that hominids and early humans were mostly scavengers, not hunters, and this idea is popular among some archaeologists and paleoanthropologists. Robert Blumenschine proposed the idea of confrontational scavenging, which involves challenging and scaring off other predators after they have made a kill, which he suggests could have been the leading method of obtaining protein-rich meat by early humans.', ""The last major building work took place during the reign of King George V when, in 1913, Sir Aston Webb redesigned Blore's 1850 East Front to resemble in part Giacomo Leoni's Lyme Park in Cheshire. This new, refaced principal façade (of Portland stone) was designed to be the backdrop to the Victoria Memorial, a large memorial statue of Queen Victoria, placed outside the main gates. George V, who had succeeded Edward VII in 1910, had a more serious personality than his father; greater emphasis was now placed on official entertaining and royal duties than on lavish parties. He arranged a series of command performances featuring jazz musicians such as the Original Dixieland Jazz Band (1919) – the first jazz performance for a head of state, Sidney Bechet, and Louis Armstrong (1932), which earned the palace a nomination in 2009 for a (Kind of) Blue Plaque by the Brecon Jazz Festival as one of the venues making the greatest contribution to jazz music in the United Kingdom. George V's wife Queen Mary was a connoisseur of the arts, and took a keen interest in the Royal Collection of furniture and art, both restoring and adding to it. Queen Mary also had many new fixtures and fittings installed, such as the pair of marble Empire-style chimneypieces by Benjamin Vulliamy, dating from 1810, which the Queen had installed in the ground floor Bow Room, the huge low room at the centre of the garden façade. Queen Mary was also responsible for the decoration of the Blue Drawing Room. This room, 69 feet (21 metres) long, previously known as the South Drawing Room, has a ceiling designed specially by Nash, coffered with huge gilt console brackets."", ""At the age of 19, he wrote a report on his work and sent it to philologist Alexander Ellis, a colleague of his father (who would later be portrayed as Professor Henry Higgins in Pygmalion). Ellis immediately wrote back indicating that the experiments were similar to existing work in Germany, and also lent Bell a copy of Hermann von Helmholtz's work, The Sensations of Tone as a Physiological Basis for the Theory of Music.""]","[0.4245070517063141, 0.36156517267227173, 0.3346019387245178]",0.4245070517063141,0.712253525853157,0.657967820763588,,0.4245070517063141,0.3159356415271759,,0.6823963880538941,1.0,1.0,escalate
calibration,57283d5cff5b5019007d9fb5,What group uses infinite field extensions with topology?,adelic algebraic groups,adelic algebraic groups,['adelic algebraic groups'],['adelic algebraic groups'],adelic algebraic groups,['the absolute Galois group'],True,1.0,1.0,"['for any constant c. Matrix groups over these fields fall under this regime, as do adele rings and adelic algebraic groups, which are basic to number theory. Galois groups of infinite field extensions such as the absolute Galois group can also be equipped with a topology, the so-called Krull topology, which in turn is central to generalize the above sketched connection of fields and groups to infinite field extensions. An advanced generalization of this idea, adapted to the needs of algebraic geometry, is the étale fundamental group.', 'Groups are also applied in many other mathematical areas. Mathematical objects are often examined by associating groups to them and studying the properties of the corresponding groups. For example, Henri Poincaré founded what is now called algebraic topology by introducing the fundamental group. By means of this connection, topological properties such as proximity and continuity translate into properties of groups.i[›] For example, elements of the fundamental group are represented by loops. The second image at the right shows some loops in a plane minus a point. The blue loop is considered null-homotopic (and thus irrelevant), because it can be continuously shrunk to a point. The presence of the hole prevents the orange loop from being shrunk to a point. The fundamental group of the plane with a point deleted turns out to be infinite cyclic, generated by the orange loop (or any other loop winding once around the hole). This way, the fundamental group detects the hole.', 'Pantheism holds that God is the universe and the universe is God, whereas Panentheism holds that God contains, but is not identical to, the Universe. It is also the view of the Liberal Catholic Church; Theosophy; some views of Hinduism except Vaishnavism, which believes in panentheism; Sikhism; some divisions of Neopaganism and Taoism, along with many varying denominations and individuals within denominations. Kabbalah, Jewish mysticism, paints a pantheistic/panentheistic view of God—which has wide acceptance in Hasidic Judaism, particularly from their founder The Baal Shem Tov—but only as an addition to the Jewish view of a personal god, not in the original pantheistic sense that denies or limits persona to God.[citation needed]']","[0.679967999458313, 0.41203761100769043, 0.25699126720428467]",0.679967999458313,0.8399839997291565,0.7135511636734009,,0.679967999458313,0.42710232734680176,,0.770445939898491,0.0,0.0,flag
calibration,572e9091cb0c0d14000f12ad,Which plays do not cause time to run off the clock during the final minutes of a half?,Quarter 1,Quarter 1,['Quarter 1'],['Quarter 1'],Quarter 1,['convert attempts'],True,1.0,1.0,"[""The clock does not run during convert attempts in the last three minutes of a half. If the 15 minutes of a quarter expire while the ball is live, the quarter is extended until the ball becomes dead. If a quarter's time expires while the ball is dead, the quarter is extended for one more scrimmage. A quarter cannot end while a penalty is pending: after the penalty yardage is applied, the quarter is extended one scrimmage. Note that the non-penalized team has the option to decline any penalty it considers disadvantageous, so a losing team cannot indefinitely prolong a game by repeatedly committing infractions."", 'Time is one of the seven fundamental physical quantities in both the International System of Units and International System of Quantities. Time is used to define other quantities—such as velocity—so defining time in terms of such quantities would result in circularity of definition. An operational definition of time, wherein one says that observing a certain number of repetitions of one or another standard cyclical event (such as the passage of a free-swinging pendulum) constitutes one standard unit such as the second, is highly useful in the conduct of both advanced experiments and everyday affairs of life. The operational definition leaves aside the question whether there is something called time, apart from the counting activity just mentioned, that flows and that can be measured. Investigations of a single continuum called spacetime bring questions about space into questions about time, questions that have their roots in the works of early students of natural philosophy.', ""On Carolina's next possession fullback Mike Tolbert lost a fumble while being tackled by safety Darian Stewart, which linebacker Danny Trevathan recovered on the Broncos 40-yard line. However, the Panthers soon took the ball back when defensive end Kony Ealy tipped a Manning pass to himself and then intercepted it, returning the ball 19 yards to the Panthers 39-yard line with 1:55 left on the clock. The Panthers could not gain any yards with their possession and had to punt. After a Denver punt, Carolina drove to the Broncos 45-yard line. But with 11 seconds left, Newton was sacked by DeMarcus Ware as time expired in the half.""]","[0.5960246920585632, 0.3453906178474426, 0.2562744617462158]",0.5960246920585632,0.7980123460292816,0.688044935464859,,0.5960246920585632,0.376089870929718,,0.7375302702188493,0.0,0.0,flag
calibration,5726a450f1498d1400e8e5c4,What other type of architecture also made use of the pointed arch?,Gothic,Gothic,['Gothic'],['Gothic'],Gothic,['Sassanian architecture'],True,1.0,1.0,"['The pointed arch, one of the defining attributes of Gothic, was earlier incorporated into Islamic architecture following the Islamic conquests of Roman Syria and the Sassanid Empire in the Seventh Century. The pointed arch and its precursors had been employed in Late Roman and Sassanian architecture; within the Roman context, evidenced in early church building in Syria and occasional secular structures, like the Roman Karamagara Bridge; in Sassanid architecture, in the parabolic and pointed arches employed in palace and sacred construction.', 'In the late 20th century a new concept was added to those included in the compass of both structure and function, the consideration of sustainability, hence sustainable architecture. To satisfy the contemporary ethos a building should be constructed in a manner which is environmentally friendly in terms of the production of its materials, its impact upon the natural and built environment of its surrounding area and the demands that it makes upon non-sustainable power sources for heating, cooling, water and waste management and lighting.', 'RIBA is based at 66 Portland Place, London—a 1930s Grade II* listed building designed by architect George Grey Wornum with sculptures by Edward Bainbridge Copnall and James Woodford. Parts of the London building are open to the public, including the Library. It has a large architectural bookshop, a café, restaurant and lecture theatres. Rooms are hired out for events.']","[0.6915086507797241, 0.39911529421806335, 0.3947293758392334]",0.6915086507797241,0.8457543253898621,0.606193020939827,,0.6915086507797241,0.21238604187965393,,0.7139956079423428,0.0,0.0,flag
calibration,56fa0e0df34c681400b0bf90,What type of woods might sometimes appear to have darker earlywood on a finished surface?,coniferous woods,coniferous woods,['coniferous woods'],['coniferous woods'],coniferous woods,['ring-porous'],True,1.0,1.0,"['Since the latewood of a growth ring is usually darker in color than the earlywood, this fact may be used in judging the density, and therefore the hardness and strength of the material. This is particularly the case with coniferous woods. In ring-porous woods the vessels of the early wood not infrequently appear on a finished surface as darker than the denser latewood, though on cross sections of heartwood the reverse is commonly true. Except in the manner just stated the color of wood is no indication of strength.', 'A 2011 discovery in the Canadian province of New Brunswick uncovered the earliest known plants to have grown wood, approximately 395 to 400 million years ago. Wood can be dated by carbon dating and in some species by dendrochronology to make inferences about when a wooden object was created.', 'There is evidence that there have been significant changes in Amazon rainforest vegetation over the last 21,000 years through the Last Glacial Maximum (LGM) and subsequent deglaciation. Analyses of sediment deposits from Amazon basin paleolakes and from the Amazon Fan indicate that rainfall in the basin during the LGM was lower than for the present, and this was almost certainly associated with reduced moist tropical vegetation cover in the basin. There is debate, however, over how extensive this reduction was. Some scientists argue that the rainforest was reduced to small, isolated refugia separated by open forest and grassland; other scientists argue that the rainforest remained largely intact but extended less far to the north, south, and east than is seen today. This debate has proved difficult to resolve because the practical limitations of working in the rainforest mean that data sampling is biased away from the center of the Amazon basin, and both explanations are reasonably well supported by the available data.']","[0.6372898817062378, 0.4766099452972412, 0.2817386984825134]",0.6372898817062378,0.8186449408531189,0.7538845539093018,,0.6372898817062378,0.5077691078186035,,0.7830267280340195,0.0,0.0,flag
calibration,5733c3c7d058e614000b61f1,The number of people targeted in a genocide should not be solely evaluated by what?,the overall size of the entire group,the overall size of the entire group,['the overall size of the entire group'],['the overall size of the entire group'],the overall size of the entire group,['absolute terms'],True,1.0,1.0,"['The judges continue in paragraph 12, ""The determination of when the targeted part is substantial enough to meet this requirement may involve a number of considerations. The numeric size of the targeted part of the group is the necessary and important starting point, though not in all cases the ending point of the inquiry. The number of individuals targeted should be evaluated not only in absolute terms, but also in relation to the overall size of the entire group. In addition to the numeric size of the targeted portion, its prominence within the group can be a useful consideration. If a specific part of the group is emblematic of the overall group, or is essential to its survival, that may support a finding that the part qualifies as substantial within the meaning of Article 4 [of the Tribunal\'s Statute].""', 'Throughout history, many rulers, empires and nations have oppressed their Jewish populations or sought to eliminate them entirely. Methods employed ranged from expulsion to outright genocide; within nations, often the threat of these extreme methods was sufficient to silence dissent. The history of antisemitism includes the First Crusade which resulted in the massacre of Jews; the Spanish Inquisition (led by Tomás de Torquemada) and the Portuguese Inquisition, with their persecution and autos-da-fé against the New Christians and Marrano Jews; the Bohdan Chmielnicki Cossack massacres in Ukraine; the Pogroms backed by the Russian Tsars; as well as expulsions from Spain, Portugal, England, France, Germany, and other countries in which the Jews had settled. According to a 2008 study published in the American Journal of Human Genetics, 19.8% of the modern Iberian population has Sephardic Jewish ancestry, indicating that the number of conversos may have been much higher than originally thought.', ""One significant consequence of the tension arising between Yugoslavia and Soviet Union, was that Tito fought Yugoslav Stalinists with Stalin's methods. In other words, Aleksandar Ranković and the State Security Service (UBDA) employed the same inhumane methods against their opponents as Stalin did in the Soviet Union against his. Not every person accused of a political crime was convicted and nobody was sentenced to death for his or her pro-Soviet feelings. However this repression, which lasted until 1956, was marked by significant violations of human rights.""]","[0.5487047433853149, 0.3914908170700073, 0.3215954899787903]",0.5487047433853149,0.7743523716926575,0.6626360714435577,,0.5487047433853149,0.3252721428871155,,0.7129084065556527,0.0,0.0,flag
calibration,572657f1708984140094c327,Masons swear to protect their brethren unless they what?,break the law,break the law,['break the law'],['break the law'],break the law,['have broken the law'],True,1.0,1.0,"['The idea of Masonic brotherhood probably descends from a 16th-century legal definition of a brother as one who has taken an oath of mutual support to another. Accordingly, Masons swear at each degree to keep the contents of that degree secret, and to support and protect their brethren unless they have broken the law. In most Lodges the oath or obligation is taken on a Volume of Sacred Law, whichever book of divine revelation is appropriate to the religious beliefs of the individual brother (usually the Bible in the Anglo-American tradition). In Progressive continental Freemasonry, books other than scripture are permissible, a cause of rupture between Grand Lodges.', 'Freemasonry consists of fraternal organisations that trace their origins to the local fraternities of stonemasons, which from the end of the fourteenth century regulated the qualifications of stonemasons and their interaction with authorities and clients. The degrees of freemasonry retain the three grades of medieval craft guilds, those of Apprentice, Journeyman or fellow (now called Fellowcraft), and Master Mason. These are the degrees offered by Craft (or Blue Lodge) Freemasonry. Members of these organisations are known as Freemasons or Masons. There are additional degrees, which vary with locality and jurisdiction, and are usually administered by different bodies than the craft degrees.', 'From early Christian times, hunting has been forbidden to Roman Catholic Church clerics. Thus the Corpus Juris Canonici (C. ii, X, De cleric. venat.) says, ""We forbid to all servants of God hunting and expeditions through the woods with hounds; and we also forbid them to keep hawks or falcons."" The Fourth Council of the Lateran, held under Pope Innocent III, decreed (canon xv): ""We interdict hunting or hawking to all clerics."" The decree of the Council of Trent is worded more mildly: ""Let clerics abstain from illicit hunting and hawking"" (Sess. XXIV, De reform., c. xii), which seems to imply that not all hunting is illicit, and canonists generally make a distinction declaring noisy (clamorosa) hunting unlawful, but not quiet (quieta) hunting.']","[0.7235503196716309, 0.46226751804351807, 0.3690415024757385]",0.7235503196716309,0.8617751598358154,0.5405527837574482,,0.7235503196716309,0.08110556751489639,,0.6851028529927135,0.0,0.4,escalate
calibration,572abb93be1ee31400cb81e7,Why was Brooke being investigated?,misstatements,misstatements,['misstatements'],['misstatements'],misstatements,"['""misstatements"" in his first divorce trial']",True,1.0,1.0,"['In January 1977, Droney promoted him to First Assistant District Attorney, essentially making Kerry his campaign and media surrogate because Droney was afflicted with amyotrophic lateral sclerosis (ALS, or Lou Gehrig\'s Disease). As First Assistant, Kerry tried cases, which included winning convictions in a high-profile rape case and a murder. He also played a role in administering the office, including initiating the creation of special white-collar and organized crime units, creating programs to address the problems of rape and other crime victims and witnesses, and managing trial calendars to reflect case priorities. It was in this role in 1978 that Kerry announced an investigation into possible criminal charges against then Senator Edward Brooke, regarding ""misstatements"" in his first divorce trial. The inquiry ended with no charges being brought after investigators and prosecutors determined that Brooke\'s misstatements were pertinent to the case, but were not material enough to have affected the outcome.', ""In the audition rounds, 121 contestants were selected from around 10,000 who attended the auditions. These were cut to 30 for the semifinal, with ten going on to the finals. One semifinalist, Delano Cagnolatti, was disqualified for lying to evade the show's age limit. One of the early favorites, Tamyra Gray, was eliminated at the top four, the first of several such shock eliminations that were to be repeated in later seasons. Christina Christian was hospitalized before the top six result show due to chest pains and palpitations, and she was eliminated while she was in the hospital. Jim Verraros was the first openly gay contestant on the show; his sexual orientation was revealed in his online journal, however it was removed during the competition after a request from the show producers over concerns that it might be unfairly influencing votes."", 'During the period from 1993 to 2011, FBI agents fired their weapons on 289 occasions; FBI internal reviews found the shots justified in all but 5 cases, in none of the 5 cases were people wounded. Samuel Walker, a professor of criminal justice at the University of Nebraska Omaha said the number of shots found to be unjustified was ""suspiciously low."" In the same time period, the FBI wounded 150 people, 70 of whom died; the FBI found all 150 shootings to be justified. Likewise, during the period from 2011 to the present, all shootings by FBI agents have been found to be justified by internal investigation. In a 2002 case in Maryland, an innocent man was shot, and later paid $1.3 million by the FBI after agents mistook him for a bank robber; the internal investigation found that the shooting was justified, based on the man\'s actions.']","[0.4998289942741394, 0.3007877469062805, 0.29148727655410767]",0.4998289942741394,0.7499144971370697,0.5803747996687889,,0.4998289942741394,0.16074959933757782,,0.6566676635295152,0.0,0.2857142857142857,escalate
calibration,57305ed58ab72b1400f9c4ab,What religious element could be found in all Roman households?,private and personal worship,private and personal worship,['private and personal worship'],['private and personal worship'],private and personal worship,['an altar'],True,1.0,1.0,"['Roman religious beliefs date back to the founding of Rome, around 800 BC. However, the Roman religion commonly associated with the republic and early empire did not begin until around 500 BC, when Romans came in contact with Greek culture, and adopted many of the Greek religious beliefs. Private and personal worship was an important aspect of religious practices. In a sense, each household was a temple to the gods. Each household had an altar (lararium), at which the family members would offer prayers, perform rites, and interact with the household gods. Many of the gods that Romans worshiped came from the Proto-Indo-European pantheon, others were based on Greek gods. The two most famous deities were Jupiter (the king God) and Mars (the god of war). With its cultural influence spreading over most of the Mediterranean, Romans began accepting foreign gods into their own culture, as well as other philosophical traditions such as Cynicism and Stoicism.', 'The Romans had a greater appreciation for the color green; it was the color of Venus, the goddess of gardens, vegetables and vineyards.The Romans made a fine green earth pigment, which was widely used in the wall paintings of Pompeii, Herculaneum, Lyon, Vaison-la-Romaine, and other Roman cities. They also used the pigment verdigris, made by soaking copper plates in fermenting wine. By the Second Century AD, the Romans were using green in paintings, mosaics and glass, and there were ten different words in Latin for varieties of green.', 'Music was a major part of everyday life.[citation needed] The word itself derives from Greek μουσική (mousike), ""(art) of the Muses"". Many private and public events were accompanied by music, ranging from nightly dining to military parades and manoeuvres. In a discussion of any ancient music, however, non-specialists and even many musicians have to be reminded that much of what makes our modern music familiar to us is the result of developments only within the last 1,000 years; thus, our ideas of melody, scales, harmony, and even the instruments we use may not have been familiar to Romans who made and listened to music many centuries earlier.[citation needed]']","[0.6060304641723633, 0.3773801922798157, 0.3612878918647766]",0.6060304641723633,0.8030152320861816,0.6912972033023834,,0.6060304641723633,0.38259440660476685,,0.7415703162550926,0.0,0.0,flag
calibration,5728af434b864d1900164c1c,Many adaptations of the instruments were done to cater to what type of music? ,Indian Carnatic music,Indian Carnatic music,['Indian Carnatic music'],['Indian Carnatic music'],Indian Carnatic music,['Indian Carnatic'],True,2.0,0.5,"['Music was a major part of everyday life.[citation needed] The word itself derives from Greek μουσική (mousike), ""(art) of the Muses"". Many private and public events were accompanied by music, ranging from nightly dining to military parades and manoeuvres. In a discussion of any ancient music, however, non-specialists and even many musicians have to be reminded that much of what makes our modern music familiar to us is the result of developments only within the last 1,000 years; thus, our ideas of melody, scales, harmony, and even the instruments we use may not have been familiar to Romans who made and listened to music many centuries earlier.[citation needed]', 'Many adaptations of the instrument have been done to cater to the special needs of Indian Carnatic music. In Indian classical music and Indian light music, the mandolin, which bears little resemblance to the European mandolin, is usually tuned E-B-E-B. As there is no concept of absolute pitch in Indian classical music, any convenient tuning maintaining these relative pitch intervals between the strings can be used. Another prevalent tuning with these intervals is C-G-C-G, which corresponds to Sa-Pa-Sa-Pa in the Indian carnatic classical music style. This tuning corresponds to the way violins are tuned for carnatic classical music. This type of mandolin is also used in Bhangra, dance music popular in Punjabi culture.', 'The lateral cut NAB curve was remarkably similar to the NBC Orthacoustic curve that evolved from practices within the National Broadcasting Company since the mid-1930s. Empirically, and not by any formula, it was learned that the bass end of the audio spectrum below 100 Hz could be boosted somewhat to override system hum and turntable rumble noises. Likewise at the treble end beginning at 1,000 Hz, if audio frequencies were boosted by 16 dB at 10,000 Hz the delicate sibilant sounds of speech and high overtones of musical instruments could survive the noise level of cellulose acetate, lacquer/aluminum, and vinyl disc media. When the record was played back using a complementary inverse curve, signal-to-noise ratio was improved and the programming sounded more lifelike.']","[0.48808443546295166, 0.409429669380188, 0.3933376669883728]",0.48808443546295166,0.7440422177314758,0.7948012053966522,,0.48808443546295166,0.5896024107933044,,0.7719596609473229,0.0,0.8,flag
calibration,572940fe6aef051400154bfc,What is one group that Bermuda's black population can link some of their ancestry to?,Algonquian,Algonquian,['Algonquian'],['Algonquian'],Algonquian,['Native Americans'],True,1.0,1.0,"[""Most of Bermuda's black population trace some of their ancestry to Native Americans, although awareness of this is largely limited to St David's Islanders and most who have such ancestry are unaware of it. During the colonial period, hundreds of Native Americans were shipped to Bermuda. The best-known examples were the Algonquian peoples who were exiled from the southern New England colonies and sold into slavery in the 17th century, notably in the aftermaths of the Pequot and King Philip's wars."", 'Jeffrey Long and Rick Kittles give a long critique of the application of FST to human populations in their 2003 paper ""Human Genetic Diversity and the Nonexistence of Biological Races"". They find that the figure of 85% is misleading because it implies that all human populations contain on average 85% of all genetic diversity. They claim that this does not correctly reflect human population history, because it treats all human groups as independent. A more realistic portrayal of the way human groups are related is to understand that some human groups are parental to other groups and that these groups represent paraphyletic groups to their descent groups. For example, under the recent African origin theory the human population in Africa is paraphyletic to all other human groups because it represents the ancestral group from which all non-African populations derive, but more than that, non-African groups only derive from a small non-representative sample of this African population. This means that all non-African groups are more closely related to each other and to some African groups (probably east Africans) than they are to others, and further that the migration out of Africa represented a genetic bottleneck, with much of the diversity that existed in Africa not being carried out of Africa by the emigrating groups. This view produces a version of human population movements that do not result in all human populations being independent; but rather, produces a series of dilutions of diversity the further from Africa any population lives, each founding event representing a genetic subset of its parental population. Long and Kittles find that rather than 85% of human genetic diversity existing in all human populations, about 100% of human diversity exists in a single African population, whereas only about 70% of human genetic diversity exists in a population derived from New Guinea. Long and Kittles argued that this still produces a global human population that is genetically homogeneous compared to other mammalian populations.', ""The PLP, the party in government when the decision to join CARICOM was made, has been dominated for decades by West Indians and their descendants. (The prominent roles of West Indians among Bermuda's black politicians and labour activists predated party politics in Bermuda, as exemplified by Dr. E. F. Gordon). The late PLP leader, Dame Lois Browne-Evans, and her Trinidadian-born husband, John Evans (who co-founded the West Indian Association of Bermuda in 1976), were prominent members of this group. They have emphasised Bermuda's cultural connections with the West Indies. Many Bermudians, both black and white, who lack family connections to the West Indies have objected to this emphasis.""]","[0.6610382199287415, 0.5159500241279602, 0.4743000864982605]",0.6610382199287415,0.8305191099643707,0.6542194187641144,,0.6610382199287415,0.30843883752822876,,0.7335542798042298,0.0,0.0,flag
calibration,5729247faf94a219006aa0e8,Insects formed mechanisms to shield against what?,plant toxins,plant toxins,['plant toxins'],['plant toxins'],plant toxins,['plant toxins'],True,1.0,1.0,"['Insects were among the earliest terrestrial herbivores and acted as major selection agents on plants. Plants evolved chemical defenses against this herbivory and the insects, in turn, evolved mechanisms to deal with plant toxins. Many insects make use of these toxins to protect themselves from their predators. Such insects often advertise their toxicity using warning colors. This successful evolutionary pattern has also been used by mimics. Over time, this has led to complex groups of coevolved species. Conversely, some interactions between plants and insects, like pollination, are beneficial to both organisms. Coevolution has led to the development of very specific mutualisms in such systems.', 'Many adult insects use six legs for walking and have adopted a tripedal gait. The tripedal gait allows for rapid walking while always having a stable stance and has been studied extensively in cockroaches. The legs are used in alternate triangles touching the ground. For the first step, the middle right leg and the front and rear left legs are in contact with the ground and move the insect forward, while the front and rear right leg and the middle left leg are lifted and moved forward to a new position. When they touch the ground to form a new stable triangle the other legs can be lifted and brought forward in turn and so on. The purest form of the tripedal gait is seen in insects moving at high speeds. However, this type of locomotion is not rigid and insects can adapt a variety of gaits. For example, when moving slowly, turning, or avoiding obstacles, four or more feet may be touching the ground. Insects can also adapt their gait to cope with the loss of one or more limbs.', 'A few insects, such as members of the families Poduridae and Onychiuridae (Collembola), Mycetophilidae (Diptera) and the beetle families Lampyridae, Phengodidae, Elateridae and Staphylinidae are bioluminescent. The most familiar group are the fireflies, beetles of the family Lampyridae. Some species are able to control this light generation to produce flashes. The function varies with some species using them to attract mates, while others use them to lure prey. Cave dwelling larvae of Arachnocampa (Mycetophilidae, Fungus gnats) glow to lure small flying insects into sticky strands of silk. Some fireflies of the genus Photuris mimic the flashing of female Photinus species to attract males of that species, which are then captured and devoured. The colors of emitted light vary from dull blue (Orfelia fultoni, Mycetophilidae) to the familiar greens and the rare reds (Phrixothrix tiemanni, Phengodidae).']","[0.6048553586006165, 0.45649904012680054, 0.44863587617874146]",0.6048553586006165,0.8024276793003082,0.698604628443718,,0.6048553586006165,0.3972092568874359,,0.7453250013291837,1.0,1.0,flag
calibration,56f893a2a6d7ea1400e1777d,Where did Agassiz study during the 1840s?,Unteraar Glacier,Unteraar Glacier,['Unteraar Glacier'],['Unteraar Glacier'],Unteraar Glacier,['the Unteraar Glacier'],True,1.0,1.0,"['Agassiz studied glacier movement in the 1840s at the Unteraar Glacier where he found the glacier moved 100 m (328 ft) per year, more rapidly in the middle than at the edges. His work was continued by other scientists and now a permanent laboratory exists inside a glacier under the Jungfraujoch, devoted exclusively to the study of Alpine glaciers.', ""The correlation between capitalism, aristocracy, and imperialism has long been debated among historians and political theorists. Much of the debate was pioneered by such theorists as J. A. Hobson (1858–1940), Joseph Schumpeter (1883–1950), Thorstein Veblen (1857–1929), and Norman Angell (1872–1967). While these non-Marxist writers were at their most prolific before World War I, they remained active in the interwar years. Their combined work informed the study of imperialism and it's impact on Europe, as well as contributed to reflections on the rise of the military-political complex in the United States from the 1950s. Hobson argued that domestic social reforms could cure the international disease of imperialism by removing its economic foundation. Hobson theorized that state intervention through taxation could boost broader consumption, create wealth, and encourage a peaceful, tolerant, multipolar world order."", 'Darwin and Wallace unveiled evolution in the late 1850s. There was an immediate rush to bring it into the social sciences. Paul Broca in Paris was in the process of breaking away from the Société de biologie to form the first of the explicitly anthropological societies, the Société d\'Anthropologie de Paris, meeting for the first time in Paris in 1859.[n 4] When he read Darwin he became an immediate convert to Transformisme, as the French called evolutionism. His definition now became ""the study of the human group, considered as a whole, in its details, and in relation to the rest of nature"".']","[0.6132973432540894, 0.3180280923843384, 0.31715118885040283]",0.6132973432540894,0.8066486716270447,0.6793563067913055,,0.6132973432540894,0.3587126135826111,,0.7366378709673882,1.0,1.0,flag
calibration,570b2ec76b8089140040f7de,What was the name of the 360's video store service?,Xbox Video Marketplace,Xbox Video Marketplace,['Xbox Video Marketplace'],['Xbox Video Marketplace'],Xbox Video Marketplace,['Xbox Video Marketplace'],True,1.0,1.0,"[""On November 6, 2006, Microsoft announced the Xbox Video Marketplace, an exclusive video store accessible through the console. Launched in the United States on November 22, 2006, the first anniversary of the Xbox 360's launch, the service allows users in the United States to download high-definition and standard-definition television shows and movies onto an Xbox 360 console for viewing. With the exception of short clips, content is not currently available for streaming, and must be downloaded. Movies are also available for rental. They expire in 14 days after download or at the end of the first 24 hours after the movie has begun playing, whichever comes first. Television episodes can be purchased to own, and are transferable to an unlimited number of consoles. Downloaded files use 5.1 surround audio and are encoded using VC-1 for video at 720p, with a bitrate of 6.8 Mbit/s. Television content is offered from MTV, VH1, Comedy Central, Turner Broadcasting, and CBS; and movie content is Warner Bros., Paramount, and Disney, along with other publishers."", 'In May 2014, prior to the launch of YouTube\'s subscription-based Music Key service, the independent music trade organization Worldwide Independent Network alleged that YouTube was using non-negotiable contracts with independent labels that were ""undervalued"" in comparison to other streaming services, and that YouTube would block all music content from labels who do not reach a deal to be included on the paid service. In a statement to the Financial Times in June 2014, Robert Kyncl confirmed that YouTube would block the content of labels who do not negotiate deals to be included in the paid service ""to ensure that all content on the platform is governed by its new contractual terms."" Stating that 90% of labels had reached deals, he went on to say that ""while we wish that we had [a] 100% success rate, we understand that is not likely an achievable goal and therefore it is our responsibility to our users and the industry to launch the enhanced music experience."" The Financial Times later reported that YouTube had reached an aggregate deal with Merlin Network—a trade group representing over 20,000 independent labels, for their inclusion in the service. However, YouTube itself has not confirmed the deal.', ""The PlayStation Store is an online virtual market available to users of Sony's PlayStation 3 (PS3) and PlayStation Portable (PSP) game consoles via the PlayStation Network. The Store offers a range of downloadable content both for purchase and available free of charge. Available content includes full games, add-on content, playable demos, themes and game and movie trailers. The service is accessible through an icon on the XMB on PS3 and PSP. The PS3 store can also be accessed on PSP via a Remote Play connection to PS3. The PSP store is also available via the PC application, Media Go. As of September 24, 2009, there have been over 600 million downloads from the PlayStation Store worldwide.""]","[0.6791979074478149, 0.4191005825996399, 0.3996814787387848]",0.6791979074478149,0.8395989537239075,0.8342598378658295,,0.6791979074478149,0.6685196757316589,,0.8366624400019647,1.0,1.0,accept
calibration,572a8568f75d5e190021fb42,"Along with Orlando, what city would have been connected to Miami via Florida High Speed Rail?",Tampa,Tampa,['Tampa'],['Tampa'],Tampa,['Tampa'],True,1.0,1.0,"['Florida High Speed Rail was a proposed government backed high-speed rail system that would have connected Miami, Orlando, and Tampa. The first phase was planned to connect Orlando and Tampa and was offered federal funding, but it was turned down by Governor Rick Scott in 2011. The second phase of the line was envisioned to connect Miami. By 2014, a private project known as All Aboard Florida by a company of the historic Florida East Coast Railway began construction of a higher-speed rail line in South Florida that is planned to eventually terminate at Orlando International Airport.', '""By May 1539, Conquistador Hernando de Soto skirted the coast of Florida, searching for a deep harbor to land. He described seeing a thick wall of red mangroves spread mile after mile, some reaching as high as 70 feet (21 m), with intertwined and elevated roots making landing difficult. Very soon, \'many smokes\' appeared \'along the whole coast\', billowing against the sky, when the Native ancestors of the Seminole spotted the newcomers and spread the alarm by signal fires"". The Spanish introduced Christianity, cattle, horses, sheep, the Spanish language, and more to Florida.[full citation needed] Both the Spanish and French established settlements in Florida, with varying degrees of success. In 1559, Don Tristán de Luna y Arellano established a colony at present-day Pensacola, one of the first European settlements in the continental United States, but it was abandoned by 1561.', ""The Twilight Zone Tower of Terror is the common name for a series of elevator attractions at the Disney's Hollywood Studios park in Orlando, the Disney California Adventure Park park in Anaheim, the Walt Disney Studios Park in Paris and the Tokyo DisneySea park in Tokyo. The central element of this attraction is a simulated free-fall achieved through the use of a high-speed elevator system. For safety reasons, passengers are seated and secured in their seats rather than standing. Unlike most traction elevators, the elevator car and counterweight are joined using a rail system in a continuous loop running through both the top and the bottom of the drop shaft. This allows the drive motor to pull down on the elevator car from underneath, resulting in downward acceleration greater than that of normal gravity. The high-speed drive motor is used to rapidly lift the elevator as well.""]","[0.7407721281051636, 0.42697930335998535, 0.3822270631790161]",0.7407721281051636,0.8703860640525818,0.6519156396389008,,0.7407721281051636,0.3038312792778015,,0.7502273306250573,1.0,1.0,flag
calibration,573366074776f419006609e6,In what way did Whitehead view God as deficient?,"fluent and changing things that yearn for a permanence which only God can provide by taking them into God's self, thereafter changing God and affecting the rest of the universe throughout time","fluent and changing things that yearn for a permanence which only God can provide by taking them into God's self, thereafter changing God and affecting the rest of the universe throughout time","[""fluent and changing things that yearn for a permanence which only God can provide by taking them into God's self, thereafter changing God and affecting the rest of the universe throughout time""]","[""fluent and changing things that yearn for a permanence which only God can provide by taking them into God's self, thereafter changing God and affecting the rest of the universe throughout time""]","fluent and changing things that yearn for a permanence which only God can provide by taking them into God's self, thereafter changing God and affecting the rest of the universe throughout time",['deficient in actuality and change'],True,1.0,1.0,"[""Whitehead thus sees God and the world as fulfilling one another. He sees entities in the world as fluent and changing things that yearn for a permanence which only God can provide by taking them into God's self, thereafter changing God and affecting the rest of the universe throughout time. On the other hand, he sees God as permanent but as deficient in actuality and change: alone, God is merely eternally unrealized possibilities, and requires the world to actualize them. God gives creatures permanence, while the creatures give God actuality and change. Here it is worthwhile to quote Whitehead at length:"", 'In fact, process theology is difficult to define because process theologians are so diverse and transdisciplinary in their views and interests. John B. Cobb, Jr. is a process theologian who has also written books on biology and economics. Roland Faber and Catherine Keller integrate Whitehead with poststructuralist, postcolonialist, and feminist theory. Charles Birch was both a theologian and a geneticist. Franklin I. Gamwell writes on theology and political theory. In Syntheism - Creating God in The Internet Age, futurologists Alexander Bard and Jan Söderqvist repeatedly credit Whitehead for the process theology they see rising out of the participatory culture expected to dominate the digital era.', 'Another view, advanced by Richard Dawkins, is that the existence of God is an empirical question, on the grounds that ""a universe with a god would be a completely different kind of universe from one without, and it would be a scientific difference."" Carl Sagan argued that the doctrine of a Creator of the Universe was difficult to prove or disprove and that the only conceivable scientific discovery that could disprove the existence of a Creator would be the discovery that the universe is infinitely old.']","[0.6880819797515869, 0.43746379017829895, 0.32927706837654114]",0.6880819797515869,0.8440409898757935,0.7356012910604477,,0.6880819797515869,0.4712025821208954,,0.7843991555273533,0.0,0.0588235294117647,flag
calibration,5727f6982ca10214002d9a56,Time is one of how many fundamental physical quantities?,seven,seven,['seven'],['seven'],seven,['seven'],True,1.0,1.0,"['Time is one of the seven fundamental physical quantities in both the International System of Units and International System of Quantities. Time is used to define other quantities—such as velocity—so defining time in terms of such quantities would result in circularity of definition. An operational definition of time, wherein one says that observing a certain number of repetitions of one or another standard cyclical event (such as the passage of a free-swinging pendulum) constitutes one standard unit such as the second, is highly useful in the conduct of both advanced experiments and everyday affairs of life. The operational definition leaves aside the question whether there is something called time, apart from the counting activity just mentioned, that flows and that can be measured. Investigations of a single continuum called spacetime bring questions about space into questions about time, questions that have their roots in the works of early students of natural philosophy.', ""This law is a fundamental principle of physics. As shown rigorously by Noether's theorem, the conservation of energy is a mathematical consequence of translational symmetry of time, a property of most phenomena below the cosmic scale that makes them independent of their locations on the time coordinate. Put differently, yesterday, today, and tomorrow are physically indistinguishable. This is because energy is the quantity which is canonical conjugate to time. This mathematical entanglement of energy and time also results in the uncertainty principle - it is impossible to define the exact amount of energy during any definite time interval. The uncertainty principle should not be confused with energy conservation - rather it provides mathematical limits to which energy can in principle be defined and measured."", 'For many geologic applications, isotope ratios of radioactive elements are measured in minerals that give the amount of time that has passed since a rock passed through its particular closure temperature, the point at which different radiometric isotopes stop diffusing into and out of the crystal lattice. These are used in geochronologic and thermochronologic studies. Common methods include uranium-lead dating, potassium-argon dating, argon-argon dating and uranium-thorium dating. These methods are used for a variety of applications. Dating of lava and volcanic ash layers found within a stratigraphic sequence can provide absolute age data for sedimentary rock units which do not contain radioactive isotopes and calibrate relative dating techniques. These methods can also be used to determine ages of pluton emplacement. Thermochemical techniques can be used to determine temperature profiles within the crust, the uplift of mountain ranges, and paleotopography.']","[0.7032670378684998, 0.3614211082458496, 0.29360532760620117]",0.7032670378684998,0.8516335189342499,0.5182087514549494,,0.7032670378684998,0.03641750290989876,,0.6682498968206346,1.0,1.0,escalate
calibration,56e0455c231d4119001ac023,A preaspirated consonant is marked how?,preaspirated,preaspirated,['preaspirated'],['preaspirated'],preaspirated,['placing the aspiration modifier letter before the consonant symbol'],True,1.0,1.0,"['Preaspirated consonants are marked by placing the aspiration modifier letter before the consonant symbol: ⟨ʰp⟩ represents the preaspirated bilabial stop.', 'Many Indo-Aryan languages have aspirated stops. Sanskrit, Hindi, Bengali, Marathi, and Gujarati have a four-way distinction in stops: voiceless, aspirated, voiced, and breathy-voiced or voiced aspirated, such as /p pʰ b bʱ/. Punjabi has lost breathy-voiced consonants, which resulted in a tone system, and therefore has a distinction between voiceless, aspirated, and voiced: /p pʰ b/.', 'The history of phonology may be traced back to the Ashtadhyayi, the Sanskrit grammar composed by Pāṇini in the 4th century BC. In particular the Shiva Sutras, an auxiliary text to the Ashtadhyayi, introduces what can be considered a list of the phonemes of the Sanskrit language, with a notational system for them that is used throughout the main text, which deals with matters of morphology, syntax and semantics.']","[0.7239195108413696, 0.4211014211177826, 0.3175376355648041]",0.7239195108413696,0.8619597554206848,0.6198840066790581,,0.7239195108413696,0.23976801335811615,,0.7288180936127902,0.0,0.0,flag
calibration,572772ab708984140094ddc7,How many Asian organizations were involved in filing the federal complaints?,60,60,['60'],['60'],60,['more than 60'],True,1.0,1.0,"['In May 2015, a coalition of more than 60 Asian-American organizations filed federal complaints with the Education and Justice Departments against Harvard University. The coalition asked for a civil rights investigation into what they described as Harvard\'s discriminatory admission practices against Asian-American applicants. The complaint asserts that recent studies indicate that Harvard has engaged in systematic and continuous discrimination against Asian Americans in its ""holistic"" admissions process. Asian-American applicants with near-perfect test scores, top-one-percent grade point averages, academic awards, and leadership positions are allegedly rejected by Harvard because the university uses racial stereotypes, racially differentiated standards, and de facto racial quotas. This federal complaint was dismissed in July 2015 because the Students for Fair Admissions lawsuit makes similar allegations.', 'The presence of companies like Shell in the Niger-Delta has led to extreme environmental issues in the Niger Delta. Many pipelines in the Niger-Delta owned by Shell are old and corroded. Shell has acknowledged its responsibility for keeping the pipelines new but has also denied responsibility for environmental causes. This has led to mass protests from the Niger-Delta inhabitants and Amnesty International against Shell and Friends of the Earth Netherlands. It has also led to action plans to boycott Shell by environmental groups, and human rights groups. In January 2013, a Dutch court rejected four out of five allegations brought against the firm over oil pollution in the Niger Delta but found a subsidiary guilty of one case of pollution, ordering compensation to be paid to a Nigerian farmer.', 'In 2002, the Taiwan Solidarity Union, a party with about 10% of the Legislative Yuan seats at the time, suggested making Taiwanese a second official language. This proposal encountered strong opposition not only from Mainlander groups but also from Hakka and Taiwanese aboriginal groups who felt that it would slight their home languages, as well as others including Hoklo who objected to the proposal on logistical grounds and on the grounds that it would increase ethnic tensions. Because of these objections, support for this measure was lukewarm among moderate Taiwan independence supporters, and the proposal did not pass.']","[0.4803776443004608, 0.3619154393672943, 0.3435491919517517]",0.4803776443004608,0.7401888221502304,0.49474228266626596,,0.4803776443004608,-0.010515434667468071,,0.60519322543405,0.0,0.5,escalate
calibration,573084818ab72b1400f9c545,Which ruler introduced Christianity in Kievan Rus?,Vladimir the Great,Vladimir the Great,['Vladimir the Great'],['Vladimir the Great'],Vladimir the Great,['Vladimir the Great'],True,1.0,1.0,"[""Kievan Rus' begins with the rule (882–912) of Prince Oleg, who extended his control from Novgorod south along the Dnieper river valley in order to protect trade from Khazar incursions from the east and moved his capital to the more strategic Kiev. Sviatoslav I (died 972) achieved the first major expansion of Kievan Rus' territorial control, fighting a war of conquest against the Khazar Empire. Vladimir the Great (980–1015) introduced Christianity with his own baptism and, by decree, that of all the inhabitants of Kiev and beyond. Kievan Rus' reached its greatest extent under Yaroslav I (1019–1054); his sons assembled and issued its first written legal code, the Rus' Justice, shortly after his death."", 'Roman Catholic Jesuits and Capuchins arrived from Europe in the 17th and 18th centuries. Portuguese missionaries Jesuit Father António de Andrade and Brother Manuel Marques first reached the kingdom of Gelu in western Tibet in 1624 and was welcomed by the royal family who allowed them to build a church later on. By 1627, there were about a hundred local converts in the Guge kingdom. Later on, Christianity was introduced to Rudok, Ladakh and Tsang and was welcomed by the ruler of the Tsang kingdom, where Andrade and his fellows established a Jesuit outpost at Shigatse in 1626.', 'The pagan Slavic populations were Christianized between the 6th and 10th centuries. Orthodox Christianity is predominant in the East and South Slavs, while Roman Catholicism is predominant in West Slavs and the western South Slavs. The religious borders are largely comparable to the East–West Schism which began in the 11th century. The majority of contemporary Slavic populations who profess a religion are Orthodox, followed by Catholic, while a small minority are Protestant. There are minor Slavic Muslim groups. Religious delineations by nationality can be very sharp; usually in the Slavic ethnic groups the vast majority of religious people share the same religion. Some Slavs are atheist or agnostic: only 19% of Czechs professed belief in god/s in the 2005 Eurobarometer survey.']","[0.6923255324363708, 0.5003613233566284, 0.4626379609107971]",0.6923255324363708,0.8461627662181854,0.691877692937851,,0.6923255324363708,0.3837553858757019,,0.7613059759140015,1.0,1.0,flag
calibration,572a11661d04691400779725,Conquests by who began the transformation of the Ottoman sultanate into an Empire?,Mehmed the Conqueror,Mehmed the Conqueror,['Mehmed the Conqueror'],['Mehmed the Conqueror'],Mehmed the Conqueror,['Murad I'],True,1.0,1.0,"['The Ottoman Empire (/ˈɒtəmən/; Ottoman Turkish: دَوْلَتِ عَلِيّهٔ عُثمَانِیّه\u200e Devlet-i Aliyye-i Osmâniyye, Modern Turkish: Osmanlı İmparatorluğu or Osmanlı Devleti), also known as the Turkish Empire, Ottoman Turkey or Turkey, was an empire founded in 1299 by Oghuz Turks under Osman I in northwestern Anatolia. After conquests in the Balkans by Murad I between 1362 and 1389, the Ottoman sultanate was transformed into a transcontinental empire and claimant to the caliphate. The Ottomans ended the Byzantine Empire with the 1453 conquest of Constantinople by Mehmed the Conqueror.', 'Suleiman the Magnificent (1520–1566) captured Belgrade in 1521, conquered the southern and central parts of the Kingdom of Hungary as part of the Ottoman–Hungarian Wars,[not in citation given] and, after his historical victory in the Battle of Mohács in 1526, he established Turkish rule in the territory of present-day Hungary (except the western part) and other Central European territories. He then laid siege to Vienna in 1529, but failed to take the city. In 1532, he made another attack on Vienna, but was repulsed in the Siege of Güns. Transylvania, Wallachia and, intermittently, Moldavia, became tributary principalities of the Ottoman Empire. In the east, the Ottoman Turks took Baghdad from the Persians in 1535, gaining control of Mesopotamia and naval access to the Persian Gulf. In 1555, the Caucasus became officially partitioned for the first time between the Safavids and the Ottomans, a status quo that would remain until the end of the Russo-Turkish War (1768–74). By this partitioning of the Caucasus as signed in the Peace of Amasya, Western Armenia, and Western Georgia fell into Ottoman hands, while Dagestan, Eastern Armenia, Eastern Georgia, and Azerbaijan remained Persian.', 'In the 14th century, much of the Greek peninsula was lost by the Byzantine Empire at first to the Serbs and then to the Ottomans. By the beginning of the 15th century, the Ottoman advance meant that Byzantine territory in Greece was limited mainly to its then-largest city, Thessaloniki, and the Peloponnese (Despotate of the Morea). After the fall of Constantinople to the Ottomans in 1453, the Morea was the last remnant of the Byzantine Empire to hold out against the Ottomans. However, this, too, fell to the Ottomans in 1460, completing the Ottoman conquest of mainland Greece. With the Turkish conquest, many Byzantine Greek scholars, who up until then were largely responsible for preserving Classical Greek knowledge, fled to the West, taking with them a large body of literature and thereby significantly contributing to the Renaissance.']","[0.7016046643257141, 0.47480493783950806, 0.41311562061309814]",0.7016046643257141,0.8508023321628571,0.6547583639621735,,0.7016046643257141,0.3095167279243469,,0.7429781496524812,0.0,0.0,flag
calibration,570db375df2f5219002ed103,How many percent of adolescents have had a romantic relationship lasting one month or longer by age 15?,53%,53%,['53%'],['53%'],53%,['53%'],True,1.0,1.0,"['Romantic relationships tend to increase in prevalence throughout adolescence. By age 15, 53% of adolescents have had a romantic relationship that lasted at least one month over the course of the previous 18 months. In a 2008 study conducted by YouGov for Channel 4, 20% of 14−17-year-olds surveyed revealed that they had their first sexual experience at 13 or under in the United Kingdom. A 2002 American study found that those aged 15–44 reported that the average age of first sexual intercourse was 17.0 for males and 17.3 for females. The typical duration of relationships increases throughout the teenage years as well. This constant increase in the likelihood of a long-term relationship can be explained by sexual maturation and the development of cognitive skills necessary to maintain a romantic bond (e.g. caregiving, appropriate attachment), although these skills are not strongly developed until late adolescence. Long-term relationships allow adolescents to gain the skills necessary for high-quality relationships later in life and develop feelings of self-worth. Overall, positive romantic relationships among adolescents can result in long-term benefits. High-quality romantic relationships are associated with higher commitment in early adulthood and are positively associated with self-esteem, self-confidence, and social competence. For example, an adolescent with positive self-confidence is likely to consider themselves a more successful partner, whereas negative experiences may lead to low confidence as a romantic partner. Adolescents often date within their demographic in regards to race, ethnicity, popularity, and physical attractiveness. However, there are traits in which certain individuals, particularly adolescent girls, seek diversity. While most adolescents date people approximately their own age, boys typically date partners the same age or younger; girls typically date partners the same age or older.', ""In terms of sexual identity, adolescence is when most gay/lesbian and transgender adolescents begin to recognize and make sense of their feelings. Many adolescents may choose to come out during this period of their life once an identity has been formed; many others may go through a period of questioning or denial, which can include experimentation with both homosexual and heterosexual experiences. A study of 194 lesbian, gay, and bisexual youths under the age of 21 found that having an awareness of one's sexual orientation occurred, on average, around age 10, but the process of coming out to peers and adults occurred around age 16 and 17, respectively. Coming to terms with and creating a positive LGBT identity can be difficult for some youth for a variety of reasons. Peer pressure is a large factor when youth who are questioning their sexuality or gender identity are surrounded by heteronormative peers and can cause great distress due to a feeling of being different from everyone else. While coming out can also foster better psychological adjustment, the risks associated are real. Indeed, coming out in the midst of a heteronormative peer environment often comes with the risk of ostracism, hurtful jokes, and even violence. Because of this, statistically the suicide rate amongst LGBT adolescents is up to four times higher than that of their heterosexual peers due to bullying and rejection from peers or family members."", 'The appearance of more systematic, abstract thinking is another notable aspect of cognitive development during adolescence. For example, adolescents find it easier than children to comprehend the sorts of higher-order abstract logic inherent in puns, proverbs, metaphors, and analogies. Their increased facility permits them to appreciate the ways in which language can be used to convey multiple messages, such as satire, metaphor, and sarcasm. (Children younger than age nine often cannot comprehend sarcasm at all.) This also permits the application of advanced reasoning and logical processes to social and ideological matters such as interpersonal relationships, politics, philosophy, religion, morality, friendship, faith, democracy, fairness, and honesty.']","[0.7167021036148071, 0.36015740036964417, 0.2608959674835205]",0.7167021036148071,0.8583510518074036,0.5258996747434139,,0.7167021036148071,0.05179934948682785,,0.6755027944222093,1.0,1.0,escalate
test,572759665951b619008f8884,In what year did Massachusetts first require children to be educated in schools?,1852,1852,['1852'],['1852'],1852,"['1852', '1852', '1852']",True,1.0,1.0,"['Private schooling in the United States has been debated by educators, lawmakers and parents, since the beginnings of compulsory education in Massachusetts in 1852. The Supreme Court precedent appears to favor educational choice, so long as states may set standards for educational accomplishment. Some of the most relevant Supreme Court case law on this is as follows: Runyon v. McCrary, 427 U.S. 160 (1976); Wisconsin v. Yoder, 406 U.S. 205 (1972); Pierce v. Society of Sisters, 268 U.S. 510 (1925); Meyer v. Nebraska, 262 U.S. 390 (1923).', 'The state is among the best in pre-kindergarten education, and the National Institute for Early Education Research rated it first in the United States with regard to standards, quality, and access to pre-kindergarten education in 2004, calling it a model for early childhood schooling. High school dropout rate decreased from 3.1 to 2.5 percent between 2007 and 2008 with Oklahoma ranked among 18 other states with 3 percent or less dropout rate. In 2004, the state ranked 36th in the nation for the relative number of adults with high school diplomas, though at 85.2 percent, it had the highest rate among southern states.', 'The primary responsibility for a boy\'s studies lies with his House Master, but he is assisted by an additional director of studies, known as a tutor. Classes, colloquially known as ""divs"" (divisions), are organised on a School basis; the classrooms are separate from the houses. New school buildings have appeared for teaching purposes every decade or so since New Schools, designed by Henry Woodyer and built 1861-3. Despite the introduction of modern technology, the external appearance and locations of many of the classrooms have remained unchanged for a long time.']","[0.6323540210723877, 0.43947267532348633, 0.37838026881217957]",0.6323540210723877,0.8161770105361938,0.5732095241546631,,0.6323540210723877,0.14641904830932617,,0.682544893026352,1.0,1.0,escalate
test,57296de03f37b3190047839e,When were stromules discovered?,1962,1962,['1962'],['1962'],1962,"['1962', '1962', '1962']",True,1.0,1.0,"[""The chloroplast membranes sometimes protrude out into the cytoplasm, forming a stromule, or stroma-containing tubule. Stromules are very rare in chloroplasts, and are much more common in other plastids like chromoplasts and amyloplasts in petals and roots, respectively. They may exist to increase the chloroplast's surface area for cross-membrane transport, because they are often branched and tangled with the endoplasmic reticulum. When they were first observed in 1962, some plant biologists dismissed the structures as artifactual, claiming that stromules were just oddly shaped chloroplasts with constricted regions or dividing chloroplasts. However, there is a growing body of evidence that stromules are functional, integral features of plant cell plastids, not merely artifacts."", ""Modern chemistry emerged from the sixteenth through the eighteenth centuries through the material practices and theories promoted by alchemy, medicine, manufacturing and mining. A decisive moment came when 'chymistry' was distinguished from alchemy by Robert Boyle in his work The Sceptical Chymist, in 1661; although the alchemical tradition continued for some time after his work. Other important steps included the gravimetric experimental practices of medical chemists like William Cullen, Joseph Black, Torbern Bergman and Pierre Macquer and through the work of Antoine Lavoisier (Father of Modern Chemistry) on oxygen and the law of conservation of mass, which refuted phlogiston theory. The theory that all matter is made of atoms, which are the smallest constituents of matter that cannot be broken down without losing the basic chemical and physical properties of that matter, was provided by John Dalton in 1803, although the question took a hundred years to settle as proven. Dalton also formulated the law of mass relationships. In 1869, Dmitri Mendeleev composed his periodic table of elements on the basis of Dalton's discoveries."", ""St Helena's biodiversity, however, also includes marine vertebrates, invertebrates (freshwater, terrestrial and marine), fungi (including lichen-forming species), non-vascular plants, seaweeds and other biological groups. To date, very little is known about these, although more than 200 lichen-forming fungi have been recorded, including 9 endemics, suggesting that many significant discoveries remain to be made.""]","[0.4904564619064331, 0.3748962879180908, 0.3326604962348938]",0.4904564619064331,0.7452282309532166,0.5047766510397196,,0.4904564619064331,0.009553302079439163,,0.6129798620007932,1.0,1.0,escalate
test,5726d4a45951b619008f7f6c,Which artist who had a major influence on the Gothic Revival is represented in the V&A's British galleries?,Gian Lorenzo Bernini,Gian Lorenzo Bernini,['Gian Lorenzo Bernini'],['Gian Lorenzo Bernini'],Gian Lorenzo Bernini,"['Horace Walpole', 'Horace Walpole', 'Horace Walpole']",True,1.0,1.0,"['Not only the work of British artists and craftspeople is on display, but also work produced by European artists that was purchased or commissioned by British patrons, as well as imports from Asia, including porcelain, cloth and wallpaper. Designers and artists whose work is on display in the galleries include Gian Lorenzo Bernini, Grinling Gibbons, Daniel Marot, Louis Laguerre, Antonio Verrio, Sir James Thornhill, William Kent, Robert Adam, Josiah Wedgwood, Matthew Boulton, Canova, Thomas Chippendale, Pugin, William Morris. Patrons who have influenced taste are also represented by works of art from their collections, these include: Horace Walpole (a major influence on the Gothic Revival), William Thomas Beckford and Thomas Hope.', 'The costume collection is the most comprehensive in Britain, containing over 14,000 outfits plus accessories, mainly dating from 1600 to the present. Costume sketches, design notebooks, and other works on paper are typically held by the Word and Image department. Because everyday clothing from previous eras has not generally survived, the collection is dominated by fashionable clothes made for special occasions. One of the first significant gifts of costume came in 1913 when the V&A received the Talbot Hughes collection containing 1,442 costumes and items as a gift from Harrods following its display at the nearby department store.', ""The last major building work took place during the reign of King George V when, in 1913, Sir Aston Webb redesigned Blore's 1850 East Front to resemble in part Giacomo Leoni's Lyme Park in Cheshire. This new, refaced principal façade (of Portland stone) was designed to be the backdrop to the Victoria Memorial, a large memorial statue of Queen Victoria, placed outside the main gates. George V, who had succeeded Edward VII in 1910, had a more serious personality than his father; greater emphasis was now placed on official entertaining and royal duties than on lavish parties. He arranged a series of command performances featuring jazz musicians such as the Original Dixieland Jazz Band (1919) – the first jazz performance for a head of state, Sidney Bechet, and Louis Armstrong (1932), which earned the palace a nomination in 2009 for a (Kind of) Blue Plaque by the Brecon Jazz Festival as one of the venues making the greatest contribution to jazz music in the United Kingdom. George V's wife Queen Mary was a connoisseur of the arts, and took a keen interest in the Royal Collection of furniture and art, both restoring and adding to it. Queen Mary also had many new fixtures and fittings installed, such as the pair of marble Empire-style chimneypieces by Benjamin Vulliamy, dating from 1810, which the Queen had installed in the ground floor Bow Room, the huge low room at the centre of the garden façade. Queen Mary was also responsible for the decoration of the Blue Drawing Room. This room, 69 feet (21 metres) long, previously known as the South Drawing Room, has a ceiling designed specially by Nash, coffered with huge gilt console brackets.""]","[0.6335610151290894, 0.3819562494754791, 0.35896265506744385]",0.6335610151290894,0.8167805075645447,0.5078527648001909,,0.6335610151290894,0.01570552960038185,,0.6468702490441502,0.0,0.0,escalate
test,572843304b864d1900164848,"In 1890, who did the university decide to team up with?",Des Moines College,Des Moines College,['Des Moines College'],['Des Moines College'],Des Moines College,"['several regional colleges and universities', 'Des Moines College, Kalamazoo College, Butler University, and Stetson University', 'Des Moines College, Kalamazoo College, Butler University, and Stetson University', 'Des Moines College, Kalamazoo College, Butler University, and Stetson University']",True,1.0,1.0,"[""In the 1890s, the University of Chicago, fearful that its vast resources would injure smaller schools by drawing away good students, affiliated with several regional colleges and universities: Des Moines College, Kalamazoo College, Butler University, and Stetson University. In 1896, the university affiliated with Shimer College in Mount Carroll, Illinois. Under the terms of the affiliation, the schools were required to have courses of study comparable to those at the university, to notify the university early of any contemplated faculty appointments or dismissals, to make no faculty appointment without the university's approval, and to send copies of examinations for suggestions. The University of Chicago agreed to confer a degree on any graduating senior from an affiliated school who made a grade of A for all four years, and on any other graduate who took twelve weeks additional study at the University of Chicago. A student or faculty member of an affiliated school was entitled to free tuition at the University of Chicago, and Chicago students were eligible to attend an affiliated school on the same terms and receive credit for their work. The University of Chicago also agreed to provide affiliated schools with books and scientific apparatus and supplies at cost; special instructors and lecturers without cost except travel expenses; and a copy of every book and journal published by the University of Chicago Press at no cost. The agreement provided that either party could terminate the affiliation on proper notice. Several University of Chicago professors disliked the program, as it involved uncompensated additional labor on their part, and they believed it cheapened the academic reputation of the university. The program passed into history by 1910."", ""The process of founding the country's public university began on 11 June 1833 with the passage of a law proposed by Senator Dámaso Antonio Larrañaga. It called for the creation of nine academic departments; the President of the Republic would pass a decree formally creating the departments once the majority of them were in operation. In 1836, the House of General Studies was formed, housing the departments of Latin, philosophy, mathematics, theology and jurisprudence. On 27 May 1838, Manuel Oribe passed a decree establishing the Greater University of the Republic. That decree had few practical effects, given the institutional instability of the Oriental Republic of the Uruguay at that time."", ""By the late Middle Ages university towns had grown in wealth and importance as well, and this was reflected in the buildings of some of Europe's ancient universities. Particularly remarkable examples still standing nowadays include the Collegio di Spagna in the University of Bologna, built during the 14th and 15th centuries; the Collegium Carolinum of the University of Prague in Bohemia; the Escuelas mayores of the University of Salamanca in Spain; the chapel of King's College, Cambridge; or the Collegium Maius of the Jagiellonian University in Kraków, Poland.""]","[0.4626010060310364, 0.45240160822868347, 0.3238246440887451]",0.4626010060310364,0.7313005030155182,0.73777636885643,,0.4626010060310364,0.4755527377128601,,0.7348622292280198,0.0,0.4615384615384615,flag
test,56d729180d65d21400198427,Who got a touchdown making the score 10-7?,Jonathan Stewart,Jonathan Stewart,['Jonathan Stewart'],['Jonathan Stewart'],Jonathan Stewart,"['Jonathan Stewart', 'Jonathan Stewart', 'Stewart']",True,1.0,1.0,"[""After a punt from both teams, Carolina got on track with a 9-play, 73-yard scoring drive. Newton completed 4 of 4 passes for 51 yards and rushed twice for 25 yards, while Jonathan Stewart finished the drive with a 1-yard touchdown run, cutting the score to 10–7 with 11:28 left in the second quarter. Later on, Broncos receiver Jordan Norwood received Brad Nortman's short 28-yard punt surrounded by Panthers players, but none of them attempted to make a tackle, apparently thinking Norwood had called a fair catch. Norwood had not done so, and with no resistance around him, he took off for a Super Bowl record 61-yard return before Mario Addison dragged him down on the Panthers 14-yard line. Despite Denver's excellent field position, they could not get the ball into the end zone, so McManus kicked a 33-yard field goal that increased their lead to 13–7."", ""On Carolina's next possession fullback Mike Tolbert lost a fumble while being tackled by safety Darian Stewart, which linebacker Danny Trevathan recovered on the Broncos 40-yard line. However, the Panthers soon took the ball back when defensive end Kony Ealy tipped a Manning pass to himself and then intercepted it, returning the ball 19 yards to the Panthers 39-yard line with 1:55 left on the clock. The Panthers could not gain any yards with their possession and had to punt. After a Denver punt, Carolina drove to the Broncos 45-yard line. But with 11 seconds left, Newton was sacked by DeMarcus Ware as time expired in the half."", ""The Panthers offense, which led the NFL in scoring (500 points), was loaded with talent, boasting six Pro Bowl selections. Pro Bowl quarterback Cam Newton had one of his best seasons, throwing for 3,837 yards and rushing for 636, while recording a career-high and league-leading 45 total touchdowns (35 passing, 10 rushing), a career-low 10 interceptions, and a career-best quarterback rating of 99.4. Newton's leading receivers were tight end Greg Olsen, who caught a career-high 77 passes for 1,104 yards and seven touchdowns, and wide receiver Ted Ginn, Jr., who caught 44 passes for 739 yards and 10 touchdowns; Ginn also rushed for 60 yards and returned 27 punts for 277 yards. Other key receivers included veteran Jerricho Cotchery (39 receptions for 485 yards), rookie Devin Funchess (31 receptions for 473 yards and five touchdowns), and second-year receiver Corey Brown (31 receptions for 447 yards). The Panthers backfield featured Pro Bowl running back Jonathan Stewart, who led the team with 989 rushing yards and six touchdowns in 13 games, along with Pro Bowl fullback Mike Tolbert, who rushed for 256 yards and caught 18 passes for another 154 yards. Carolina's offensive line also featured two Pro Bowl selections: center Ryan Kalil and guard Trai Turner.""]","[0.5474108457565308, 0.5236293077468872, 0.39532095193862915]",0.5474108457565308,0.7737054228782654,0.6511568129062653,,0.5474108457565308,0.3023136258125305,,0.7063036873936654,1.0,1.0,escalate
test,57274beff1498d1400e8f5e6,How many Examination Boards exist in India?,30,30,['30'],['30'],30,"['30', '30', '30']",True,1.0,1.0,"['In India, private schools are called independent schools, but since some private schools receive financial aid from the government, it can be an aided or an unaided school. So, in a strict sense, a private school is an unaided independent school. For the purpose of this definition, only receipt of financial aid is considered, not land purchased from the government at a subsidized rate. It is within the power of both the union government and the state governments to govern schools since Education appears in the Concurrent list of legislative subjects in the constitution. The practice has been for the union government to provide the broad policy directions while the states create their own rules and regulations for the administration of the sector. Among other things, this has also resulted in 30 different Examination Boards or academic authorities that conduct examinations for school leaving certificates. Prominent Examination Boards that are present in multiple states are the CBSE and the CISCE, NENBSE', 'The Theravada school spread south from India in the 3rd century BCE, to Sri Lanka and Thailand and Burma and later also Indonesia. The Dharmagupta school spread (also in 3rd century BCE) north to Kashmir, Gandhara and Bactria (Afghanistan).', 'The above are further subdivided into 31 planes of existence.[web 4] Rebirths in some of the higher heavens, known as the Śuddhāvāsa Worlds or Pure Abodes, can be attained only by skilled Buddhist practitioners known as anāgāmis (non-returners). Rebirths in the Ārūpyadhātu (formless realms) can be attained by only those who can meditate on the arūpajhānas, the highest object of meditation.']","[0.5560421943664551, 0.33108848333358765, 0.31146693229675293]",0.5560421943664551,0.7780210971832275,0.4638103321194649,,0.5560421943664551,-0.07237933576107025,,0.6052051763981581,1.0,1.0,escalate
test,57274d905951b619008f87e3,Who started rumors in 2008 that ABC would sell its ten owned-and-operated stations?,Barry Goldenson,Barry Goldenson,['Barry Goldenson'],['Barry Goldenson'],Barry Goldenson,"['Caris & Co.', 'Caris & Co.', 'Caris & Co.']",False,,0.0,"[""In June 1978, Arledge created the newsmagazine 20/20; after its first episode received harshly negative reviews, the program – which debuted as a summer series, before becoming a year-round program in 1979 – was immediately revamped to feature a mix of in-depth stories and interviews, with Hugh Downs appointed as its anchor (later paired alongside his former Today colleague Barbara Walters). In February 1979, ABC sold its recording division to MCA Inc. for $20 million; the label was discontinued by March 5 of that year, and all of its 300 employees were laid off (the rights to the works of ABC Records and all of MCA's other labels have since been acquired by Universal Music Group)."", 'In 2007, BSkyB and Virgin Media became involved in a dispute over the carriage of Sky channels on cable TV. The failure to renew the existing carriage agreements negotiated with NTL and Telewest resulted in Virgin Media removing the basic channels from the network on 1 March 2007. Virgin Media claimed that BSkyB had substantially increased the asking price for the channels, a claim which BSkyB denied, on the basis that their new deal offered ""substantially more value"" by including HD channels and Video On Demand content which was not previously carried by cable.', ""In 1965, the corporate entity, American Broadcasting-Paramount Theatres, was renamed as the American Broadcasting Companies,  while its cinema division became ABC Theatres;[citation needed] its recording division was renamed ABC Records in 1966. In December of that year, the ABC television network premiered The Dating Game, a pioneer series in its genre, which was a reworking of the blind date concept in which a suitor selected one of three contestants sight unseen based on the answers to selected questions. This was followed up in July 1966 by The Newlywed Game, featuring three recently married couples who guessed the responses to their partner's questions (some of which were fairly risque). As ABC began to outgrow its facilities at 7 West 66th Street, Goldenson found a new headquarters for ABC in a 44 story building located at 1330 Avenue of the Americas in Manhattan, at the corner of 54th Street (now occupied by The Financial Times's New York office). This operation allowed for the conversion of the premises at 66th Street into production facilities for television and radio programs.""]","[0.5822118520736694, 0.42320966720581055, 0.41608697175979614]",0.5822118520736694,0.7911059260368347,0.5079289861023426,,0.5822118520736694,0.01585797220468521,,0.635358609072864,0.0,0.0,escalate
test,56bf1ae93aeaaa14008c951b,Which network broadcasted the 50th Super Bowl game? ,CBS,CBS,['CBS'],['CBS'],CBS,"['CBS', 'CBS', 'CBS']",True,1.0,1.0,"['CBS broadcast Super Bowl 50 in the U.S., and charged an average of $5 million for a 30-second commercial during the game. The Super Bowl 50 halftime show was headlined by the British rock group Coldplay with special guest performers Beyoncé and Bruno Mars, who headlined the Super Bowl XLVII and Super Bowl XLVIII halftime shows, respectively. It was the third-most watched U.S. broadcast ever.', ""The league announced on October 16, 2012, that the two finalists were Sun Life Stadium and Levi's Stadium. The South Florida/Miami area has previously hosted the event 10 times (tied for most with New Orleans), with the most recent one being Super Bowl XLIV in 2010. The San Francisco Bay Area last hosted in 1985 (Super Bowl XIX), held at Stanford Stadium in Stanford, California, won by the home team 49ers. The Miami bid depended on whether the stadium underwent renovations. However, on May 3, 2013, the Florida legislature refused to approve the funding plan to pay for the renovations, dealing a significant blow to Miami's chances."", 'On June 4, 2014, the NFL announced that the practice of branding Super Bowl games with Roman numerals, a practice established at Super Bowl V, would be temporarily suspended, and that the game would be named using Arabic numerals as Super Bowl 50 as opposed to Super Bowl L. The use of Roman numerals will be reinstated for Super Bowl LI. Jaime Weston, the league\'s vice president of brand and creative, explained that a primary reason for the change was the difficulty of designing an aesthetically pleasing logo with the letter ""L"" using the standardized logo template introduced at Super Bowl XLV. The logo also deviates from the template by featuring large numerals, colored in gold, behind the Vince Lombardi Trophy, instead of underneath and in silver as in the standard logo.']","[0.5943267941474915, 0.4963993430137634, 0.4149405360221863]",0.5943267941474915,0.7971633970737457,0.6441941559314728,,0.5943267941474915,0.28838831186294556,,0.7130303144454957,1.0,1.0,flag
test,57264d9edd62a815002e8100,Why was this short termed organization created?,to promote sustainable natural resource management,to promote sustainable natural resource management,['to promote sustainable natural resource management'],['to promote sustainable natural resource management'],to promote sustainable natural resource management,"['coordinate the response to the embargo', 'to coordinate the response to the embargo', 'to coordinate the response to the embargo', 'to coordinate the response to the embargo', 'to coordinate the response to the embargo']",False,,0.0,"[""A nonprofit organization (NPO, also known as a non-business entity) is an organization whose purposes are other than making a profit. A nonprofit organization is often dedicated to furthering a particular social cause or advocating for a particular point of view. In economic terms, a nonprofit organization uses its surplus revenues to further achieve its purpose or mission, rather than distributing its surplus income to the organization's shareholders (or equivalents) as profit or dividends. This is known as the distribution constraint. The decision to adopt a nonprofit legal structure is one that will often have taxation implications, particularly where the nonprofit seeks income tax exemption, charitable status and so on."", ""In 1993, the newly formed government of Namibia received funding from the United States Agency for International Development (USAID) through its Living in a Finite Environment (LIFE) Project. The Ministry of Environment and Tourism with the financial support from organisations such as USAID, Endangered Wildlife Trust, WWF, and Canadian Ambassador's Fund, together form a Community Based Natural Resource Management (CBNRM) support structure. The main goal of this project is promote sustainable natural resource management by giving local communities rights to wildlife management and tourism."", ""The process of founding the country's public university began on 11 June 1833 with the passage of a law proposed by Senator Dámaso Antonio Larrañaga. It called for the creation of nine academic departments; the President of the Republic would pass a decree formally creating the departments once the majority of them were in operation. In 1836, the House of General Studies was formed, housing the departments of Latin, philosophy, mathematics, theology and jurisprudence. On 27 May 1838, Manuel Oribe passed a decree establishing the Greater University of the Republic. That decree had few practical effects, given the institutional instability of the Oriental Republic of the Uruguay at that time.""]","[0.41397589445114136, 0.3062019944190979, 0.2876712679862976]",0.41397589445114136,0.7069879472255707,0.728232130408287,,0.41397589445114136,0.4564642608165741,,0.7186722479760648,0.0,0.2,flag
test,5725c41eec44d21400f3d50b,What does LGM stands for?,Lunar Module,Lunar Module,['Lunar Module'],['Lunar Module'],Lunar Module,"['Last Glacial Maximum', 'Last Glacial Maximum', 'Last Glacial Maximum']",False,,0.0,"['After an unmanned LM test flight AS-206, a crew would fly the first Block II CSM and LM in a dual mission known as AS-207/208, or AS-278 (each spacecraft would be launched on a separate Saturn IB.) The Block II crew positions were titled Commander (CDR) Command Module Pilot (CMP) and Lunar Module Pilot (LMP). The astronauts would begin wearing a new Apollo spacesuit, designed to accommodate lunar extravehicular activity (EVA). The traditional visor helmet was replaced with a clear ""fishbowl"" type for greater visibility, and the lunar surface EVA suit would include a water-cooled undergarment.', 'On June 4, 2014, the NFL announced that the practice of branding Super Bowl games with Roman numerals, a practice established at Super Bowl V, would be temporarily suspended, and that the game would be named using Arabic numerals as Super Bowl 50 as opposed to Super Bowl L. The use of Roman numerals will be reinstated for Super Bowl LI. Jaime Weston, the league\'s vice president of brand and creative, explained that a primary reason for the change was the difficulty of designing an aesthetically pleasing logo with the letter ""L"" using the standardized logo template introduced at Super Bowl XLV. The logo also deviates from the template by featuring large numerals, colored in gold, behind the Vince Lombardi Trophy, instead of underneath and in silver as in the standard logo.', 'The Association for Asian Studies states that there is no known written evidence to suggest that later leaders of the Gelug—Gendün Drup (1391–1474) and Gendün Gyatso (1475–1571)—had any contacts with Ming China. These two religious leaders were preoccupied with an overriding concern for dealing with the powerful secular Rinpungpa princes, who were patrons and protectors of the Karma Kargyu lamas. The Rinpungpa leaders were relatives of the Phagmodrupa, yet their authority shifted over time from simple governors to rulers in their own right over large areas of Ü-Tsang. The prince of Rinbung occupied Lhasa in 1498 and excluded the Gelug from attending New Years ceremonies and prayers, the most important event in the Gelug. While the task of New Years prayers in Lhasa was granted to the Karmapa and others, Gendün Gyatso traveled in exile looking for allies. However, it was not until 1518 that the secular Phagmodru ruler captured Lhasa from the Rinbung, and thereafter the Gelug was given rights to conduct the New Years prayer. When the Drikung Kagyu abbot of Drigung Monastery threatened Lhasa in 1537, Gendün Gyatso was forced to abandon the Drepung Monastery, although he eventually returned.']","[0.28003668785095215, 0.22005972266197205, 0.19820532202720642]",0.28003668785095215,0.6400183439254761,0.6598308086395264,,0.28003668785095215,0.31966161727905273,,0.6509151995182038,0.0,0.0,escalate
test,56e20a3ae3433e140042324d,What is the paper written by Richard Karp in 1972 that ushered in a new era of understanding between intractability and NP-complete problems?,"""Reducibility Among Combinatorial Problems""",Reducibility Among Combinatorial Problems,"['""Reducibility Among Combinatorial Problems""']",['Reducibility Among Combinatorial Problems'],Reducibility Among Combinatorial Problems,"['""Reducibility Among Combinatorial Problems""', 'Reducibility Among Combinatorial Problems', '""Reducibility Among Combinatorial Problems""']",True,1.0,1.0,"['In 1967, Manuel Blum developed an axiomatic complexity theory based on his axioms and proved an important result, the so-called, speed-up theorem. The field really began to flourish in 1971 when the US researcher Stephen Cook and, working independently, Leonid Levin in the USSR, proved that there exist practically relevant problems that are NP-complete. In 1972, Richard Karp took this idea a leap forward with his landmark paper, ""Reducibility Among Combinatorial Problems"", in which he showed that 21 diverse combinatorial and graph theoretical problems, each infamous for its computational intractability, are NP-complete.', ""Von Neumann's results have been viewed as a special case of linear programming, where von Neumann's model uses only nonnegative matrices. The study of von Neumann's model of an expanding economy continues to interest mathematical economists with interests in computational economics. This paper has been called the greatest paper in mathematical economics by several authors, who recognized its introduction of fixed-point theorems, linear inequalities, complementary slackness, and saddlepoint duality. In the proceedings of a conference on von Neumann's growth model, Paul Samuelson said that many mathematicians had developed methods useful to economists, but that von Neumann was unique in having made significant contributions to economic theory itself."", 'In fact, process theology is difficult to define because process theologians are so diverse and transdisciplinary in their views and interests. John B. Cobb, Jr. is a process theologian who has also written books on biology and economics. Roland Faber and Catherine Keller integrate Whitehead with poststructuralist, postcolonialist, and feminist theory. Charles Birch was both a theologian and a geneticist. Franklin I. Gamwell writes on theology and political theory. In Syntheism - Creating God in The Internet Age, futurologists Alexander Bard and Jan Söderqvist repeatedly credit Whitehead for the process theology they see rising out of the participatory culture expected to dominate the digital era.']","[0.6659392714500427, 0.34596705436706543, 0.28440332412719727]",0.6659392714500427,0.8329696357250214,0.7181881666183472,,0.6659392714500427,0.43637633323669434,,0.7698398277163505,1.0,1.0,flag
test,572f59b4a23a5019007fc58a,What Lake in a German island Mainau receives a fraction of the Rhine's flow?,Hagnau am Bodensee,Hagnau am Bodensee,['Hagnau am Bodensee'],['Hagnau am Bodensee'],Hagnau am Bodensee,"['Lake Überlingen', 'Lake Überlingen', 'Lake Überlingen']",True,1.0,1.0,"['The flow of cold, gray mountain water continues for some distance into the lake. The cold water flows near the surface and at first doesn\'t mix with the warmer, green waters of Upper Lake. But then, at the so-called Rheinbrech, the Rhine water abruptly falls into the depths because of the greater density of cold water. The flow reappears on the surface at the northern (German) shore of the lake, off the island of Lindau. The water then follows the northern shore until Hagnau am Bodensee. A small fraction of the flow is diverted off the island of Mainau into Lake Überlingen. Most of the water flows via the Constance hopper into the Rheinrinne (""Rhine Gutter"") and Seerhein. Depending on the water level, this flow of the Rhine water is clearly visible along the entire length of the lake.', ""Although there is some evidence of earlier inhabitation in the region of Utrecht, dating back to the Stone Age (app. 2200 BCE) and settling in the Bronze Age (app. 1800–800 BCE), the founding date of the city is usually related to the construction of a Roman fortification (castellum), probably built in around 50 CE. A series of such fortresses was built after the Roman emperor Claudius decided the empire should not expand north. To consolidate the border the limes Germanicus defense line was constructed  along the main branch of the river Rhine, which at that time flowed through a more northern bed compared to today (what is now the Kromme Rijn). These fortresses were designed to house a cohort of about 500 Roman soldiers. Near the fort settlements would grow housing artisans, traders and soldiers' wives and children."", 'The Allies offered peace terms in the Frankfurt proposals in November 1813. Napoleon would remain as Emperor of France, but it would be reduced to its ""natural frontiers."" That meant that France could retain control of Belgium, Savoy and the Rhineland (the west bank of the Rhine River), while giving up control of all the rest, including all of Spain and the Netherlands, and most of Italy and Germany. Metternich told Napoleon these were the best terms the Allies were likely to offer; after further victories, the terms would be harsher and harsher. Metternich\'s motivation was to maintain France as a balance against Russian threats, while ending the highly destabilizing series of wars.']","[0.7548953890800476, 0.3529527187347412, 0.33364811539649963]",0.7548953890800476,0.8774476945400238,0.5477791205048561,,0.7548953890800476,0.09555824100971222,,0.6961299788206816,0.0,0.0,escalate
test,5727678e5951b619008f8973,What studio does ABC own at 1500 Broadway in NYC?,"1500 Broadway, Times Square Studios","1500 Broadway, Times Square Studios","['1500 Broadway, Times Square Studios']","['1500 Broadway, Times Square Studios']","1500 Broadway, Times Square Studios","['Times Square Studios', 'Times Square Studios', 'Times Square Studios']",True,2.0,0.5,"['Forty of the city\'s theaters, with more than 500 seats each, are collectively known as Broadway, after the major thoroughfare that crosses the Times Square Theater District, sometimes referred to as ""The Great White Way"". According to The Broadway League, Broadway shows sold approximately US$1.27 billion worth of tickets in the 2013–2014 season, an 11.4% increase from US$1.139 billion in the 2012–2013 season. Attendance in 2013–2014 stood at 12.21 million, representing a 5.5% increase from the 2012–2013 season\'s 11.57 million.', 'ABC also owns the Times Square Studios at 1500 Broadway on land in Times Square owned by a development fund for the 42nd Street Project; opened in 1999, Good Morning America and Nightline are broadcast from this particular facility. ABC News has premises a little further on West 66th Street, in a six-story building occupying a 196 feet (60 m) × 379 feet (116 m) plot at 121–135 West End Avenue. The block of West End Avenue housing the ABC News building was renamed Peter Jennings Way in 2006 in honor of the recently deceased longtime ABC News chief anchor and anchor of World News Tonight.', ""This vibrant and culturally diverse area of retail businesses and residences experienced a renewal after a significant decline in the late 1960s and 1970s.[citation needed] After decades of neglect and suburban flight, the neighborhood revival followed the re-opening of the Tower Theatre in the late 1970s, which at that time showed second and third run movies, along with classic films. Roger Rocka's Dinner Theater & Good Company Players also opened nearby in 1978,[citation needed] at Olive and Wishon Avenues. Fresno native Audra McDonald performed in the leading roles of Evita and The Wiz at the theater while she was a high school student. McDonald subsequently became a leading performer on Broadway in New York City and a Tony award winning actress. Also in the Tower District is Good Company Players' 2nd Space Theatre.""]","[0.5335344672203064, 0.4832058846950531, 0.4499722719192505]",0.5335344672203064,0.7667672336101532,0.8177716135978699,,0.5335344672203064,0.6355432271957397,,0.7948196426033974,0.0,0.7499999999999999,accept
test,572867543acd2414000df9a1,How many fraternities are apart of the university?,seven,seven,['seven'],['seven'],seven,"['fifteen', 'fifteen', 'fifteen']",True,1.0,1.0,"['There are fifteen fraternities and seven sororities at the University of Chicago, as well as one co-ed community service fraternity, Alpha Phi Omega. Four of the sororities are members of the National Panhellenic Conference, and ten of the fraternities form the University of Chicago Interfraternity Council. In 2002, the Associate Director of Student Activities estimated that 8–10 percent of undergraduates were members of fraternities or sororities. The student activities office has used similar figures, stating that one in ten undergraduates participate in Greek life.', ""Harvard is a large, highly residential research university. The nominal cost of attendance is high, but the University's large endowment allows it to offer generous financial aid packages. It operates several arts, cultural, and scientific museums, alongside the Harvard Library, which is the world's largest academic and private library system, comprising 79 individual libraries with over 18 million volumes. Harvard's alumni include eight U.S. presidents, several foreign heads of state, 62 living billionaires, 335 Rhodes Scholars, and 242 Marshall Scholars. To date, some 150 Nobel laureates, 18 Fields Medalists and 13 Turing Award winners have been affiliated as students, faculty, or staff."", ""In the 1890s, the University of Chicago, fearful that its vast resources would injure smaller schools by drawing away good students, affiliated with several regional colleges and universities: Des Moines College, Kalamazoo College, Butler University, and Stetson University. In 1896, the university affiliated with Shimer College in Mount Carroll, Illinois. Under the terms of the affiliation, the schools were required to have courses of study comparable to those at the university, to notify the university early of any contemplated faculty appointments or dismissals, to make no faculty appointment without the university's approval, and to send copies of examinations for suggestions. The University of Chicago agreed to confer a degree on any graduating senior from an affiliated school who made a grade of A for all four years, and on any other graduate who took twelve weeks additional study at the University of Chicago. A student or faculty member of an affiliated school was entitled to free tuition at the University of Chicago, and Chicago students were eligible to attend an affiliated school on the same terms and receive credit for their work. The University of Chicago also agreed to provide affiliated schools with books and scientific apparatus and supplies at cost; special instructors and lecturers without cost except travel expenses; and a copy of every book and journal published by the University of Chicago Press at no cost. The agreement provided that either party could terminate the affiliation on proper notice. Several University of Chicago professors disliked the program, as it involved uncompensated additional labor on their part, and they believed it cheapened the academic reputation of the university. The program passed into history by 1910.""]","[0.632454514503479, 0.40464460849761963, 0.3779396414756775]",0.632454514503479,0.8162272572517395,0.5238363966345787,,0.632454514503479,0.04767279326915741,,0.6554122839123011,0.0,0.0,escalate
test,57275f6ef1498d1400e8f709,At what address did Goldenson secure a new headquarters for ABC?,1330 Avenue of the Americas,1330 Avenue of the Americas,['1330 Avenue of the Americas'],['1330 Avenue of the Americas'],1330 Avenue of the Americas,"['1330 Avenue of the Americas in Manhattan', '1330 Avenue of the Americas in Manhattan', '1330 Avenue of the Americas in Manhattan']",True,1.0,1.0,"[""In 1965, the corporate entity, American Broadcasting-Paramount Theatres, was renamed as the American Broadcasting Companies,  while its cinema division became ABC Theatres;[citation needed] its recording division was renamed ABC Records in 1966. In December of that year, the ABC television network premiered The Dating Game, a pioneer series in its genre, which was a reworking of the blind date concept in which a suitor selected one of three contestants sight unseen based on the answers to selected questions. This was followed up in July 1966 by The Newlywed Game, featuring three recently married couples who guessed the responses to their partner's questions (some of which were fairly risque). As ABC began to outgrow its facilities at 7 West 66th Street, Goldenson found a new headquarters for ABC in a 44 story building located at 1330 Avenue of the Americas in Manhattan, at the corner of 54th Street (now occupied by The Financial Times's New York office). This operation allowed for the conversion of the premises at 66th Street into production facilities for television and radio programs."", 'ABC also owns the Times Square Studios at 1500 Broadway on land in Times Square owned by a development fund for the 42nd Street Project; opened in 1999, Good Morning America and Nightline are broadcast from this particular facility. ABC News has premises a little further on West 66th Street, in a six-story building occupying a 196 feet (60 m) × 379 feet (116 m) plot at 121–135 West End Avenue. The block of West End Avenue housing the ABC News building was renamed Peter Jennings Way in 2006 in honor of the recently deceased longtime ABC News chief anchor and anchor of World News Tonight.', ""At the same time he made attempts to help grow ABC, Goldenson had been trying since mid-1953 to provide content for the network by contacting his old acquaintances in Hollywood, with whom he had worked when UPT was a subsidiary of Paramount Pictures. ABC's merger with UPT led to the creation of relationships with Hollywood's film production studios, breaking a quarantine that had existed at that time between film and television, the latter of which had previously been more connected to radio. ABC's flagship productions at the time were The Lone Ranger, based on the radio program of the same title, and The Adventures of Ozzie and Harriet, the latter of which (at 13 seasons, running from 1952 to 1965) held the record for the longest-running prime time comedy in U.S. television history, until it was surpassed by The Simpsons in 2002.""]","[0.5062187910079956, 0.40515968203544617, 0.40074682235717773]",0.5062187910079956,0.7531093955039978,0.6624505817890167,,0.5062187910079956,0.32490116357803345,,0.7032470479607582,0.0,0.8,escalate
test,5730b255396df919000962b4,Who had established the Russian empire to its former glory prior to 1921?,Lenin,Lenin,['Lenin'],['Lenin'],Lenin,"['Bolshevik leaders', 'Bolshevik leaders', 'Bolshevik leaders', 'Bolshevik leaders']",True,1.0,1.0,"['Bolshevik leaders had effectively reestablished a polity with roughly the same extent as that empire by 1921, however with an internationalist ideology: Lenin in particular asserted the right to limited self-determination for national minorities within the new territory. Beginning in 1923, the policy of ""Indigenization"" [korenizatsiia] was intended to support non-Russians develop their national cultures within a socialist framework. Never formally revoked, it stopped being implemented after 1932. After World War II, the Soviet Union installed socialist regimes modeled on those it had installed in 1919–20 in the old Tsarist Empire in areas its forces occupied in Eastern Europe. The Soviet Union and the People’s Republic of China supported post–World War II communist movements in foreign nations and colonies to advance their own interests, but were not always successful.', 'On December 25, 1991, following the collapse of the Soviet Union, the republic was renamed the Russian Federation, which it remains to this day. This name and ""Russia"" were specified as the official state names in the April 21, 1992 amendment to the existing constitution and were retained as such in the 1993 Constitution of Russia.', ""Kievan Rus' begins with the rule (882–912) of Prince Oleg, who extended his control from Novgorod south along the Dnieper river valley in order to protect trade from Khazar incursions from the east and moved his capital to the more strategic Kiev. Sviatoslav I (died 972) achieved the first major expansion of Kievan Rus' territorial control, fighting a war of conquest against the Khazar Empire. Vladimir the Great (980–1015) introduced Christianity with his own baptism and, by decree, that of all the inhabitants of Kiev and beyond. Kievan Rus' reached its greatest extent under Yaroslav I (1019–1054); his sons assembled and issued its first written legal code, the Rus' Justice, shortly after his death.""]","[0.5513204336166382, 0.4324039816856384, 0.426159530878067]",0.5513204336166382,0.7756602168083191,0.7016621679067612,,0.5513204336166382,0.40332433581352234,,0.7349612899124622,0.0,0.0,flag
test,57298ef11d0469140077952f,What does the Riemann hypothesis state the source of irregularity in the distribution of points comes from?,random noise,random noise,['random noise'],['random noise'],random noise,"['random noise', 'random noise', 'random noise', 'random noise']",True,1.0,1.0,"['The unproven Riemann hypothesis, dating from 1859, states that except for s = −2, −4, ..., all zeroes of the ζ-function have real part equal to 1/2. The connection to prime numbers is that it essentially says that the primes are as regularly distributed as possible.[clarification needed] From a physical viewpoint, it roughly states that the irregularity in the distribution of primes only comes from random noise. From a mathematical viewpoint, it roughly states that the asymptotic distribution of primes (about x/log x of numbers less than x are primes, the prime number theorem) also holds for much shorter intervals of length about the square root of x (for intervals near x). This hypothesis is generally believed to be correct. In particular, the simplest assumption is that primes should have no significant irregularities without good reason.', 'Agassiz studied glacier movement in the 1840s at the Unteraar Glacier where he found the glacier moved 100 m (328 ft) per year, more rapidly in the middle than at the edges. His work was continued by other scientists and now a permanent laboratory exists inside a glacier under the Jungfraujoch, devoted exclusively to the study of Alpine glaciers.', 'Early human genetic cluster analysis studies were conducted with samples taken from ancestral population groups living at extreme geographic distances from each other. It was thought that such large geographic distances would maximize the genetic variation between the groups sampled in the analysis and thus maximize the probability of finding cluster patterns unique to each group. In light of the historically recent acceleration of human migration (and correspondingly, human gene flow) on a global scale, further studies were conducted to judge the degree to which genetic cluster analysis can pattern ancestrally identified groups as well as geographically separated groups. One such study looked at a large multiethnic population in the United States, and ""detected only modest genetic differentiation between different current geographic locales within each race/ethnicity group. Thus, ancient geographic ancestry, which is highly correlated with self-identified race/ethnicity—as opposed to current residence—is the major determinant of genetic structure in the U.S. population."" (Tang et al. (2005))']","[0.6244621276855469, 0.23311060667037964, 0.2318759262561798]",0.6244621276855469,0.8122310638427734,0.5880728662014008,,0.6244621276855469,0.1761457324028015,,0.6889440551400186,1.0,1.0,escalate
test,56f86966aef2371900626053,Which work of Luther's is effective in teaching children?,Small Catechism,Small Catechism,['Small Catechism'],['Small Catechism'],Small Catechism,"['Small Catechism', 'Small Catechism', 'Small Catechism']",True,1.0,1.0,"[""Luther's Small Catechism proved especially effective in helping parents teach their children; likewise the Larger Catechism was effective for pastors. Using the German vernacular, they expressed the Apostles' Creed in simpler, more personal, Trinitarian language. He rewrote each article of the Creed to express the character of the Father, the Son, or the Holy Spirit. Luther's goal was to enable the catechumens to see themselves as a personal object of the work of the three persons of the Trinity, each of which works in the catechumen's life. That is, Luther depicted the Trinity not as a doctrine to be learned, but as persons to be known. The Father creates, the Son redeems, and the Spirit sanctifies, a divine unity with separate personalities. Salvation originates with the Father and draws the believer to the Father. Luther's treatment of the Apostles' Creed must be understood in the context of the Decalogue (the Ten Commandments) and the Lord's Prayer, which are also part of the Lutheran catechical teaching."", 'Luther\'s 1538 hymnic version of the Lord\'s Prayer, ""Vater unser im Himmelreich"", corresponds exactly to Luther\'s explanation of the prayer in the Small Catechism, with one stanza for each of the seven prayer petitions, plus opening and closing stanzas. The hymn functioned both as a liturgical setting of the Lord\'s Prayer and as a means of examining candidates on specific catechism questions. The extant manuscript shows multiple revisions, demonstrating Luther\'s concern to clarify and strengthen the text and to provide an appropriately prayerful tune. Other 16th- and 20th-century versifications of the Lord\'s Prayer have adopted Luther\'s tune, although modern texts are considerably shorter.', 'The primary responsibility for a boy\'s studies lies with his House Master, but he is assisted by an additional director of studies, known as a tutor. Classes, colloquially known as ""divs"" (divisions), are organised on a School basis; the classrooms are separate from the houses. New school buildings have appeared for teaching purposes every decade or so since New Schools, designed by Henry Woodyer and built 1861-3. Despite the introduction of modern technology, the external appearance and locations of many of the classrooms have remained unchanged for a long time.']","[0.5659477710723877, 0.41892796754837036, 0.39016637206077576]",0.5659477710723877,0.7829738855361938,0.6573225259780884,,0.5659477710723877,0.31464505195617676,,0.7138656377792358,1.0,1.0,flag
test,5728d5793acd2414000dffb7,How was the civil disobedience shown in Antigone?,"In Antigone, Antigone gives a speech in which she tells Creon that she must obey her conscience rather than human law.","In Antigone, Antigone gives a speech in which she tells Creon that she must obey her conscience rather than human law.","['In Antigone, Antigone gives a speech in which she tells Creon that she must obey her conscience rather than human law.']","['In Antigone, Antigone gives a speech in which she tells Creon that she must obey her conscience rather than human law.']","In Antigone, Antigone gives a speech in which she tells Creon that she must obey her conscience rather than human law.","['obey her conscience rather than human law', 'She gives a stirring speech', 'She gives a stirring speech in which she tells him that she must obey her conscience rather than human law', 'a stirring speech', 'She gives a stirring speech in which she tells him that she must obey her conscience rather than human law']",True,1.0,1.0,"[""One of the oldest depictions of civil disobedience is in Sophocles' play Antigone, in which Antigone, one of the daughters of former King of Thebes, Oedipus, defies Creon, the current King of Thebes, who is trying to stop her from giving her brother Polynices a proper burial. She gives a stirring speech in which she tells him that she must obey her conscience rather than human law. She is not at all afraid of the death he threatens her with (and eventually carries out), but she is afraid of how her conscience will smite her if she does not do this."", ""The first Roman republican wars were wars of both expansion and defence, aimed at protecting Rome itself from neighbouring cities and nations and establishing its territory in the region. Initially, Rome's immediate neighbours were either Latin towns and villages, or else tribal Sabines from the Apennine hills beyond. One by one Rome defeated both the persistent Sabines and the local cities, both those under Etruscan control and those that had cast off their Etruscan rulers. Rome defeated Latin cities in the Battle of Lake Regillus in 496 BC, the Battle of Mons Algidus in 458 BC, the Battle of Corbione in 446 BC, the Battle of Aricia, and especially the Battle of the Cremera in 477 BC wherein it fought against the most important Etruscan city of Veii."", 'Some civil disobedience defendants choose to make a defiant speech, or a speech explaining their actions, in allocution. In U.S. v. Burgos-Andujar, a defendant who was involved in a movement to stop military exercises by trespassing on U.S. Navy property argued to the court in allocution that ""the ones who are violating the greater law are the members of the Navy"". As a result, the judge increased her sentence from 40 to 60 days. This action was upheld because, according to the U.S. Court of Appeals for the First Circuit, her statement suggested a lack of remorse, an attempt to avoid responsibility for her actions, and even a likelihood of repeating her illegal actions. Some of the other allocution speeches given by the protesters complained about mistreatment from government officials.']","[0.6551715135574341, 0.31823521852493286, 0.30682820081710815]",0.6551715135574341,0.827585756778717,0.7015753835439682,,0.6551715135574341,0.4031507670879364,,0.7582800514996052,0.0,0.8205128205128205,flag
test,572684365951b619008f7540,Where do juvenile platyctenids live?,Jungle,Jungle,['Jungle'],['Jungle'],Jungle,"['among the plankton', 'among the plankton', 'among the plankton']",True,1.0,1.0,"['Development of the fertilized eggs is direct, in other words there is no distinctive larval form, and juveniles of all groups generally resemble miniature cydippid adults. In the genus Beroe the juveniles, like the adults, lack tentacles and tentacle sheaths. In most species the juveniles gradually develop the body forms of their parents. In some groups, such as the flat, bottom-dwelling platyctenids, the juveniles behave more like true larvae, as they live among the plankton and thus occupy a different ecological niche from their parents and attain the adult form by a more radical metamorphosis, after dropping to the sea-floor.', 'Most mammals are viviparous, giving birth to live young. However, the five species of monotreme, the platypuses and the echidnas, lay eggs. The monotremes have a sex determination system different from that of most other mammals. In particular, the sex chromosomes of a platypus are more like those of a chicken than those of a therian mammal. Like marsupials and most other mammals, monotreme young are larval and fetus-like, as the presence of epipubic bones prevents the expansion of the torso, forcing them to produce small young.', 'The Desert National Park in Jaisalmer is spread over an area of 3,162 square kilometres (1,221 sq mi), is an excellent example of the ecosystem of the Thar Desert and its diverse fauna. Seashells and massive fossilised tree trunks in this park record the geological history of the desert. The region is a haven for migratory and resident birds of the desert. One can see many eagles, harriers, falcons, buzzards, kestrels and vultures. Short-toed eagles (Circaetus gallicus), tawny eagles (Aquila rapax), spotted eagles (Aquila clanga), laggar falcons (Falco jugger) and kestrels are the commonest of these.']","[0.5137939453125, 0.4038725793361664, 0.34666526317596436]",0.5137939453125,0.75689697265625,0.5182611551135778,,0.5137939453125,0.036522310227155685,,0.6256472730077803,0.0,0.0,escalate
test,570d26efb3d812140066d493,How often are elections held for the Victorian Parliament?,every four years,every four years,['every four years'],['every four years'],every four years,"['every four years', 'every four years', 'four years']",True,1.0,1.0,"['In November 2006, the Victorian Legislative Council elections were held under a new multi-member proportional representation system. The State of Victoria was divided into eight electorates with each electorate represented by five representatives elected by Single Transferable Vote. The total number of upper house members was reduced from 44 to 40 and their term of office is now the same as the lower house members—four years. Elections for the Victorian Parliament are now fixed and occur in November every four years. Prior to the 2006 election, the Legislative Council consisted of 44 members elected to eight-year terms from 22 two-member electorates.', 'Melbourne (/ˈmɛlbərn/, AU i/ˈmɛlbən/) is the capital and most populous city in the Australian state of Victoria, and the second most populous city in Australia and Oceania. The name ""Melbourne"" refers to the area of urban agglomeration (as well as a census statistical division) spanning 9,900 km2 (3,800 sq mi) which comprises the broader metropolitan area, as well as being the common name for its city centre. The metropolis is located on the large natural bay of Port Phillip and expands into the hinterlands towards the Dandenong and Macedon mountain ranges, Mornington Peninsula and Yarra Valley. Melbourne consists of 31 municipalities. It has a population of 4,347,955 as of 2013, and its inhabitants are called Melburnians.', ""Australian rules football and cricket are the most popular sports in Melbourne. It is considered the spiritual home of the two sports in Australia. The first official Test cricket match was played at the Melbourne Cricket Ground in March 1877. The origins of Australian rules football can be traced to matches played next to the MCG in 1858. The Australian Football League is headquartered at Docklands Stadium. Nine of the League's teams are based in the Melbourne metropolitan area: Carlton, Collingwood, Essendon, Hawthorn, Melbourne, North Melbourne, Richmond, St Kilda, and Western Bulldogs. Up to five AFL matches are played each week in Melbourne, attracting an average 40,000 people per game. Additionally, the city annually hosts the AFL Grand Final.""]","[0.6454606652259827, 0.3323553502559662, 0.31809666752815247]",0.6454606652259827,0.8227303326129913,0.5593633502721786,,0.6454606652259827,0.1187267005443573,,0.6778784923255444,1.0,1.0,escalate
test,57378c9b1c456719005744a9,What magnetic and electric force acts on a charge?,magnetic force,magnetic force,['magnetic force'],['magnetic force'],magnetic force,"['unified electromagnetic', 'unified electromagnetic force', 'electromagnetic', 'unified electromagnetic force']",True,1.0,1.0,"[""Through combining the definition of electric current as the time rate of change of electric charge, a rule of vector multiplication called Lorentz's Law describes the force on a charge moving in a magnetic field. The connection between electricity and magnetism allows for the description of a unified electromagnetic force that acts on a charge. This force can be written as a sum of the electrostatic force (due to the electric field) and the magnetic force (due to the magnetic field). Fully stated, this is the law:"", 'The rotating armature consists of one or more coils of wire wound around a laminated, magnetically ""soft"" ferromagnetic core. Current from the brushes flows through the commutator and one winding of the armature, making it a temporary magnet (an electromagnet). The magnetic field produced by the armature interacts with a stationary magnetic field produced by either PMs or another winding a field coil, as part of the motor frame. The force between the two magnetic fields tends to rotate the motor shaft. The commutator switches power to the coils as the rotor turns, keeping the magnetic poles of the rotor from ever fully aligning with the magnetic poles of the stator field, so that the rotor never stops (like a compass needle does), but rather keeps rotating as long as power is applied.', ""Portuguese law applied in the former colonies and territories and continues to be the major influence for those countries. Portugal's main police organizations are the Guarda Nacional Republicana – GNR (National Republican Guard), a gendarmerie; the Polícia de Segurança Pública – PSP (Public Security Police), a civilian police force who work in urban areas; and the Polícia Judiciária – PJ (Judicial Police), a highly specialized criminal investigation police that is overseen by the Public Ministry.""]","[0.5828181505203247, 0.30576539039611816, 0.19709214568138123]",0.5828181505203247,0.7914090752601624,0.7136308252811432,,0.5828181505203247,0.4272616505622864,,0.7486310377717018,0.0,0.4,flag
test,57286bb84b864d19001649c8,What kinds of growth did Kublai encourage?,"commercial, scientific, and cultural","commercial, scientific, and cultural","['commercial, scientific, and cultural']","['commercial, scientific, and cultural']","commercial, scientific, and cultural","['commercial, scientific, and cultural', 'commercial, scientific, and cultural', 'commercial, scientific, and cultural']",True,1.0,1.0,"[""Kublai Khan promoted commercial, scientific, and cultural growth. He supported the merchants of the Silk Road trade network by protecting the Mongol postal system, constructing infrastructure, providing loans that financed trade caravans, and encouraging the circulation of paper banknotes (鈔, Chao). Pax Mongolica, Mongol peace, enabled the spread of technologies, commodities, and culture between China and the West. Kublai expanded the Grand Canal from southern China to Daidu in the north. Mongol rule was cosmopolitan under Kublai Khan. He welcomed foreign visitors to his court, such as the Venetian merchant Marco Polo, who wrote the most influential European account of Yuan China. Marco Polo's travels would later inspire many others like Christopher Columbus to chart a passage to the Far East in search of its legendary wealth."", 'The Kingdom of Nri of the Igbo people consolidated in the 10th century and continued until it lost its sovereignty to the British in 1911. Nri was ruled by the Eze Nri, and the city of Nri is considered to be the foundation of Igbo culture. Nri and Aguleri, where the Igbo creation myth originates, are in the territory of the Umeuri clan. Members of the clan trace their lineages back to the patriarchal king-figure Eri. In West Africa, the oldest bronzes made using the lost-wax process were from Igbo Ukwu, a city under Nri influence.', ""Although there is some evidence of earlier inhabitation in the region of Utrecht, dating back to the Stone Age (app. 2200 BCE) and settling in the Bronze Age (app. 1800–800 BCE), the founding date of the city is usually related to the construction of a Roman fortification (castellum), probably built in around 50 CE. A series of such fortresses was built after the Roman emperor Claudius decided the empire should not expand north. To consolidate the border the limes Germanicus defense line was constructed  along the main branch of the river Rhine, which at that time flowed through a more northern bed compared to today (what is now the Kromme Rijn). These fortresses were designed to house a cohort of about 500 Roman soldiers. Near the fort settlements would grow housing artisans, traders and soldiers' wives and children.""]","[0.4426962733268738, 0.3352201581001282, 0.29976826906204224]",0.4426962733268738,0.7213481366634369,0.5376697480678558,,0.4426962733268738,0.07533949613571167,,0.6203250229358673,1.0,1.0,escalate
test,5727f746ff5b5019007d9960,What was the name of the first episode of the new Doctor Who series?,Rose,Rose,['Rose'],['Rose'],Rose,"['Rose', 'Rose', 'Rose']",True,1.0,1.0,"['Doctor Who finally returned with the episode ""Rose"" on BBC One on 26 March 2005. There have since been nine further series in 2006–2008 and 2010–2015, and Christmas Day specials every year since 2005. No full series was filmed in 2009, although four additional specials starring David Tennant were made. In 2010, Steven Moffat replaced Davies as head writer and executive producer. In January 2016, Moffat announced that he would step down after the 2017 finale, to be replaced by Chris Chibnall in 2018. In addition, Series 10 will debut in Spring 2017, with a Christmas special broadcast in 2016.', 'On 19 October 1512, he was awarded his Doctor of Theology and, on 21 October 1512, was received into the senate of the theological faculty of the University of Wittenberg, having been called to the position of Doctor in Bible. He spent the rest of his career in this position at the University of Wittenberg.', ""During the ITV network strike of 1979, viewership peaked at 16 million.[citation needed] Figures remained respectable into the 1980s, but fell noticeably after the programme's 23rd series was postponed in 1985 and the show was off the air for 18 months. Its late 1980s performance of three to five million viewers was seen as poor at the time and was, according to the BBC Board of Control, a leading cause of the programme's 1989 suspension. Some fans considered this disingenuous, since the programme was scheduled against the soap opera Coronation Street, the most popular show at the time. After the series' revival in 2005 (the third notable period of high ratings), it has consistently had high viewership levels for the evening on which the episode is broadcast.""]","[0.5816770792007446, 0.24921607971191406, 0.2268688976764679]",0.5816770792007446,0.7908385396003723,0.5323502421379089,,0.5816770792007446,0.06470048427581787,,0.6486699759960175,1.0,1.0,escalate
test,5706074552bb8914006897d6,Each of the extended metropolitan areas has a population that exceeds what number?,"5,105,768","5,105,768","['5,105,768']","['5,105,768']","5,105,768","['five million', 'five million', 'five million']",True,3.0,0.3333333333333333,"[""Southern California includes the heavily built-up urban area stretching along the Pacific coast from Ventura, through the Greater Los Angeles Area and the Inland Empire, and down to Greater San Diego. Southern California's population encompasses seven metropolitan areas, or MSAs: the Los Angeles metropolitan area, consisting of Los Angeles and Orange counties; the Inland Empire, consisting of Riverside and San Bernardino counties; the San Diego metropolitan area; the Oxnard–Thousand Oaks–Ventura metropolitan area; the Santa Barbara metro area; the San Luis Obispo metropolitan area; and the El Centro area. Out of these, three are heavy populated areas: the Los Angeles area with over 12 million inhabitants, the Riverside-San Bernardino area with over four million inhabitants, and the San Diego area with over 3 million inhabitants. For CSA metropolitan purposes, the five counties of Los Angeles, Orange, Riverside, San Bernardino, and Ventura are all combined to make up the Greater Los Angeles Area with over 17.5 million people. With over 22 million people, southern California contains roughly 60 percent of California's population."", 'The demographics of the British Isles today are characterised by a generally high density of population in England, which accounts for almost 80% of the total population of the islands. In elsewhere on Great Britain and on Ireland, high density of population is limited to areas around, or close to, a few large cities. The largest urban area by far is the Greater London Urban Area with 9 million inhabitants. Other major populations centres include Greater Manchester Urban Area (2.4 million), West Midlands conurbation (2.4 million), West Yorkshire Urban Area (1.6 million) in England, Greater Glasgow (1.2 million) in Scotland and Greater Dublin Area (1.1 million) in Ireland.[citation needed]', 'Southern California consists of one Combined Statistical Area, eight Metropolitan Statistical Areas, one international metropolitan area, and multiple metropolitan divisions. The region is home to two extended metropolitan areas that exceed five million in population. These are the Greater Los Angeles Area at 17,786,419, and San Diego–Tijuana at 5,105,768. Of these metropolitan areas, the Los Angeles-Long Beach-Santa Ana metropolitan area, Riverside-San Bernardino-Ontario metropolitan area, and Oxnard-Thousand Oaks-Ventura metropolitan area form Greater Los Angeles; while the El Centro metropolitan area and San Diego-Carlsbad-San Marcos metropolitan area form the Southern Border Region. North of Greater Los Angeles are the Santa Barbara, San Luis Obispo, and Bakersfield metropolitan areas.']","[0.5105316638946533, 0.5100667476654053, 0.47158724069595337]",0.5105316638946533,0.7552658319473267,0.5055922903120518,,0.5105316638946533,0.011184580624103546,,0.6179453840479255,0.0,0.0,escalate
test,5728f50baf94a219006a9e57,Why is giving a defiant speech sometimes more harmful for the individual?,A defiant speech may be harmful for the individual if it leads to repeated violations of laws or regulations.,A defiant speech may be harmful for the individual if it leads to repeated violations of laws or regulations.,['A defiant speech may be harmful for the individual if it leads to repeated violations of laws or regulations.'],['A defiant speech may be harmful for the individual if it leads to repeated violations of laws or regulations.'],A defiant speech may be harmful for the individual if it leads to repeated violations of laws or regulations.,"['lack of remorse', 'lack of remorse', 'the judge increased her sentence', 'statement suggested a lack of remorse']",True,1.0,1.0,"['Some civil disobedience defendants choose to make a defiant speech, or a speech explaining their actions, in allocution. In U.S. v. Burgos-Andujar, a defendant who was involved in a movement to stop military exercises by trespassing on U.S. Navy property argued to the court in allocution that ""the ones who are violating the greater law are the members of the Navy"". As a result, the judge increased her sentence from 40 to 60 days. This action was upheld because, according to the U.S. Court of Appeals for the First Circuit, her statement suggested a lack of remorse, an attempt to avoid responsibility for her actions, and even a likelihood of repeating her illegal actions. Some of the other allocution speeches given by the protesters complained about mistreatment from government officials.', 'Starting one-hundred years before the 20th century, the enlightenment spiritual philosophy was challenged in various quarters around the 1900s. Developed from earlier secular traditions, modern Humanist ethical philosophies affirmed the dignity and worth of all people, based on the ability to determine right and wrong by appealing to universal human qualities, particularly rationality, without resorting to the supernatural or alleged divine authority from religious texts. For liberal humanists such as Rousseau and Kant, the universal law of reason guided the way toward total emancipation from any kind of tyranny. These ideas were challenged, for example by the young Karl Marx, who criticized the project of political emancipation (embodied in the form of human rights), asserting it to be symptomatic of the very dehumanization it was supposed to oppose. For Friedrich Nietzsche, humanism was nothing more than a secular version of theism. In his Genealogy of Morals, he argues that human rights exist as a means for the weak to collectively constrain the strong. On this view, such rights do not facilitate emancipation of life, but rather deny it. In the 20th century, the notion that human beings are rationally autonomous was challenged by the concept that humans were driven by unconscious irrational desires.', 'The appearance of more systematic, abstract thinking is another notable aspect of cognitive development during adolescence. For example, adolescents find it easier than children to comprehend the sorts of higher-order abstract logic inherent in puns, proverbs, metaphors, and analogies. Their increased facility permits them to appreciate the ways in which language can be used to convey multiple messages, such as satire, metaphor, and sarcasm. (Children younger than age nine often cannot comprehend sarcasm at all.) This also permits the application of advanced reasoning and logical processes to social and ideological matters such as interpersonal relationships, politics, philosophy, religion, morality, friendship, faith, democracy, fairness, and honesty.']","[0.30843454599380493, 0.24251775443553925, 0.22082477807998657]",0.30843454599380493,0.6542172729969025,0.6758826822042465,,0.30843454599380493,0.35176536440849304,,0.6661332480609418,0.0,0.1,escalate
test,57309ef18ab72b1400f9c601,When were Joseph Schumpeter and Norman Angell at their most prolific writing period?,World War I,World War I,['World War I'],['World War I'],World War I,"['before World War I', 'World War I', 'before World War I', 'before World War I', 'before World War I,']",True,1.0,1.0,"[""The correlation between capitalism, aristocracy, and imperialism has long been debated among historians and political theorists. Much of the debate was pioneered by such theorists as J. A. Hobson (1858–1940), Joseph Schumpeter (1883–1950), Thorstein Veblen (1857–1929), and Norman Angell (1872–1967). While these non-Marxist writers were at their most prolific before World War I, they remained active in the interwar years. Their combined work informed the study of imperialism and it's impact on Europe, as well as contributed to reflections on the rise of the military-political complex in the United States from the 1950s. Hobson argued that domestic social reforms could cure the international disease of imperialism by removing its economic foundation. Hobson theorized that state intervention through taxation could boost broader consumption, create wealth, and encourage a peaceful, tolerant, multipolar world order."", ""Some of the most important surviving works of Old English literature are Beowulf, an epic poem; the Anglo-Saxon Chronicle, a record of early English history; the Franks Casket, an inscribed early whalebone artefact; and Cædmon's Hymn, a Christian religious poem. There are also a number of extant prose works, such as sermons and saints' lives, biblical translations, and translated Latin works of the early Church Fathers, legal documents, such as laws and wills, and practical works on grammar, medicine, and geography. Still, poetry is considered the heart of Old English literature. Nearly all Anglo-Saxon authors are anonymous, with a few exceptions, such as Bede and Cædmon. Cædmon, the earliest English poet we know by name, served as a lay brother in the monastery at Whitby."", ""At the age of 19, he wrote a report on his work and sent it to philologist Alexander Ellis, a colleague of his father (who would later be portrayed as Professor Henry Higgins in Pygmalion). Ellis immediately wrote back indicating that the experiments were similar to existing work in Germany, and also lent Bell a copy of Hermann von Helmholtz's work, The Sensations of Tone as a Physiological Basis for the Theory of Music.""]","[0.4216366708278656, 0.32679104804992676, 0.32146841287612915]",0.4216366708278656,0.7108183354139328,0.6462540030479431,,0.4216366708278656,0.29250800609588623,,0.6753079526126384,1.0,1.0,escalate
test,5727ec062ca10214002d99b9,How do competing businesses attract workers?,by the market price of skill,by the market price of skill,['by the market price of skill'],['by the market price of skill'],by the market price of skill,"['offering a higher wage', 'by offering a higher wage', 'offering a higher wage the best of their labor']",True,1.0,1.0,"['In a purely capitalist mode of production (i.e. where professional and labor organizations cannot limit the number of workers) the workers wages will not be controlled by these organizations, or by the employer, but rather by the market. Wages work in the same way as prices for any other good. Thus, wages can be considered as a function of market price of skill. And therefore, inequality is driven by this price. Under the law of supply and demand, the price of skill is determined by a race between the demand for the skilled worker and the supply of the skilled worker. ""On the other hand, markets can also concentrate wealth, pass environmental costs on to society, and abuse workers and consumers."" ""Markets, by themselves, even when they are stable, often lead to high levels of inequality, outcomes that are widely viewed as unfair."" Employers who offer a below market wage will find that their business is chronically understaffed. Their competitors will take advantage of the situation by offering a higher wage the best of their labor. For a businessman who has the profit motive as the prime interest, it is a losing proposition to offer below or above market wages to workers.', 'The origins of the department store lay in the growth of the conspicuous consumer society at the turn of the 19th century. As the Industrial Revolution accelerated economy expansion, the affluent middle-class grew in size and wealth. This urbanized social group, sharing a culture of consumption and changing fashion, was the catalyst for the retail revolution. As rising prosperity and social mobility increased the number of people, especially women (who found they could shop unaccompanied at department stores without damaging their reputation), with disposable income in the late Georgian period, window shopping was transformed into a leisure activity and entrepreneurs, like the potter Josiah Wedgwood, pioneered the use of marketing techniques to influence the prevailing tastes and preferences of society.', ""The city's Greektown and three downtown casino resort hotels serve as part of an entertainment hub. The Eastern Market farmer's distribution center is the largest open-air flowerbed market in the United States and has more than 150 foods and specialty businesses. On Saturdays, about 45,000 people shop the city's historic Eastern Market. The Midtown and the New Center area are centered on Wayne State University and Henry Ford Hospital. Midtown has about 50,000 residents and attracts millions of visitors each year to its museums and cultural centers; for example, the Detroit Festival of the Arts in Midtown draws about 350,000 people.""]","[0.46500101685523987, 0.34606391191482544, 0.33200523257255554]",0.46500101685523987,0.7325005084276199,0.7147489488124847,,0.46500101685523987,0.4294978976249695,,0.7227371506392957,0.0,0.22222222222222224,flag
test,56d99179dc89441400fdb56d,How many teams up to Super Bowl 50 have been to the championship game eight times?,six,six,['six'],['six'],six,"['four', 'four', 'four']",True,1.0,1.0,"['For the third straight season, the number one seeds from both conferences met in the Super Bowl. The Carolina Panthers became one of only ten teams to have completed a regular season with only one loss, and one of only six teams to have acquired a 15–1 record, while the Denver Broncos became one of four teams to have made eight appearances in the Super Bowl. The Broncos made their second Super Bowl appearance in three years, having reached Super Bowl XLVIII, while the Panthers made their second Super Bowl appearance in franchise history, their other appearance being Super Bowl XXXVIII. Coincidentally, both teams were coached by John Fox in their last Super Bowl appearance prior to Super Bowl 50.', 'CBS broadcast Super Bowl 50 in the U.S., and charged an average of $5 million for a 30-second commercial during the game. The Super Bowl 50 halftime show was headlined by the British rock group Coldplay with special guest performers Beyoncé and Bruno Mars, who headlined the Super Bowl XLVII and Super Bowl XLVIII halftime shows, respectively. It was the third-most watched U.S. broadcast ever.', ""The league announced on October 16, 2012, that the two finalists were Sun Life Stadium and Levi's Stadium. The South Florida/Miami area has previously hosted the event 10 times (tied for most with New Orleans), with the most recent one being Super Bowl XLIV in 2010. The San Francisco Bay Area last hosted in 1985 (Super Bowl XIX), held at Stanford Stadium in Stanford, California, won by the home team 49ers. The Miami bid depended on whether the stadium underwent renovations. However, on May 3, 2013, the Florida legislature refused to approve the funding plan to pay for the renovations, dealing a significant blow to Miami's chances.""]","[0.6168031692504883, 0.48680028319358826, 0.47841471433639526]",0.6168031692504883,0.8084015846252441,0.5419238209724426,,0.6168031692504883,0.08384764194488525,,0.6618388146162033,0.0,0.0,escalate
test,5711607f2419e314009555cf,What plants create most electric power?,cucumbers,cucumbers,['cucumbers'],['cucumbers'],cucumbers,"['steam turbine', 'steam turbine', 'steam turbine plant', 'steam turbine plant']",True,1.0,1.0,"[""The weight of boilers and condensers generally makes the power-to-weight ratio of a steam plant lower than for internal combustion engines. For mobile applications steam has been largely superseded by internal combustion engines or electric motors. However, most electric power is generated using steam turbine plant, so that indirectly the world's industry is still dependent on steam power. Recent concerns about fuel sources and pollution have incited a renewed interest in steam both as a component of cogeneration processes and as a prime mover. This is becoming known as the Advanced Steam movement.[citation needed]"", 'Besides increased efficiency of power plants, there was an increase in efficiency (between 1950 and 1973) of the railway utilization of this electricity with energy-intensity dropping from 218 to 124 kwh/10,000 gross tonne-km (of both passenger and freight trains) or a 43% drop. Since energy-intensity is the inverse of energy-efficiency it drops as efficiency goes up. But most of this 43% decrease in energy-intensity also benefited diesel traction. The conversion of wheel bearings from plain to roller, increase of train weight, converting single track lines to double track (or partially double track), and the elimination of obsolete 2-axle freight cars increased the energy-efficiency of all types of traction: electric, diesel, and steam. However, there remained a 12–15% reduction of energy-intensity that only benefited electric traction (and not diesel). This was due to improvements in locomotives, more widespread use of regenerative braking (which in 1989 recycled 2.65% of the electric energy used for traction,) remote control of substations, better handling of the locomotive by the locomotive crew, and improvements in automation. Thus the overall efficiency of electric traction as compared to diesel more than doubled between 1950 and the mid-1970s in the Soviet Union. But after 1974 (thru 1980) there was no improvement in energy-intensity (wh/tonne-km) in part due to increasing speeds of passenger and freight trains.', 'Greenhouses convert solar light to heat, enabling year-round production and the growth (in enclosed environments) of specialty crops and other plants not naturally suited to the local climate. Primitive greenhouses were first used during Roman times to produce cucumbers year-round for the Roman emperor Tiberius. The first modern greenhouses were built in Europe in the 16th century to keep exotic plants brought back from explorations abroad. Greenhouses remain an important part of horticulture today, and plastic transparent materials have also been used to similar effect in polytunnels and row covers.']","[0.42701077461242676, 0.356889545917511, 0.33144864439964294]",0.42701077461242676,0.7135053873062134,0.49259666400030255,,0.42701077461242676,-0.014806671999394894,,0.5920055894879624,0.0,0.0,escalate
test,57266a15f1498d1400e8defa,The epidemic in Newcastle was the most what in any British city at the time?,disaster,disaster,['disaster'],['disaster'],disaster,"['devastating loss', 'devastating loss', 'devastating loss']",True,1.0,1.0,"['In the Sandgate area, to the east of the city and beside the river, resided the close-knit community of keelmen and their families. They were so called because they worked on the keels, boats that were used to transfer coal from the river banks to the waiting colliers, for export to London and elsewhere. In the 1630s about 7,000 out of 20,000 inhabitants of Newcastle died of plague, more than one-third of the population. Specifically within the year 1636, it is roughly estimated with evidence held by the Society of Antiquaries that 47% of the then population of Newcastle died from the epidemic; this may also have been the most devastating loss in any British City in this period.', 'The results of the Haensch study have since been confirmed and amended. Based on genetic evidence derived from Black Death victims in the East Smithfield burial site in England, Schuenemann et al. concluded in 2011 ""that the Black Death in medieval Europe was caused by a variant of Y. pestis that may no longer exist."" A study published in Nature in October 2011 sequenced the genome of Y. pestis from plague victims and indicated that the strain that caused the Black Death is ancestral to most modern strains of the disease.', ""The Black Death is thought to have originated in the arid plains of Central Asia, where it then travelled along the Silk Road, reaching Crimea by 1343. From there, it was most likely carried by Oriental rat fleas living on the black rats that were regular passengers on merchant ships. Spreading throughout the Mediterranean and Europe, the Black Death is estimated to have killed 30–60% of Europe's total population. In total, the plague reduced the world population from an estimated 450 million down to 350–375 million in the 14th century. The world population as a whole did not recover to pre-plague levels until the 17th century. The plague recurred occasionally in Europe until the 19th century.""]","[0.6990376710891724, 0.4029019773006439, 0.3973467946052551]",0.6990376710891724,0.8495188355445862,0.5520696565508842,,0.6990376710891724,0.1041393131017685,,0.6859217870980501,0.0,0.0,escalate
test,570953a7efce8f15003a7e02,"What additional srevice did BSkyB offer besides Video on Demand that they claimed offered ""substantially more value""?",HD Channels,HD Channels,['HD Channels'],['HD Channels'],HD Channels,"['HD channels', 'HD channels', 'HD channels']",True,2.0,0.5,"[""BSkyB's digital service was officially launched on 1 October 1998 under the name Sky Digital, although small-scale tests were carried out before then. At this time the use of the Sky Digital brand made an important distinction between the new service and Sky's analogue services. Key selling points were the improvement in picture and sound quality, increased number of channels and an interactive service branded Open.... now called Sky Active, BSkyB competed with the ONdigital (later ITV Digital) terrestrial offering and cable services. Within 30 days, over 100,000 digiboxes had been sold, which help bolstered BSkyB's decision to give away free digiboxes and minidishes from May 1999."", 'In 2007, BSkyB and Virgin Media became involved in a dispute over the carriage of Sky channels on cable TV. The failure to renew the existing carriage agreements negotiated with NTL and Telewest resulted in Virgin Media removing the basic channels from the network on 1 March 2007. Virgin Media claimed that BSkyB had substantially increased the asking price for the channels, a claim which BSkyB denied, on the basis that their new deal offered ""substantially more value"" by including HD channels and Video On Demand content which was not previously carried by cable.', ""Many[who?] expected BSkyB to make a bid to show some of the remaining FA Cup games for the remainder of the 2009–10 season which would include a semi-final and shared rights to the final. ESPN took over the package Setanta held for the FA Cup from the 2010–11 season. The 2011 final was also shown live on Sky 3D in addition to ESPN (who provided the 3D coverage for Sky 3D) and ITV. Following the sale of ESPN's UK and Ireland channels to BT, ESPN's rights package transferred to BT Sport from the 2013–14 season.""]","[0.625054121017456, 0.5991716384887695, 0.3815789818763733]",0.625054121017456,0.812527060508728,0.7463930696249008,,0.625054121017456,0.49278613924980164,,0.7761533655226232,1.0,1.0,flag
test,56e1239acd28a01900c67641,Who did Tesla think would run the world of the future?,"Tesla believed that humanity's future would be run by ""Queen Bees.""","Tesla believed that humanity's future would be run by ""Queen Bees.","['Tesla believed that humanity\'s future would be run by ""Queen Bees.""']","['Tesla believed that humanity\'s future would be run by ""Queen Bees.']","Tesla believed that humanity's future would be run by ""Queen Bees.","['women', 'women', 'women']",True,1.0,1.0,"['In 1926, Tesla commented on the ills of the social subservience of women and the struggle of women toward gender equality, and indicated that humanity\'s future would be run by ""Queen Bees."" He believed that women would become the dominant sex in the future.', 'Tesla worked every day from 9:00 a.m. until 6:00 p.m. or later, with dinner from exactly 8:10 p.m., at Delmonico\'s restaurant and later the Waldorf-Astoria Hotel. Tesla would telephone his dinner order to the headwaiter, who also could be the only one to serve him. ""The meal was required to be ready at eight o\'clock ... He dined alone, except on the rare occasions when he would give a dinner to a group to meet his social obligations. Tesla would then resume his work, often until 3:00 a.m."":283, 286', 'Tesla was the fourth of five children. He had an older brother named Dane and three sisters, Milka, Angelina and Marica. Dane was killed in a horse-riding accident when Nikola was five. In 1861, Tesla attended the ""Lower"" or ""Primary"" School in Smiljan where he studied German, arithmetic, and religion. In 1862, the Tesla family moved to Gospić, Austrian Empire, where Tesla\'s father worked as a pastor. Nikola completed ""Lower"" or ""Primary"" School, followed by the ""Lower Real Gymnasium"" or ""Normal School.""']","[0.5838859677314758, 0.39370542764663696, 0.38673245906829834]",0.5838859677314758,0.7919429838657379,0.7731751203536987,,0.5838859677314758,0.5463502407073975,,0.7816206589341164,0.0,0.0,flag
test,57302efe04bcaa1900d772f9,What have many HT members graduated to joining?,terrorist groups,terrorist groups,['terrorist groups'],['terrorist groups'],terrorist groups,"['terrorist groups', 'terrorist groups', 'terrorist groups']",True,3.0,0.3333333333333333,"['There are fifteen fraternities and seven sororities at the University of Chicago, as well as one co-ed community service fraternity, Alpha Phi Omega. Four of the sororities are members of the National Panhellenic Conference, and ten of the fraternities form the University of Chicago Interfraternity Council. In 2002, the Associate Director of Student Activities estimated that 8–10 percent of undergraduates were members of fraternities or sororities. The student activities office has used similar figures, stating that one in ten undergraduates participate in Greek life.', 'Non-academic alumni: Author, H. G. Wells, McLaren and Ferrari Chief Designer, Nicholas Tombazis, CEO of Rolls Royce, Ralph Robins, rock band Queen, Brian May, CEO of Singapore Airlines, Chew Choon Seng, Prime Minister of New Zealand, Julius Vogel, Prime Minister of India, Rajiv Gandhi, Deputy Prime Minister of Singapore, Teo Chee Hean, Chief Medical Officer for England, Sir Liam Donaldson, Head Physician to the Queen, Huw Thomas, CEO of Moonfruit, Wendy Tan White, Businessman and philanthropist, Winston Wong, billionaire hedge fund manager Alan Howard.', 'HT does not engage in armed jihad or work for a democratic system, but works to take power through ""ideological struggle"" to change Muslim public opinion, and in particular through elites who will ""facilitate"" a ""change of the government,"" i.e., launch a ""bloodless"" coup. It allegedly attempted and failed such coups in 1968 and 1969 in Jordan, and in 1974 in Egypt, and is now banned in both countries. But many HT members have gone on to join terrorist groups and many jihadi terrorists have cited HT as their key influence.']","[0.40080827474594116, 0.339067280292511, 0.3223782777786255]",0.40080827474594116,0.7004041373729706,0.5858423113822937,,0.40080827474594116,0.1716846227645874,,0.6373951330780983,1.0,1.0,escalate
test,5726e37ef1498d1400e8eed8,Approximately how many items are in the costume collection of the V&A?,"over 14,000","over 14,000","['over 14,000']","['over 14,000']","over 14,000","['over 14,000', 'over 14,000 outfits', 'over 14,000', 'over 14,000']",True,1.0,1.0,"['The costume collection is the most comprehensive in Britain, containing over 14,000 outfits plus accessories, mainly dating from 1600 to the present. Costume sketches, design notebooks, and other works on paper are typically held by the Word and Image department. Because everyday clothing from previous eras has not generally survived, the collection is dominated by fashionable clothes made for special occasions. One of the first significant gifts of costume came in 1913 when the V&A received the Talbot Hughes collection containing 1,442 costumes and items as a gift from Harrods following its display at the nearby department store.', 'The British Architectural Library, sometimes referred to as the RIBA Library, was established in 1834 upon the founding of the institute with donations from members. Now, with over four million items, it is one of the three largest architectural libraries in the world and the largest in Europe. Some items from the collections are on permanent display at the Victoria and Albert Museum (V&A) in the V&A + RIBA Architecture Gallery and included in temporary exhibitions at the RIBA and across Europe and North America. Its collections include:', ""By the early 20th century balloon, or airship, guns, for land and naval use were attracting attention. Various types of ammunition were proposed, high explosive, incendiary, bullet-chains, rod bullets and shrapnel. The need for some form of tracer or smoke trail was articulated. Fuzing options were also examined, both impact and time types. Mountings were generally pedestal type, but could be on field platforms. Trials were underway in most countries in Europe but only Krupp, Erhardt, Vickers Maxim, and Schneider had published any information by 1910. Krupp's designs included adaptations of their 65 mm 9-pounder, a 75 mm 12-pounder, and even a 105 mm gun. Erhardt also had a 12-pounder, while Vickers Maxim offered a 3-pounder and Schneider a 47 mm. The French balloon gun appeared in 1910, it was an 11-pounder but mounted on a vehicle, with a total uncrewed weight of 2 tons. However, since balloons were slow moving, sights were simple. But the challenges of faster moving airplanes were recognised.""]","[0.7728676199913025, 0.29550883173942566, 0.2728216052055359]",0.7728676199913025,0.8864338099956512,0.5466766059398651,,0.7728676199913025,0.09335321187973022,,0.6995673477649689,1.0,1.0,escalate
test,5725d662ec44d21400f3d688,Which park is home to the Fresno Chafffee Zoo?,Roeding Park,Roeding Park,['Roeding Park'],['Roeding Park'],Roeding Park,"['Roeding Park', 'Roeding Park', 'Roeding Park']",True,1.0,1.0,"[""Fresno has three large public parks, two in the city limits and one in county land to the southwest. Woodward Park, which features the Shinzen Japanese Gardens, numerous picnic areas and several miles of trails, is in North Fresno and is adjacent to the San Joaquin River Parkway. Roeding Park, near Downtown Fresno, is home to the Fresno Chaffee Zoo, and Rotary Storyland and Playland. Kearney Park is the largest of the Fresno region's park system and is home to historic Kearney Mansion and plays host to the annual Civil War Revisited, the largest reenactment of the Civil War in the west coast of the U.S."", 'The Desert National Park in Jaisalmer is spread over an area of 3,162 square kilometres (1,221 sq mi), is an excellent example of the ecosystem of the Thar Desert and its diverse fauna. Seashells and massive fossilised tree trunks in this park record the geological history of the desert. The region is a haven for migratory and resident birds of the desert. One can see many eagles, harriers, falcons, buzzards, kestrels and vultures. Short-toed eagles (Circaetus gallicus), tawny eagles (Aquila rapax), spotted eagles (Aquila clanga), laggar falcons (Falco jugger) and kestrels are the commonest of these.', 'The Panthers used the San Jose State practice facility and stayed at the San Jose Marriott. The Broncos practiced at Stanford University and stayed at the Santa Clara Marriott.']","[0.6920938491821289, 0.3541867434978485, 0.285139262676239]",0.6920938491821289,0.8460469245910645,0.7182474434375763,,0.6920938491821289,0.4364948868751526,,0.7757572099566461,1.0,1.0,flag
test,57266e72f1498d1400e8df8d,The point at which different radiometric isotopes stop diffusing into and out of the crystal lattice is called what?,uranium-lead dating,uranium-lead dating,['uranium-lead dating'],['uranium-lead dating'],uranium-lead dating,"['particular closure temperature', 'closure temperature', 'closure temperature']",True,1.0,1.0,"['For many geologic applications, isotope ratios of radioactive elements are measured in minerals that give the amount of time that has passed since a rock passed through its particular closure temperature, the point at which different radiometric isotopes stop diffusing into and out of the crystal lattice. These are used in geochronologic and thermochronologic studies. Common methods include uranium-lead dating, potassium-argon dating, argon-argon dating and uranium-thorium dating. These methods are used for a variety of applications. Dating of lava and volcanic ash layers found within a stratigraphic sequence can provide absolute age data for sedimentary rock units which do not contain radioactive isotopes and calibrate relative dating techniques. These methods can also be used to determine ages of pluton emplacement. Thermochemical techniques can be used to determine temperature profiles within the crust, the uplift of mountain ranges, and paleotopography.', ""The use of uranium in its natural oxide form dates back to at least the year 79 CE, when it was used to add a yellow color to ceramic glazes. Yellow glass with 1% uranium oxide was found in a Roman villa on Cape Posillipo in the Bay of Naples, Italy, by R. T. Gunther of the University of Oxford in 1912. Starting in the late Middle Ages, pitchblende was extracted from the Habsburg silver mines in Joachimsthal, Bohemia (now Jáchymov in the Czech Republic), and was used as a coloring agent in the local glassmaking industry. In the early 19th century, the world's only known sources of uranium ore were these mines."", 'Gain is a parameter which measures the degree of directivity of the antenna\'s radiation pattern. A high-gain antenna will radiate most of its power in a particular direction, while a low-gain antenna will radiate over a wider angle. The antenna gain, or power gain of an antenna is defined as the ratio of the intensity (power per unit surface area)  radiated by the antenna in the direction of its maximum output, at an arbitrary distance, divided by the intensity  radiated at the same distance by a hypothetical isotropic antenna which radiates equal power in all directions. This dimensionless ratio is usually expressed logarithmically in decibels, these units are called ""decibels-isotropic"" (dBi)']","[0.4519899785518646, 0.2737441658973694, 0.2624737024307251]",0.4519899785518646,0.7259949892759323,0.7954740524291992,,0.4519899785518646,0.5909481048583984,,0.7642084740102292,0.0,0.0,flag
test,56e74faf00c9c71400d76f95,What could someone be investigated for?,Ties to the Communist party,Ties to the Communist party,['Ties to the Communist party'],['Ties to the Communist party'],Ties to the Communist party,"['allegations of professional misconduct', 'professional misconduct', 'professional misconduct']",False,,0.0,"['The most notable fraud conviction was that of Gordon Foxley, head of defence procurement at the Ministry of Defence from 1981 to 1984. Police claimed he received at least £3.5m in total in corrupt payments, such as substantial bribes from overseas arms contractors aiming to influence the allocation of contracts.', 'The FBI has maintained files on numerous people, including celebrities such as Elvis Presley, Frank Sinatra, John Denver, John Lennon, Jane Fonda, Groucho Marx, Charlie Chaplin, the band MC5, Lou Costello, Sonny Bono, Bob Dylan, Michael Jackson, and Mickey Mantle. The files were collected for various reasons. Some of the subjects were investigated for alleged ties to the Communist party (Charlie Chaplin and Groucho Marx), or in connection with antiwar activities during the Vietnam War (John Denver, John Lennon, and Jane Fonda). Numerous celebrity files concern threats or extortion attempts against them (Sonny Bono, John Denver, John Lennon, Elvis Presley, Michael Jackson, Mickey Mantle, Groucho Marx, and Frank Sinatra).', 'In January 1977, Droney promoted him to First Assistant District Attorney, essentially making Kerry his campaign and media surrogate because Droney was afflicted with amyotrophic lateral sclerosis (ALS, or Lou Gehrig\'s Disease). As First Assistant, Kerry tried cases, which included winning convictions in a high-profile rape case and a murder. He also played a role in administering the office, including initiating the creation of special white-collar and organized crime units, creating programs to address the problems of rape and other crime victims and witnesses, and managing trial calendars to reflect case priorities. It was in this role in 1978 that Kerry announced an investigation into possible criminal charges against then Senator Edward Brooke, regarding ""misstatements"" in his first divorce trial. The inquiry ended with no charges being brought after investigators and prosecutors determined that Brooke\'s misstatements were pertinent to the case, but were not material enough to have affected the outcome.']","[0.38478368520736694, 0.37439844012260437, 0.3231428265571594]",0.38478368520736694,0.6923918426036835,0.6468926221132278,,0.38478368520736694,0.2937852442264557,,0.6673672713339329,0.0,0.0,escalate
test,5729d51d3f37b31900478592,What are examples of economic actors?,"workers, capitalists, landlords","workers, capitalists, landlords","['workers, capitalists, landlords']","['workers, capitalists, landlords']","workers, capitalists, landlords","['worker, capitalist/business owner, landlord', 'worker, capitalist/business owner, landlord', 'worker, capitalist/business owner, landlord']",True,3.0,0.3333333333333333,"['In a purely capitalist mode of production (i.e. where professional and labor organizations cannot limit the number of workers) the workers wages will not be controlled by these organizations, or by the employer, but rather by the market. Wages work in the same way as prices for any other good. Thus, wages can be considered as a function of market price of skill. And therefore, inequality is driven by this price. Under the law of supply and demand, the price of skill is determined by a race between the demand for the skilled worker and the supply of the skilled worker. ""On the other hand, markets can also concentrate wealth, pass environmental costs on to society, and abuse workers and consumers."" ""Markets, by themselves, even when they are stable, often lead to high levels of inequality, outcomes that are widely viewed as unfair."" Employers who offer a below market wage will find that their business is chronically understaffed. Their competitors will take advantage of the situation by offering a higher wage the best of their labor. For a businessman who has the profit motive as the prime interest, it is a losing proposition to offer below or above market wages to workers.', 'In the 1920s, John Maynard Keynes prompted a division between microeconomics and macroeconomics. Under Keynesian economics macroeconomic trends can overwhelm economic choices made by individuals. Governments should promote aggregate demand for goods as a means to encourage economic expansion. Following World War II, Milton Friedman created the concept of monetarism. Monetarism focuses on using the supply and demand of money as a method for controlling economic activity. In the 1970s, monetarism has adapted into supply-side economics which advocates reducing taxes as a means to increase the amount of money available for economic expansion.', 'Neoclassical economics views inequalities in the distribution of income as arising from differences in value added by labor, capital and land. Within labor income distribution is due to differences in value added by different classifications of workers. In this perspective, wages and profits are determined by the marginal value added of each economic actor (worker, capitalist/business owner, landlord). Thus, in a market economy, inequality is a reflection of the productivity gap between highly-paid professions and lower-paid professions.']","[0.4385814964771271, 0.43055474758148193, 0.3874562978744507]",0.4385814964771271,0.7192907482385635,0.7157925516366959,,0.4385814964771271,0.4315851032733917,,0.7173667401075363,0.0,0.0,flag
test,5728f2e26aef051400154898,What field involves the study of the immune system?,Immunology,Immunology,['Immunology'],['Immunology'],Immunology,"['Immunology', 'Immunology', 'Immunology']",True,2.0,0.5,"['In the mid-1950s, Frank Burnet, inspired by a suggestion made by Niels Jerne, formulated the clonal selection theory (CST) of immunity. On the basis of CST, Burnet developed a theory of how an immune response is triggered according to the self/nonself distinction: ""self"" constituents (constituents of the body) do not trigger destructive immune responses, while ""nonself"" entities (pathogens, an allograft) trigger a destructive immune response. The theory was later modified to reflect new discoveries regarding histocompatibility or the complex ""two-signal"" activation of T cells. The self/nonself theory of immunity and the self/nonself vocabulary have been criticized, but remain very influential.', ""Disorders of the immune system can result in autoimmune diseases, inflammatory diseases and cancer. Immunodeficiency occurs when the immune system is less active than normal, resulting in recurring and life-threatening infections. In humans, immunodeficiency can either be the result of a genetic disease such as severe combined immunodeficiency, acquired conditions such as HIV/AIDS, or the use of immunosuppressive medication. In contrast, autoimmunity results from a hyperactive immune system attacking normal tissues as if they were foreign organisms. Common autoimmune diseases include Hashimoto's thyroiditis, rheumatoid arthritis, diabetes mellitus type 1, and systemic lupus erythematosus. Immunology covers the study of all aspects of the immune system."", 'Dendritic cells (DC) are phagocytes in tissues that are in contact with the external environment; therefore, they are located mainly in the skin, nose, lungs, stomach, and intestines. They are named for their resemblance to neuronal dendrites, as both have many spine-like projections, but dendritic cells are in no way connected to the nervous system. Dendritic cells serve as a link between the bodily tissues and the innate and adaptive immune systems, as they present antigens to T cells, one of the key cell types of the adaptive immune system.']","[0.49031826853752136, 0.44818657636642456, 0.40110334753990173]",0.49031826853752136,0.7451591342687607,0.7248923480510712,,0.49031826853752136,0.44978469610214233,,0.7340124018490315,1.0,1.0,flag
test,5729efab3f37b319004785cf,What are the phagocytes that are located in tissues in contact with the external environment called?,dendritic cells,dendritic cells,['dendritic cells'],['dendritic cells'],dendritic cells,"['Dendritic cells', 'Dendritic cells', 'Dendritic cells']",True,1.0,1.0,"['Dendritic cells (DC) are phagocytes in tissues that are in contact with the external environment; therefore, they are located mainly in the skin, nose, lungs, stomach, and intestines. They are named for their resemblance to neuronal dendrites, as both have many spine-like projections, but dendritic cells are in no way connected to the nervous system. Dendritic cells serve as a link between the bodily tissues and the innate and adaptive immune systems, as they present antigens to T cells, one of the key cell types of the adaptive immune system.', 'Bacteria display a wide diversity of shapes and sizes, called morphologies. Bacterial cells are about one-tenth the size of eukaryotic cells and are typically 0.5–5.0 micrometres in length. However, a few species are visible to the unaided eye — for example, Thiomargarita namibiensis is up to half a millimetre long and Epulopiscium fishelsoni reaches 0.7 mm. Among the smallest bacteria are members of the genus Mycoplasma, which measure only 0.3 micrometres, as small as the largest viruses. Some bacteria may be even smaller, but these ultramicrobacteria are not well-studied.', 'The nitrogen fixing Rhizobia are an interesting case, wherein conjugative elements naturally engage in inter-kingdom conjugation. Such elements as the Agrobacterium Ti or Ri plasmids contain elements that can transfer to plant cells. Transferred genes enter the plant cell nucleus and effectively transform the plant cells into factories for the production of opines, which the bacteria use as carbon and energy sources. Infected plant cells form crown gall or root tumors. The Ti and Ri plasmids are thus endosymbionts of the bacteria, which are in turn endosymbionts (or parasites) of the infected plant.']","[0.53268963098526, 0.32549479603767395, 0.31933361291885376]",0.53268963098526,0.76634481549263,0.8108021020889282,,0.53268963098526,0.6216042041778564,,0.7907963231205941,1.0,1.0,accept
test,57266783f1498d1400e8de8a,What did the merchants of Newcastle plot to do to Timothy Dexter?,To ruin him,To ruin him,['To ruin him'],['To ruin him'],To ruin him,"['ruin him', 'ruin him', 'to ruin him']",True,1.0,1.0,"['From 1530 a royal act restricted all shipments of coal from Tyneside to Newcastle Quayside, giving a monopoly in the coal trade to a cartel of Newcastle burgesses known as the Hostmen. This monopoly, which lasted for a considerable time, helped Newcastle prosper and develop into a major town. The phrase taking coals to Newcastle was first recorded contextually in 1538. The phrase itself means a pointless pursuit. In the 18th century American Timothy Dexter, an entrepreneur, widely regarded as an eccentric, defied this idiom. He was persuaded to sail a shipment of coal to Newcastle by merchants plotting to ruin him; however his shipment arrived on the Tyne during a strike that had crippled local production; unexpectedly he made a considerable profit.', 'In the Sandgate area, to the east of the city and beside the river, resided the close-knit community of keelmen and their families. They were so called because they worked on the keels, boats that were used to transfer coal from the river banks to the waiting colliers, for export to London and elsewhere. In the 1630s about 7,000 out of 20,000 inhabitants of Newcastle died of plague, more than one-third of the population. Specifically within the year 1636, it is roughly estimated with evidence held by the Society of Antiquaries that 47% of the then population of Newcastle died from the epidemic; this may also have been the most devastating loss in any British City in this period.', 'Prior to King Henry\'s departure for the Battle of Agincourt in 1415, the ringleaders of the ""Southampton Plot""—Richard, Earl of Cambridge, Henry Scrope, 3rd Baron Scrope of Masham, and Sir Thomas Grey of Heton—were accused of high treason and tried at what is now the Red Lion public house in the High Street. They were found guilty and summarily executed outside the Bargate.']","[0.4598371088504791, 0.428120881319046, 0.31899964809417725]",0.4598371088504791,0.7299185544252396,0.5413702577352524,,0.4598371088504791,0.08274051547050476,,0.6262169912457467,1.0,1.0,escalate
test,56e0c0c7231d4119001ac379,What job did Tesla's father have in Gospic?,Pastor,Pastor,['Pastor'],['Pastor'],Pastor,"['pastor', 'a pastor', 'pastor']",True,1.0,1.0,"['Tesla was the fourth of five children. He had an older brother named Dane and three sisters, Milka, Angelina and Marica. Dane was killed in a horse-riding accident when Nikola was five. In 1861, Tesla attended the ""Lower"" or ""Primary"" School in Smiljan where he studied German, arithmetic, and religion. In 1862, the Tesla family moved to Gospić, Austrian Empire, where Tesla\'s father worked as a pastor. Nikola completed ""Lower"" or ""Primary"" School, followed by the ""Lower Real Gymnasium"" or ""Normal School.""', 'Tesla worked every day from 9:00 a.m. until 6:00 p.m. or later, with dinner from exactly 8:10 p.m., at Delmonico\'s restaurant and later the Waldorf-Astoria Hotel. Tesla would telephone his dinner order to the headwaiter, who also could be the only one to serve him. ""The meal was required to be ready at eight o\'clock ... He dined alone, except on the rare occasions when he would give a dinner to a group to meet his social obligations. Tesla would then resume his work, often until 3:00 a.m."":283, 286', 'In 1926, Tesla commented on the ills of the social subservience of women and the struggle of women toward gender equality, and indicated that humanity\'s future would be run by ""Queen Bees."" He believed that women would become the dominant sex in the future.']","[0.5221930742263794, 0.45771318674087524, 0.4209047555923462]",0.5221930742263794,0.7610965371131897,0.5662936419248581,,0.5221930742263794,0.1325872838497162,,0.6539549447596074,1.0,1.0,escalate
test,56d70d240d65d21400198327,Which hotel did the Panthers stay at for the Super Bowl?,San Jose Marriott,San Jose Marriott,['San Jose Marriott'],['San Jose Marriott'],San Jose Marriott,"['San Jose Marriott.', 'the San Jose Marriott', 'San Jose Marriott']",True,1.0,1.0,"['The Panthers used the San Jose State practice facility and stayed at the San Jose Marriott. The Broncos practiced at Stanford University and stayed at the Santa Clara Marriott.', ""The league announced on October 16, 2012, that the two finalists were Sun Life Stadium and Levi's Stadium. The South Florida/Miami area has previously hosted the event 10 times (tied for most with New Orleans), with the most recent one being Super Bowl XLIV in 2010. The San Francisco Bay Area last hosted in 1985 (Super Bowl XIX), held at Stanford Stadium in Stanford, California, won by the home team 49ers. The Miami bid depended on whether the stadium underwent renovations. However, on May 3, 2013, the Florida legislature refused to approve the funding plan to pay for the renovations, dealing a significant blow to Miami's chances."", 'Despite waiving longtime running back DeAngelo Williams and losing top wide receiver Kelvin Benjamin to a torn ACL in the preseason, the Carolina Panthers had their best regular season in franchise history, becoming the seventh team to win at least 15 regular season games since the league expanded to a 16-game schedule in 1978. Carolina started the season 14–0, not only setting franchise records for the best start and the longest single-season winning streak, but also posting the best start to a season by an NFC team in NFL history, breaking the 13–0 record previously shared with the 2009 New Orleans Saints and the 2011 Green Bay Packers. With their NFC-best 15–1 regular season record, the Panthers clinched home-field advantage throughout the NFC playoffs for the first time in franchise history. Ten players were selected to the Pro Bowl (the most in franchise history) along with eight All-Pro selections.']","[0.6760952472686768, 0.49375060200691223, 0.4927143156528473]",0.6760952472686768,0.8380476236343384,0.6686283051967621,,0.6760952472686768,0.33725661039352417,,0.7448669984936714,1.0,1.0,flag
test,5733d3cb4776f419006612ed,What are other alternative names for French and Indian War?,Fourth Intercolonial War,Fourth Intercolonial War,['Fourth Intercolonial War'],['Fourth Intercolonial War'],Fourth Intercolonial War,"['Fourth Intercolonial War and the Great War for the Empire', 'Fourth Intercolonial War and the Great War for the Empire', 'Fourth Intercolonial War and the Great War for the Empire', 'Fourth Intercolonial War and the Great War for the Empire', 'the Fourth Intercolonial War and the Great War for the Empire']",True,1.0,1.0,"[""The conflict is known by multiple names. In British America, wars were often named after the sitting British monarch, such as King William's War or Queen Anne's War. As there had already been a King George's War in the 1740s, British colonists named the second war in King George's reign after their opponents, and it became known as the French and Indian War. This traditional name continues as the standard in the United States, but it obscures the fact that Indians fought on both sides of the conflict, and that this was part of the Seven Years' War, a much larger conflict between France and Great Britain. American historians generally use the traditional name or sometimes the Seven Years' War. Other, less frequently used names for the war include the Fourth Intercolonial War and the Great War for the Empire."", ""The British and French struggles in India became but one theatre of the global Seven Years' War (1756–1763) involving France, Britain and the other major European powers. The signing of the Treaty of Paris (1763) had important consequences for the future of the British Empire. In North America, France's future as a colonial power there was effectively ended with the recognition of British claims to Rupert's Land, and the ceding of New France to Britain (leaving a sizeable French-speaking population under British control) and Louisiana to Spain. Spain ceded Florida to Britain. Along with its victory over France in India, the Seven Years' War therefore left Britain as the world's most powerful maritime power."", ""The army's major campaign against the Indians was fought in Florida against Seminoles. It took long wars (1818–58) to finally defeat the Seminoles and move them to Oklahoma. The usual strategy in Indian wars was to seize control of the Indians winter food supply, but that was no use in Florida where there was no winter. The second strategy was to form alliances with other Indian tribes, but that too was useless because the Seminoles had destroyed all the other Indians when they entered Florida in the late eighteenth century.""]","[0.6240297555923462, 0.4576984643936157, 0.41703516244888306]",0.6240297555923462,0.8120148777961731,0.7001793384552002,,0.6240297555923462,0.4003586769104004,,0.750505331158638,0.0,0.5454545454545454,flag
test,5705f7c875f01819005e77df,"Outside of its use of automobiles, what else is southern California famous for using?",suburban communities,suburban communities,['suburban communities'],['suburban communities'],suburban communities,"['highways', 'highways']",True,1.0,1.0,"['Southern California consists of a heavily developed urban environment, home to some of the largest urban areas in the state, along with vast areas that have been left undeveloped. It is the third most populated megalopolis in the United States, after the Great Lakes Megalopolis and the Northeastern megalopolis. Much of southern California is famous for its large, spread-out, suburban communities and use of automobiles and highways. The dominant areas are Los Angeles, Orange County, San Diego, and Riverside-San Bernardino, each of which is the center of its respective metropolitan area, composed of numerous smaller cities and communities. The urban area is also host to an international metropolitan region in the form of San Diego–Tijuana, created by the urban area spilling over into Baja California.', ""Southern California includes the heavily built-up urban area stretching along the Pacific coast from Ventura, through the Greater Los Angeles Area and the Inland Empire, and down to Greater San Diego. Southern California's population encompasses seven metropolitan areas, or MSAs: the Los Angeles metropolitan area, consisting of Los Angeles and Orange counties; the Inland Empire, consisting of Riverside and San Bernardino counties; the San Diego metropolitan area; the Oxnard–Thousand Oaks–Ventura metropolitan area; the Santa Barbara metro area; the San Luis Obispo metropolitan area; and the El Centro area. Out of these, three are heavy populated areas: the Los Angeles area with over 12 million inhabitants, the Riverside-San Bernardino area with over four million inhabitants, and the San Diego area with over 3 million inhabitants. For CSA metropolitan purposes, the five counties of Los Angeles, Orange, Riverside, San Bernardino, and Ventura are all combined to make up the Greater Los Angeles Area with over 17.5 million people. With over 22 million people, southern California contains roughly 60 percent of California's population."", ""As of the 2010 United States Census, southern California has a population of 22,680,010. Despite a reputation for high growth rates, southern California's rate grew less than the state average of 10.0% in the 2000s as California's growth became concentrated in the northern part of the state due to a stronger, tech-oriented economy in the Bay Area and an emerging Greater Sacramento region.""]","[0.5847017168998718, 0.4793787896633148, 0.4635709822177887]",0.5847017168998718,0.7923508584499359,0.6608684211969376,,0.5847017168998718,0.3217368423938751,,0.7200355179607869,0.0,0.0,flag
test,572680865951b619008f74e9,What was the last name of the designers of Newcastle's library?,Lit & Phil,Lit & Phil,['Lit & Phil'],['Lit & Phil'],Lit & Phil,"['Green', 'Green', 'John and Benjamin Green']",True,3.0,0.3333333333333333,"['Not only the work of British artists and craftspeople is on display, but also work produced by European artists that was purchased or commissioned by British patrons, as well as imports from Asia, including porcelain, cloth and wallpaper. Designers and artists whose work is on display in the galleries include Gian Lorenzo Bernini, Grinling Gibbons, Daniel Marot, Louis Laguerre, Antonio Verrio, Sir James Thornhill, William Kent, Robert Adam, Josiah Wedgwood, Matthew Boulton, Canova, Thomas Chippendale, Pugin, William Morris. Patrons who have influenced taste are also represented by works of art from their collections, these include: Horace Walpole (a major influence on the Gothic Revival), William Thomas Beckford and Thomas Hope.', 'RIBA is based at 66 Portland Place, London—a 1930s Grade II* listed building designed by architect George Grey Wornum with sculptures by Edward Bainbridge Copnall and James Woodford. Parts of the London building are open to the public, including the Library. It has a large architectural bookshop, a café, restaurant and lecture theatres. Rooms are hired out for events.', ""The Literary and Philosophical Society of Newcastle upon Tyne (popularly known as the 'Lit & Phil') is the largest independent library outside London, housing more than 150,000 books. Its music library contains 8000 CDs and 10,000 LPs. The current Lit and Phil premises were built in 1825 and the building was designed by John and Benjamin Green. Operating since 1793 and founded as a ‘conversation club,’ its lecture theatre was the first public building to be lit by electric light, during a lecture by Joseph Swan on 20 October 1880.""]","[0.47284430265426636, 0.4473682641983032, 0.44501468539237976]",0.47284430265426636,0.7364221513271332,0.6252083778381348,,0.47284430265426636,0.25041675567626953,,0.675254575908184,0.0,0.0,escalate
test,5725d79e89a1e219009abf90,How many people were on the test flight of the AS-206?,1,1,['1'],['1'],1,"['unmanned', 'unmanned', 'unmanned', 'unmanned']",True,2.0,0.5,"['The diversion of heavier bombers to the Balkans meant that the crews and units left behind were asked to fly two or three sorties per night. Bombers were noisy, cold, and vibrated badly. Added to the tension of the mission which exhausted and drained crews, tiredness caught up with and killed many. In one incident on 28/29 April, Peter Stahl of KG 30 was flying on his 50th mission. He fell asleep at the controls of his Ju 88 and woke up to discover the entire crew asleep. He roused them, ensured they took oxygen and Dextro-Energen tablets, then completed the mission.', 'After an unmanned LM test flight AS-206, a crew would fly the first Block II CSM and LM in a dual mission known as AS-207/208, or AS-278 (each spacecraft would be launched on a separate Saturn IB.) The Block II crew positions were titled Commander (CDR) Command Module Pilot (CMP) and Lunar Module Pilot (LMP). The astronauts would begin wearing a new Apollo spacesuit, designed to accommodate lunar extravehicular activity (EVA). The traditional visor helmet was replaced with a clear ""fishbowl"" type for greater visibility, and the lunar surface EVA suit would include a water-cooled undergarment.', ""The last major attack on London was on 10/11 May 1941, on which the Luftwaffe flew 571 sorties and dropped 800 tonnes of bombs. This caused more than 2,000 fires. 1,436 people were killed and 1,792 seriously injured, which affected morale badly. Another raid was carried out on 11/12 May 1941. Westminster Abbey and the Law Courts were damaged, while the Chamber of the House of Commons was destroyed. One-third of London's streets were impassable. All but one railway station line was blocked for several weeks. This raid was significant, as 63 German fighters were sent with the bombers, indicating the growing effectiveness of RAF night fighter defences.""]","[0.3949952721595764, 0.3431621193885803, 0.28399986028671265]",0.3949952721595764,0.6974976360797882,0.5039149918593466,,0.3949952721595764,0.007829983718693256,,0.5910271817585453,0.0,0.0,escalate
test,570603c475f01819005e7884,What is the state average growth rate?,10.0%,0%,['10.0%'],['0%'],0%,"['10.0%', '10.0%', '10.0%']",True,2.0,0.5,"[""The United States Census Bureau estimates that the population of Montana was 1,032,949 on July 1, 2015, a 4.40% increase since the 2010 United States Census. The 2010 census put Montana's population at 989,415 which is an increase of 43,534 people, or 4.40 percent, since 2010. During the first decade of the new century, growth was mainly concentrated in Montana's seven largest counties, with the highest percentage growth in Gallatin County, which saw a 32 percent increase in its population from 2000-2010. The city seeing the largest percentage growth was Kalispell with 40.1 percent, and the city with the largest increase in actual residents was Billings with an increase in population of 14,323 from 2000-2010."", ""As of the 2010 United States Census, southern California has a population of 22,680,010. Despite a reputation for high growth rates, southern California's rate grew less than the state average of 10.0% in the 2000s as California's growth became concentrated in the northern part of the state due to a stronger, tech-oriented economy in the Bay Area and an emerging Greater Sacramento region."", ""The 2007 gross state product was $44.9 billion, 45th in the nation. Its per capita personal income for 2007 was $40,042, ranking 15th in the nation. According to a 2013 study by Phoenix Marketing International, Alaska had the fifth-largest number of millionaires per capita in the United States, with a ratio of 6.75 percent. The oil and gas industry dominates the Alaskan economy, with more than 80% of the state's revenues derived from petroleum extraction. Alaska's main export product (excluding oil and natural gas) is seafood, primarily salmon, cod, Pollock and crab.""]","[0.4912213683128357, 0.4185265898704529, 0.41517895460128784]",0.4912213683128357,0.7456106841564178,0.5370936915278435,,0.4912213683128357,0.07418738305568695,,0.630926338210702,0.0,0.0,escalate
test,57264fe65951b619008f6fa4,When was the study on sequenced Y genomes published?,October 2011,October 2011,['October 2011'],['October 2011'],October 2011,"['October 2011', 'October 2011', 'October 2011']",True,1.0,1.0,"['The results of the Haensch study have since been confirmed and amended. Based on genetic evidence derived from Black Death victims in the East Smithfield burial site in England, Schuenemann et al. concluded in 2011 ""that the Black Death in medieval Europe was caused by a variant of Y. pestis that may no longer exist."" A study published in Nature in October 2011 sequenced the genome of Y. pestis from plague victims and indicated that the strain that caused the Black Death is ancestral to most modern strains of the disease.', ""Genetic engineering is now a routine research tool with model organisms. For example, genes are easily added to bacteria and lineages of knockout mice with a specific gene's function disrupted are used to investigate that gene's function. Many organisms have been genetically modified for applications in agriculture, industrial biotechnology, and medicine."", ""Chapter X examines whether patterns in the fossil record are better explained by common descent and branching evolution through natural selection, than by the individual creation of fixed species. Darwin expected species to change slowly, but not at the same rate – some organisms such as Lingula were unchanged since the earliest fossils. The pace of natural selection would depend on variability and change in the environment. This distanced his theory from Lamarckian laws of inevitable progress. It has been argued that this anticipated the punctuated equilibrium hypothesis, but other scholars have preferred to emphasise Darwin's commitment to gradualism. He cited Richard Owen's findings that the earliest members of a class were a few simple and generalised species with characteristics intermediate between modern forms, and were followed by increasingly diverse and specialised forms, matching the branching of common descent from an ancestor. Patterns of extinction matched his theory, with related groups of species having a continued existence until extinction, then not reappearing. Recently extinct species were more similar to living species than those from earlier eras, and as he had seen in South America, and William Clift had shown in Australia, fossils from recent geological periods resembled species still living in the same area.""]","[0.48038020730018616, 0.2631600797176361, 0.24854983389377594]",0.48038020730018616,0.7401901036500931,0.5029253531247377,,0.48038020730018616,0.005850706249475479,,0.6096944908611477,1.0,1.0,escalate
test,56d98f0ddc89441400fdb559,How many times prios has the Sun Life Stadium had Super Bowls?,10,10,['10'],['10'],10,"['10.', '10', '10 times']",True,1.0,1.0,"[""The league announced on October 16, 2012, that the two finalists were Sun Life Stadium and Levi's Stadium. The South Florida/Miami area has previously hosted the event 10 times (tied for most with New Orleans), with the most recent one being Super Bowl XLIV in 2010. The San Francisco Bay Area last hosted in 1985 (Super Bowl XIX), held at Stanford Stadium in Stanford, California, won by the home team 49ers. The Miami bid depended on whether the stadium underwent renovations. However, on May 3, 2013, the Florida legislature refused to approve the funding plan to pay for the renovations, dealing a significant blow to Miami's chances."", 'CBS broadcast Super Bowl 50 in the U.S., and charged an average of $5 million for a 30-second commercial during the game. The Super Bowl 50 halftime show was headlined by the British rock group Coldplay with special guest performers Beyoncé and Bruno Mars, who headlined the Super Bowl XLVII and Super Bowl XLVIII halftime shows, respectively. It was the third-most watched U.S. broadcast ever.', ""In 1993, the league staged its first All-Star Game in Des Moines, Iowa, the future home of the long-running Iowa Barnstormers, as a fundraiser for flood victims in the area. The National Conference defeated the American Conference 64–40 in front of a crowd of 7,189. The second Allstar game was in Oct. 2013, with two games, the first in Honolulu, Hawai'i, the second being in Beijing, China.""]","[0.6055326461791992, 0.4665091931819916, 0.4155312776565552]",0.6055326461791992,0.8027663230895996,0.5080053023993969,,0.6055326461791992,0.016010604798793793,,0.6406477617099882,1.0,1.0,escalate
test,56de0ed14396321400ee257a,What does Kitab Rudjdjar mean in English?,I do not know,I do not know,['I do not know'],['I do not know'],I do not know,"['The Book of Roger', 'The Book of Roger', 'The Book of Roger']",False,,0.0,"['Sanskrit (/ˈsænskrɪt/; Sanskrit: saṃskṛtam [səmskr̩t̪əm] or saṃskṛta, originally saṃskṛtā vāk, ""refined speech"") is the primary sacred language of Hinduism, a philosophical language in Buddhism, Hinduism, Sikhism and Jainism, and a literary language that was in use as a lingua franca in Greater India. It is a standardised dialect of Old Indo-Aryan, originating as Vedic Sanskrit and tracing its linguistic ancestry back to Proto-Indo-Iranian and Proto-Indo-European. Today it is listed as one of the 22 scheduled languages of India and is an official language of the state of Uttarakhand. As one of the oldest Indo-European languages for which substantial written documentation exists, Sanskrit holds a prominent position in Indo-European studies.', 'Although ""Nibbāna"" (Sanskrit: Nirvāna) is the common term for the desired goal of this practice, many other terms can be found throughout the Nikayas, which are not specified.[note 35]', 'Kathmandu has a larger proportion of tea drinkers than coffee drinkers. Tea is widely served but is extremely weak by western standards. It is richer and contains tea leaves boiled with milk, sugar and spices. Alcohol is widely drunk, and there are numerous local variants of alcoholic beverages. Drinking and driving is illegal, and authorities have a zero tolerance policy. Ailaa and thwon (alcohol made from rice) are the alcoholic beverages of Kathmandu, found in all the local bhattis (alcohol serving eateries). Chhyaang, tongba (fermented millet or barley) and rakshi are alcoholic beverages from other parts of Nepal which are found in Kathmandu. However, shops and bars in Kathmandu widely sell western and Nepali beers.']","[0.331210732460022, 0.3264169692993164, 0.2779553532600403]",0.331210732460022,0.665605366230011,0.4933356591500342,,0.331210732460022,-0.013328681699931622,,0.5708570273360238,0.0,0.0,escalate
test,572649d8f1498d1400e8db39,"Name one country that banned boating, driving and flying on Sundays.",Switzerland,Switzerland,['Switzerland'],['Switzerland'],Switzerland,"['Germany', 'Germany', 'Italy', 'Norway']",True,1.0,1.0,"['Despite being relatively unaffected by the embargo, the UK nonetheless faced an oil crisis of its own - a series of strikes by coal miners and railroad workers over the winter of 1973–74 became a major factor in the change of government. Heath asked the British to heat only one room in their houses over the winter. The UK, Germany, Italy, Switzerland and Norway banned flying, driving and boating on Sundays. Sweden rationed gasoline and heating oil. The Netherlands imposed prison sentences for those who used more than their ration of electricity.', 'Since incandescent light bulbs use more energy than alternatives such as CFLs and LED lamps, many governments have introduced measures to ban their use, by setting minimum efficacy standards higher than can be achieved by incandescent lamps. Measures to ban light bulbs have been implemented in the European Union, the United States, Russia, Brazil, Argentina, Canada and Australia, among others. In the Europe the EC has calculated that the ban contributes 5 to 10 billion euros to the economy and saves 40 TWh of electricity every year, translating in CO2 emission reductions of 15 million tonnes.', 'The Pew Forum on Religion & Public Life ranks Egypt as the fifth worst country in the world for religious freedom. The United States Commission on International Religious Freedom, a bipartisan independent agency of the US government, has placed Egypt on its watch list of countries that require close monitoring due to the nature and extent of violations of religious freedom engaged in or tolerated by the government. According to a 2010 Pew Global Attitudes survey, 84% of Egyptians polled supported the death penalty for those who leave Islam; 77% supported whippings and cutting off of hands for theft and robbery; and 82% support stoning a person who commits adultery.']","[0.45124006271362305, 0.2793116569519043, 0.2724151313304901]",0.45124006271362305,0.7256200313568115,0.5889246165752411,,0.45124006271362305,0.17784923315048218,,0.6504375532269477,0.0,0.0,escalate
test,57264684708984140094c127,For how long did the plague stick around?,1343,1343,['1343'],['1343'],1343,"['until the 19th century', 'until the 19th century', '19th century']",True,1.0,1.0,"[""The Black Death is thought to have originated in the arid plains of Central Asia, where it then travelled along the Silk Road, reaching Crimea by 1343. From there, it was most likely carried by Oriental rat fleas living on the black rats that were regular passengers on merchant ships. Spreading throughout the Mediterranean and Europe, the Black Death is estimated to have killed 30–60% of Europe's total population. In total, the plague reduced the world population from an estimated 450 million down to 350–375 million in the 14th century. The world population as a whole did not recover to pre-plague levels until the 17th century. The plague recurred occasionally in Europe until the 19th century."", 'The results of the Haensch study have since been confirmed and amended. Based on genetic evidence derived from Black Death victims in the East Smithfield burial site in England, Schuenemann et al. concluded in 2011 ""that the Black Death in medieval Europe was caused by a variant of Y. pestis that may no longer exist."" A study published in Nature in October 2011 sequenced the genome of Y. pestis from plague victims and indicated that the strain that caused the Black Death is ancestral to most modern strains of the disease.', 'In the Sandgate area, to the east of the city and beside the river, resided the close-knit community of keelmen and their families. They were so called because they worked on the keels, boats that were used to transfer coal from the river banks to the waiting colliers, for export to London and elsewhere. In the 1630s about 7,000 out of 20,000 inhabitants of Newcastle died of plague, more than one-third of the population. Specifically within the year 1636, it is roughly estimated with evidence held by the Society of Antiquaries that 47% of the then population of Newcastle died from the epidemic; this may also have been the most devastating loss in any British City in this period.']","[0.5932263135910034, 0.4283909499645233, 0.3982933461666107]",0.5932263135910034,0.7966131567955017,0.544641550630331,,0.5932263135910034,0.08928310126066208,,0.6580287734046579,0.0,0.0,escalate
test,570953a7efce8f15003a7dff,What channels were removed from the network in March of 2007?,Sky Channels,Sky Channels,['Sky Channels'],['Sky Channels'],Sky Channels,"['basic channels', 'the basic channels', 'the basic channels']",True,1.0,1.0,"['In 2007, BSkyB and Virgin Media became involved in a dispute over the carriage of Sky channels on cable TV. The failure to renew the existing carriage agreements negotiated with NTL and Telewest resulted in Virgin Media removing the basic channels from the network on 1 March 2007. Virgin Media claimed that BSkyB had substantially increased the asking price for the channels, a claim which BSkyB denied, on the basis that their new deal offered ""substantially more value"" by including HD channels and Video On Demand content which was not previously carried by cable.', ""Many[who?] expected BSkyB to make a bid to show some of the remaining FA Cup games for the remainder of the 2009–10 season which would include a semi-final and shared rights to the final. ESPN took over the package Setanta held for the FA Cup from the 2010–11 season. The 2011 final was also shown live on Sky 3D in addition to ESPN (who provided the 3D coverage for Sky 3D) and ITV. Following the sale of ESPN's UK and Ireland channels to BT, ESPN's rights package transferred to BT Sport from the 2013–14 season."", ""During the ITV network strike of 1979, viewership peaked at 16 million.[citation needed] Figures remained respectable into the 1980s, but fell noticeably after the programme's 23rd series was postponed in 1985 and the show was off the air for 18 months. Its late 1980s performance of three to five million viewers was seen as poor at the time and was, according to the BBC Board of Control, a leading cause of the programme's 1989 suspension. Some fans considered this disingenuous, since the programme was scheduled against the soap opera Coronation Street, the most popular show at the time. After the series' revival in 2005 (the third notable period of high ratings), it has consistently had high viewership levels for the evening on which the episode is broadcast.""]","[0.5601118206977844, 0.36696696281433105, 0.36005425453186035]",0.5601118206977844,0.7800559103488922,0.7606548368930817,,0.5601118206977844,0.5213096737861633,,0.7693853199481964,0.0,0.5,flag
test,56beb3a03aeaaa14008c9248,How many total touchdowns did Cam Newton score?,4,4,['4'],['4'],4,"['45', '45', '45']",True,2.0,0.5,"[""After a punt from both teams, Carolina got on track with a 9-play, 73-yard scoring drive. Newton completed 4 of 4 passes for 51 yards and rushed twice for 25 yards, while Jonathan Stewart finished the drive with a 1-yard touchdown run, cutting the score to 10–7 with 11:28 left in the second quarter. Later on, Broncos receiver Jordan Norwood received Brad Nortman's short 28-yard punt surrounded by Panthers players, but none of them attempted to make a tackle, apparently thinking Norwood had called a fair catch. Norwood had not done so, and with no resistance around him, he took off for a Super Bowl record 61-yard return before Mario Addison dragged him down on the Panthers 14-yard line. Despite Denver's excellent field position, they could not get the ball into the end zone, so McManus kicked a 33-yard field goal that increased their lead to 13–7."", ""The Panthers offense, which led the NFL in scoring (500 points), was loaded with talent, boasting six Pro Bowl selections. Pro Bowl quarterback Cam Newton had one of his best seasons, throwing for 3,837 yards and rushing for 636, while recording a career-high and league-leading 45 total touchdowns (35 passing, 10 rushing), a career-low 10 interceptions, and a career-best quarterback rating of 99.4. Newton's leading receivers were tight end Greg Olsen, who caught a career-high 77 passes for 1,104 yards and seven touchdowns, and wide receiver Ted Ginn, Jr., who caught 44 passes for 739 yards and 10 touchdowns; Ginn also rushed for 60 yards and returned 27 punts for 277 yards. Other key receivers included veteran Jerricho Cotchery (39 receptions for 485 yards), rookie Devin Funchess (31 receptions for 473 yards and five touchdowns), and second-year receiver Corey Brown (31 receptions for 447 yards). The Panthers backfield featured Pro Bowl running back Jonathan Stewart, who led the team with 989 rushing yards and six touchdowns in 13 games, along with Pro Bowl fullback Mike Tolbert, who rushed for 256 yards and caught 18 passes for another 154 yards. Carolina's offensive line also featured two Pro Bowl selections: center Ryan Kalil and guard Trai Turner."", ""On Carolina's next possession fullback Mike Tolbert lost a fumble while being tackled by safety Darian Stewart, which linebacker Danny Trevathan recovered on the Broncos 40-yard line. However, the Panthers soon took the ball back when defensive end Kony Ealy tipped a Manning pass to himself and then intercepted it, returning the ball 19 yards to the Panthers 39-yard line with 1:55 left on the clock. The Panthers could not gain any yards with their possession and had to punt. After a Denver punt, Carolina drove to the Broncos 45-yard line. But with 11 seconds left, Newton was sacked by DeMarcus Ware as time expired in the half.""]","[0.6286802291870117, 0.6218111515045166, 0.5734509825706482]",0.6286802291870117,0.8143401145935059,0.5662625208497047,,0.6286802291870117,0.13252504169940948,,0.6778974380344153,0.0,0.0,escalate
test,5726a299dd62a815002e8b9e,How many original treaties establishing the EU protected fundamental rights?,two,two,['two'],['two'],two,"['None', 'None', 'None']",True,1.0,1.0,"[""None of the original treaties establishing the European Union mention protection for fundamental rights. It was not envisaged for European Union measures, that is legislative and administrative actions by European Union institutions, to be subject to human rights. At the time the only concern was that member states should be prevented from violating human rights, hence the establishment of the European Convention on Human Rights in 1950 and the establishment of the European Court of Human Rights. The European Court of Justice recognised fundamental rights as general principle of European Union law as the need to ensure that European Union measures are compatible with the human rights enshrined in member states' constitution became ever more apparent. In 1999 the European Council set up a body tasked with drafting a European Charter of Human Rights, which could form the constitutional basis for the European Union and as such tailored specifically to apply to the European Union and its institutions. The Charter of Fundamental Rights of the European Union draws a list of fundamental rights from the European Convention on Human Rights and Fundamental Freedoms, the Declaration on Fundamental Rights produced by the European Parliament in 1989 and European Union Treaties."", 'The principal Treaties that form the European Union began with common rules for coal and steel, and then atomic energy, but more complete and formal institutions were established through the Treaty of Rome 1957 and the Maastricht Treaty 1992 (now: TFEU). Minor amendments were made during the 1960s and 1970s. Major amending treaties were signed to complete the development of a single, internal market in the Single European Act 1986, to further the development of a more social Europe in the Treaty of Amsterdam 1997, and to make minor amendments to the relative power of member states in the EU institutions in the Treaty of Nice 2001 and the Treaty of Lisbon 2007. Since its establishment, more member states have joined through a series of accession treaties, from the UK, Ireland, Denmark and Norway in 1972 (though Norway did not end up joining), Greece in 1979, Spain and Portugal 1985, Austria, Finland, Norway and Sweden in 1994 (though again Norway failed to join, because of lack of support in the referendum), the Czech Republic, Cyprus, Estonia, Hungary, Latvia, Lithuania, Malta, Poland, Slovakia and Slovenia in 2004, Romania and Bulgaria in 2007 and Croatia in 2013. Greenland signed a Treaty in 1985 giving it a special status.', 'Also, other human rights were advocated for by some Protestants. For example, torture was abolished in Prussia in 1740, slavery in Britain in 1834 and in the United States in 1865 (William Wilberforce, Harriet Beecher Stowe, Abraham Lincoln - against Southern Protestants). Hugo Grotius and Samuel Pufendorf were among the first thinkers who made significant contributions to international law. The Geneva Convention, an important part of humanitarian international law, was largely the work of Henry Dunant, a reformed pietist. He also founded the Red Cross.']","[0.6758801937103271, 0.5139168500900269, 0.3303470015525818]",0.6758801937103271,0.8379400968551636,0.4547828659415245,,0.6758801937103271,-0.09043426811695099,,0.6272036198526622,0.0,0.0,escalate
test,57097051ed30961900e84134,What did BSkyB name their interactive service?,Sky Active,Sky Active,['Sky Active'],['Sky Active'],Sky Active,"['Sky Active', 'Open', 'Sky Active']",True,1.0,1.0,"[""BSkyB's digital service was officially launched on 1 October 1998 under the name Sky Digital, although small-scale tests were carried out before then. At this time the use of the Sky Digital brand made an important distinction between the new service and Sky's analogue services. Key selling points were the improvement in picture and sound quality, increased number of channels and an interactive service branded Open.... now called Sky Active, BSkyB competed with the ONdigital (later ITV Digital) terrestrial offering and cable services. Within 30 days, over 100,000 digiboxes had been sold, which help bolstered BSkyB's decision to give away free digiboxes and minidishes from May 1999."", 'In 2007, BSkyB and Virgin Media became involved in a dispute over the carriage of Sky channels on cable TV. The failure to renew the existing carriage agreements negotiated with NTL and Telewest resulted in Virgin Media removing the basic channels from the network on 1 March 2007. Virgin Media claimed that BSkyB had substantially increased the asking price for the channels, a claim which BSkyB denied, on the basis that their new deal offered ""substantially more value"" by including HD channels and Video On Demand content which was not previously carried by cable.', ""Many[who?] expected BSkyB to make a bid to show some of the remaining FA Cup games for the remainder of the 2009–10 season which would include a semi-final and shared rights to the final. ESPN took over the package Setanta held for the FA Cup from the 2010–11 season. The 2011 final was also shown live on Sky 3D in addition to ESPN (who provided the 3D coverage for Sky 3D) and ITV. Following the sale of ESPN's UK and Ireland channels to BT, ESPN's rights package transferred to BT Sport from the 2013–14 season.""]","[0.6916972398757935, 0.4925132393836975, 0.3461037278175354]",0.6916972398757935,0.8458486199378967,0.6860791593790054,,0.6916972398757935,0.37215831875801086,,0.7579754166305066,1.0,1.0,flag
test,5705e3f252bb89140068966c,How many inhabitants does the Los Angeles area contain?,12 million,12 million,['12 million'],['12 million'],12 million,"['12 million', 'over 12 million inhabitants', '12 million']",True,1.0,1.0,"[""Southern California includes the heavily built-up urban area stretching along the Pacific coast from Ventura, through the Greater Los Angeles Area and the Inland Empire, and down to Greater San Diego. Southern California's population encompasses seven metropolitan areas, or MSAs: the Los Angeles metropolitan area, consisting of Los Angeles and Orange counties; the Inland Empire, consisting of Riverside and San Bernardino counties; the San Diego metropolitan area; the Oxnard–Thousand Oaks–Ventura metropolitan area; the Santa Barbara metro area; the San Luis Obispo metropolitan area; and the El Centro area. Out of these, three are heavy populated areas: the Los Angeles area with over 12 million inhabitants, the Riverside-San Bernardino area with over four million inhabitants, and the San Diego area with over 3 million inhabitants. For CSA metropolitan purposes, the five counties of Los Angeles, Orange, Riverside, San Bernardino, and Ventura are all combined to make up the Greater Los Angeles Area with over 17.5 million people. With over 22 million people, southern California contains roughly 60 percent of California's population."", 'Southern California consists of one Combined Statistical Area, eight Metropolitan Statistical Areas, one international metropolitan area, and multiple metropolitan divisions. The region is home to two extended metropolitan areas that exceed five million in population. These are the Greater Los Angeles Area at 17,786,419, and San Diego–Tijuana at 5,105,768. Of these metropolitan areas, the Los Angeles-Long Beach-Santa Ana metropolitan area, Riverside-San Bernardino-Ontario metropolitan area, and Oxnard-Thousand Oaks-Ventura metropolitan area form Greater Los Angeles; while the El Centro metropolitan area and San Diego-Carlsbad-San Marcos metropolitan area form the Southern Border Region. North of Greater Los Angeles are the Santa Barbara, San Luis Obispo, and Bakersfield metropolitan areas.', 'Southern California consists of a heavily developed urban environment, home to some of the largest urban areas in the state, along with vast areas that have been left undeveloped. It is the third most populated megalopolis in the United States, after the Great Lakes Megalopolis and the Northeastern megalopolis. Much of southern California is famous for its large, spread-out, suburban communities and use of automobiles and highways. The dominant areas are Los Angeles, Orange County, San Diego, and Riverside-San Bernardino, each of which is the center of its respective metropolitan area, composed of numerous smaller cities and communities. The urban area is also host to an international metropolitan region in the form of San Diego–Tijuana, created by the urban area spilling over into Baja California.']","[0.6721667647361755, 0.6023468971252441, 0.5777943134307861]",0.6721667647361755,0.8360833823680878,0.5893472209572792,,0.6721667647361755,0.1786944419145584,,0.7003784935921431,1.0,1.0,escalate
test,5725e1c4271a42140099d2d7,During what period did the Tower Theatre re-open?,late 1970s,late 1970s,['late 1970s'],['late 1970s'],late 1970s,"['late 1970s', 'late 1970s', 'late 1970s']",True,1.0,1.0,"[""This vibrant and culturally diverse area of retail businesses and residences experienced a renewal after a significant decline in the late 1960s and 1970s.[citation needed] After decades of neglect and suburban flight, the neighborhood revival followed the re-opening of the Tower Theatre in the late 1970s, which at that time showed second and third run movies, along with classic films. Roger Rocka's Dinner Theater & Good Company Players also opened nearby in 1978,[citation needed] at Olive and Wishon Avenues. Fresno native Audra McDonald performed in the leading roles of Evita and The Wiz at the theater while she was a high school student. McDonald subsequently became a leading performer on Broadway in New York City and a Tony award winning actress. Also in the Tower District is Good Company Players' 2nd Space Theatre."", ""Around 40 theatres are located in Hanover. The Opera House, the Schauspielhaus (Play House), the Ballhofeins, the Ballhofzwei and the Cumberlandsche Galerie belong to the Lower Saxony State Theatre. The Theater am Aegi is Hanover's big theatre for musicals, shows and guest performances. The Neues Theater (New Theatre) is the Boulevard Theatre of Hanover. The Theater für Niedersachsen is another big theatre in Hanover, which also has an own Musical-Company. Some of the most important Musical-Productions are the rock musicals of the German rock musician Heinz Rudolph Kunze, which take place at the Garden-Theatre in the Great Garden."", 'Forty of the city\'s theaters, with more than 500 seats each, are collectively known as Broadway, after the major thoroughfare that crosses the Times Square Theater District, sometimes referred to as ""The Great White Way"". According to The Broadway League, Broadway shows sold approximately US$1.27 billion worth of tickets in the 2013–2014 season, an 11.4% increase from US$1.139 billion in the 2012–2013 season. Attendance in 2013–2014 stood at 12.21 million, representing a 5.5% increase from the 2012–2013 season\'s 11.57 million.']","[0.5213285088539124, 0.38902774453163147, 0.30446523427963257]",0.5213285088539124,0.7606642544269562,0.5571673884987831,,0.5213285088539124,0.11433477699756622,,0.648740978166461,1.0,1.0,escalate
test,57332442d058e614000b5723,What did Warsz own?,Village,Village,['Village'],['Village'],Village,"['a village', 'village']",True,1.0,1.0,"['Warsaw\'s name in the Polish language is Warszawa, approximately /vɑːrˈʃɑːvə/ (also formerly spelled Warszewa and Warszowa), meaning ""belonging to Warsz"", Warsz being a shortened form of the masculine name of Slavic origin Warcisław; see also etymology of Wrocław. Folk etymology attributes the city name to a fisherman, Wars, and his wife, Sawa. According to legend, Sawa was a mermaid living in the Vistula River with whom Wars fell in love. In actuality, Warsz was a 12th/13th-century nobleman who owned a village located at the modern-day site of Mariensztat neighbourhood. See also the Vršovci family which had escaped to Poland. The official city name in full is miasto stołeczne Warszawa (English: ""The Capital City of Warsaw""). A native or resident of Warsaw is known as a Varsovian – in Polish warszawiak (male), warszawianka (female), warszawiacy (plural).', 'The origins of the szlachta are shrouded in obscurity and mystery and have been the subject of a variety of theories.:207 Traditionally, its members were owners of landed property, often in the form of ""manor farms"" or so-called folwarks. The nobility negotiated substantial and increasing political and legal privileges for itself throughout its entire history until the decline of the Polish Commonwealth in the late 18th century.', ""In 2004 the Central African Republic Bush War began as forces opposed to Bozizé took up arms against his government. In May 2005 Bozizé won a presidential election that excluded Patassé and in 2006 fighting continued between the government and the rebels. In November 2006, Bozizé's government requested French military support to help them repel rebels who had taken control of towns in the country's northern regions. Though the initially public details of the agreement pertained to logistics and intelligence, the French assistance eventually included strikes by Mirage jets against rebel positions.""]","[0.504974365234375, 0.3543107807636261, 0.3183077871799469]",0.504974365234375,0.7524871826171875,0.5720274597406387,,0.504974365234375,0.14405491948127747,,0.6532343350350858,1.0,1.0,escalate
test,572906e23f37b31900477f8e,Who formed the government in Kenya?,Jomo Kenyatta,Jomo Kenyatta,['Jomo Kenyatta'],['Jomo Kenyatta'],Jomo Kenyatta,"['Kenya African National Union (KANU) of Jomo Kenyatta', 'Kenya African National Union', 'Kenya African National Union']",True,1.0,1.0,"['The first direct elections for native Kenyans to the Legislative Council took place in 1957. Despite British hopes of handing power to ""moderate"" local rivals, it was the Kenya African National Union (KANU) of Jomo Kenyatta that formed a government. The Colony of Kenya and the Protectorate of Kenya each came to an end on 12 December 1963 with independence being conferred on all of Kenya. The United Kingdom ceded sovereignty over the Colony of Kenya and, under an agreement dated 8 October 1963, the Sultan of Zanzibar agreed that simultaneous with independence for the Colony of Kenya, the Sultan would cease to have sovereignty over the Protectorate of Kenya so that all of Kenya would be one sovereign, independent state. In this way, Kenya became an independent country under the Kenya Independence Act 1963 of the United Kingdom. Exactly 12 months later on 12 December 1964, Kenya became a republic under the name ""Republic of Kenya"".', 'These regions were occupied by ""the brown men,"" with the yellow in the Far East and the black in Africa. The color issue was not settled until Kenya became independent in 1963, ending the last vestige of the British Empire.', 'Besides their traditional areas of inhabitation in Greater Somalia, a Somali community mainly consisting of entrepreneurs, academics, and students also exists in Egypt. In addition, there is an historical Somali community in the general Sudan area. Primarily concentrated in the north and Khartoum, the expatriate community mainly consists of students as well as some businesspeople. More recently, Somali entrepreneurs have established themselves in Kenya, investing over $1.5 billion in the Somali enclave of Eastleigh alone. In South Africa, Somali businesspeople also provide most of the retail trade in informal settlements around the Western Cape province.']","[0.722589910030365, 0.5626850128173828, 0.3988274335861206]",0.722589910030365,0.8612949550151825,0.7537466883659363,,0.722589910030365,0.5074933767318726,,0.8021434083580972,0.0,0.4,accept
test,5728455bff5b5019007da078,What tool has measured the amount of dust that travels from the Sahara to the Amazon?,CALIPSO,CALIPSO,['CALIPSO'],['CALIPSO'],CALIPSO,"[""NASA's CALIPSO satellite"", ""NASA's CALIPSO satellite"", 'satellite']",True,1.0,1.0,"[""NASA's CALIPSO satellite has measured the amount of dust transported by wind from the Sahara to the Amazon: an average 182 million tons of dust are windblown out of the Sahara each year, at 15 degrees west longitude, across 1,600 miles (2,600 km) over the Atlantic Ocean (some dust falls into the Atlantic), then at 35 degrees West longitude at the eastern coast of South America, 27.7 million tons (15%) of dust fall over the Amazon basin, 132 million tons of dust remain in the air, 43 million tons of dust are windblown and falls on the Caribbean Sea, past 75 degrees west longitude."", 'To the south, the Sahara is bounded by the Sahel, a belt of dry tropical savanna with a summer rainy season that extends across Africa from east to west. The southern limit of the Sahara is indicated botanically by the southern limit of Cornulaca monacantha (a drought-tolerant member of the Chenopodiaceae), or northern limit of Cenchrus biflorus, a grass typical of the Sahel. According to climatic criteria, the southern limit of the Sahara corresponds to the 150 mm (5.9 in) isohyet of annual precipitation (this is a long-term average, since precipitation varies annually).', 'There is evidence that there have been significant changes in Amazon rainforest vegetation over the last 21,000 years through the Last Glacial Maximum (LGM) and subsequent deglaciation. Analyses of sediment deposits from Amazon basin paleolakes and from the Amazon Fan indicate that rainfall in the basin during the LGM was lower than for the present, and this was almost certainly associated with reduced moist tropical vegetation cover in the basin. There is debate, however, over how extensive this reduction was. Some scientists argue that the rainforest was reduced to small, isolated refugia separated by open forest and grassland; other scientists argue that the rainforest remained largely intact but extended less far to the north, south, and east than is seen today. This debate has proved difficult to resolve because the practical limitations of working in the rainforest mean that data sampling is biased away from the center of the Amazon basin, and both explanations are reasonably well supported by the available data.']","[0.7607501745223999, 0.4199838936328888, 0.4176937937736511]",0.7607501745223999,0.8803750872612,0.5556615367531776,,0.7607501745223999,0.11132307350635529,,0.7017826344817877,0.0,0.5,escalate
test,56d9c79edc89441400fdb808,Who sacked Newton with 11 seconds left in the first half?,Danny Trevathan,Danny Trevathan,['Danny Trevathan'],['Danny Trevathan'],Danny Trevathan,"['DeMarcus Ware', 'DeMarcus Ware', 'Ware']",True,1.0,1.0,"[""On Carolina's next possession fullback Mike Tolbert lost a fumble while being tackled by safety Darian Stewart, which linebacker Danny Trevathan recovered on the Broncos 40-yard line. However, the Panthers soon took the ball back when defensive end Kony Ealy tipped a Manning pass to himself and then intercepted it, returning the ball 19 yards to the Panthers 39-yard line with 1:55 left on the clock. The Panthers could not gain any yards with their possession and had to punt. After a Denver punt, Carolina drove to the Broncos 45-yard line. But with 11 seconds left, Newton was sacked by DeMarcus Ware as time expired in the half."", ""After a punt from both teams, Carolina got on track with a 9-play, 73-yard scoring drive. Newton completed 4 of 4 passes for 51 yards and rushed twice for 25 yards, while Jonathan Stewart finished the drive with a 1-yard touchdown run, cutting the score to 10–7 with 11:28 left in the second quarter. Later on, Broncos receiver Jordan Norwood received Brad Nortman's short 28-yard punt surrounded by Panthers players, but none of them attempted to make a tackle, apparently thinking Norwood had called a fair catch. Norwood had not done so, and with no resistance around him, he took off for a Super Bowl record 61-yard return before Mario Addison dragged him down on the Panthers 14-yard line. Despite Denver's excellent field position, they could not get the ball into the end zone, so McManus kicked a 33-yard field goal that increased their lead to 13–7."", ""The Panthers offense, which led the NFL in scoring (500 points), was loaded with talent, boasting six Pro Bowl selections. Pro Bowl quarterback Cam Newton had one of his best seasons, throwing for 3,837 yards and rushing for 636, while recording a career-high and league-leading 45 total touchdowns (35 passing, 10 rushing), a career-low 10 interceptions, and a career-best quarterback rating of 99.4. Newton's leading receivers were tight end Greg Olsen, who caught a career-high 77 passes for 1,104 yards and seven touchdowns, and wide receiver Ted Ginn, Jr., who caught 44 passes for 739 yards and 10 touchdowns; Ginn also rushed for 60 yards and returned 27 punts for 277 yards. Other key receivers included veteran Jerricho Cotchery (39 receptions for 485 yards), rookie Devin Funchess (31 receptions for 473 yards and five touchdowns), and second-year receiver Corey Brown (31 receptions for 447 yards). The Panthers backfield featured Pro Bowl running back Jonathan Stewart, who led the team with 989 rushing yards and six touchdowns in 13 games, along with Pro Bowl fullback Mike Tolbert, who rushed for 256 yards and caught 18 passes for another 154 yards. Carolina's offensive line also featured two Pro Bowl selections: center Ryan Kalil and guard Trai Turner.""]","[0.5564287900924683, 0.5146435499191284, 0.2969859838485718]",0.5564287900924683,0.7782143950462341,0.5875543355941772,,0.5564287900924683,0.1751086711883545,,0.6733513623476028,0.0,0.0,escalate
test,56f87531a6d7ea1400e17671,What was the hymn meant to examine students on?,candidates on specific catechism questions,candidates on specific catechism questions,['candidates on specific catechism questions'],['candidates on specific catechism questions'],candidates on specific catechism questions,"['specific catechism questions', 'specific catechism questions', 'specific catechism questions']",True,1.0,1.0,"['Luther\'s 1538 hymnic version of the Lord\'s Prayer, ""Vater unser im Himmelreich"", corresponds exactly to Luther\'s explanation of the prayer in the Small Catechism, with one stanza for each of the seven prayer petitions, plus opening and closing stanzas. The hymn functioned both as a liturgical setting of the Lord\'s Prayer and as a means of examining candidates on specific catechism questions. The extant manuscript shows multiple revisions, demonstrating Luther\'s concern to clarify and strengthen the text and to provide an appropriately prayerful tune. Other 16th- and 20th-century versifications of the Lord\'s Prayer have adopted Luther\'s tune, although modern texts are considerably shorter.', 'The use of the phrases as summaries of teaching emerged over time during the Reformation, based on the overarching principle of sola scriptura (by scripture alone). This idea contains the four main doctrines on the Bible: that its teaching is needed for salvation (necessity); that all the doctrine necessary for salvation comes from the Bible alone (sufficiency); that everything taught in the Bible is correct (inerrancy); and that, by the Holy Spirit overcoming sin, believers may read and understand truth from the Bible itself, though understanding is difficult, so the means used to guide individual believers to the true teaching is often mutual discussion within the church (clarity).', 'The rediscovery of Aristotle\'s works–more than 3000 pages of it would eventually be translated –fuelled a spirit of inquiry into natural processes that had already begun to emerge in the 12th century. Some scholars believe that these works represented one of the most important document discoveries in Western intellectual history. Richard Dales, for instance, calls the discovery of Aristotle\'s works ""a turning point in the history of Western thought."" After Aristotle re-emerged, a community of scholars, primarily communicating in Latin, accelerated the process and practice of attempting to reconcile the thoughts of Greek antiquity, and especially ideas related to understanding the natural world, with those of the church. The efforts of this ""scholasticism"" were focused on applying Aristotelian logic and thoughts about natural processes to biblical passages and attempting to prove the viability of those passages through reason. This became the primary mission of lecturers, and the expectation of students.']","[0.45938539505004883, 0.3717270493507385, 0.36169958114624023]",0.45938539505004883,0.7296926975250244,0.6492232531309128,,0.45938539505004883,0.29844650626182556,,0.6854345031082631,0.0,0.7499999999999999,escalate
test,57274e145951b619008f87ea,"In Nepalese private schools, what is the primary language of instruction?",Nepaline,Nepaline,['Nepaline'],['Nepaline'],Nepaline,"['English', 'English', 'English']",True,1.0,1.0,"['The other category of schools are those run and partly or fully funded by private individuals, private organizations and religious groups. The ones that accept government funds are called \'aided\' schools. The private \'un-aided\' schools are fully funded by private parties. The standard and the quality of education is quite high. Technically, these would be categorized as private schools, but many of them have the name ""Public School"" appended to them, e.g., the Galaxy Public School in Kathmandu. Most of the middle-class families send their children to such schools, which might be in their own city or far off, like boarding schools. The medium of education is English, but as a compulsory subject, Nepali and/or the state\'s official language is also taught. Preschool education is mostly limited to organized neighbourhood nursery schools.', 'In India, private schools are called independent schools, but since some private schools receive financial aid from the government, it can be an aided or an unaided school. So, in a strict sense, a private school is an unaided independent school. For the purpose of this definition, only receipt of financial aid is considered, not land purchased from the government at a subsidized rate. It is within the power of both the union government and the state governments to govern schools since Education appears in the Concurrent list of legislative subjects in the constitution. The practice has been for the union government to provide the broad policy directions while the states create their own rules and regulations for the administration of the sector. Among other things, this has also resulted in 30 different Examination Boards or academic authorities that conduct examinations for school leaving certificates. Prominent Examination Boards that are present in multiple states are the CBSE and the CISCE, NENBSE', 'Sanskrit (/ˈsænskrɪt/; Sanskrit: saṃskṛtam [səmskr̩t̪əm] or saṃskṛta, originally saṃskṛtā vāk, ""refined speech"") is the primary sacred language of Hinduism, a philosophical language in Buddhism, Hinduism, Sikhism and Jainism, and a literary language that was in use as a lingua franca in Greater India. It is a standardised dialect of Old Indo-Aryan, originating as Vedic Sanskrit and tracing its linguistic ancestry back to Proto-Indo-Iranian and Proto-Indo-European. Today it is listed as one of the 22 scheduled languages of India and is an official language of the state of Uttarakhand. As one of the oldest Indo-European languages for which substantial written documentation exists, Sanskrit holds a prominent position in Indo-European studies.']","[0.6895228624343872, 0.45824190974235535, 0.40158432722091675]",0.6895228624343872,0.8447614312171936,0.6806973218917847,,0.6895228624343872,0.36139464378356934,,0.7545261710882187,0.0,0.0,flag
test,572fc8a904bcaa1900d76d20,What topic do private bills typically have?,large-scale development projects,large-scale development projects,['large-scale development projects'],['large-scale development projects'],large-scale development projects,"['large-scale development projects', 'large-scale development projects', 'large-scale development projects']",True,1.0,1.0,"['A further type of committee is normally set up to scrutinise private bills submitted to the Scottish Parliament by an outside party or promoter who is not a member of the Scottish Parliament or Scottish Government. Private bills normally relate to large-scale development projects such as infrastructure projects that require the use of land or property. Private Bill Committees have been set up to consider legislation on issues such as the development of the Edinburgh Tram Network, the Glasgow Airport Rail Link, the Airdrie-Bathgate Rail Link and extensions to the National Gallery of Scotland.', 'Articles 77–79 of the Norwegian Constitution specifically grant the monarch of Norway the right to withhold royal assent from any bill passed by the Storting. Should the sovereign ever choose to exercise this privilege, Article 79 provides a means by which his veto may be over-ridden: ""If a Bill has been passed unaltered by two sessions of the Storting, constituted after two separate successive elections and separated from each other by at least two intervening sessions of the Storting, without a divergent Bill having been passed by any Storting in the period between the first and last adoption, and it is then submitted to the King with a petition that His Majesty shall not refuse his assent to a Bill which, after the most mature deliberation, the Storting considers to be beneficial, it shall become law even if the Royal Assent is not accorded before the Storting goes into recess.""', 'Royal assent is sometimes associated with elaborate ceremonies. In the United Kingdom, for instance, the sovereign may appear personally in the House of Lords or may appoint Lords Commissioners, who announce that royal assent has been granted at a ceremony held at the Palace of Westminster. However, royal assent is usually granted less ceremonially by letters patent. In other nations, such as Australia, the governor-general merely signs the bill. In Canada, the governor general may give assent either in person at a ceremony held in the Senate or by a written declaration notifying parliament of his or her agreement to the bill.']","[0.4911688566207886, 0.31995144486427307, 0.2927331328392029]",0.4911688566207886,0.7455844283103943,0.5541630983352661,,0.4911688566207886,0.10832619667053223,,0.6403026968240738,1.0,1.0,escalate
test,56de15dbcffd8e1900b4b5ca,To where did Ethelred flee?,Normandy,Normandy,['Normandy'],['Normandy'],Normandy,"['Normandy', 'Normandy', 'Normandy']",True,1.0,1.0,"[""The Normans were in contact with England from an early date. Not only were their original Viking brethren still ravaging the English coasts, they occupied most of the important ports opposite England across the English Channel. This relationship eventually produced closer ties of blood through the marriage of Emma, sister of Duke Richard II of Normandy, and King Ethelred II of England. Because of this, Ethelred fled to Normandy in 1013, when he was forced from his kingdom by Sweyn Forkbeard. His stay in Normandy (until 1016) influenced him and his sons by Emma, who stayed in Normandy after Cnut the Great's conquest of the isle."", 'Victoria visited mainland Europe regularly for holidays. In 1889, during a stay in Biarritz, she became the first reigning monarch from Britain to set foot in Spain when she crossed the border for a brief visit. By April 1900, the Boer War was so unpopular in mainland Europe that her annual trip to France seemed inadvisable. Instead, the Queen went to Ireland for the first time since 1861, in part to acknowledge the contribution of Irish regiments to the South African war. In July, her second son Alfred (""Affie"") died; ""Oh, God! My poor darling Affie gone too"", she wrote in her journal. ""It is a horrible year, nothing but sadness & horrors of one kind & another.""', 'The marriage of Richard II of England to Anne of Bohemia established contacts between the two nations and brought Lollard ideas to her homeland. The teachings of the Czech priest Jan Hus were based on those of John Wycliffe, yet his followers, the Hussites, were to have a much greater political impact than the Lollards. Hus gained a great following in Bohemia, and in 1414, he was requested to appear at the Council of Constance to defend his cause. When he was burned as a heretic in 1415, it caused a popular uprising in the Czech lands. The subsequent Hussite Wars fell apart due to internal quarrels and did not result in religious or national independence for the Czechs, but both the Catholic Church and the German element within the country were weakened.']","[0.5911574363708496, 0.3597618341445923, 0.3510873019695282]",0.5911574363708496,0.7955787181854248,0.639579713344574,,0.5911574363708496,0.27915942668914795,,0.7097792655229569,1.0,1.0,flag
test,5733f5f24776f419006615c4,What future Revolutionary key figures participated in this attack?,Benigno Andrade,Benigno Andrade,['Benigno Andrade'],['Benigno Andrade'],Benigno Andrade,"['Washington and Thomas Gage', 'George Washington', 'Washington and Thomas Gage', 'Washington and Thomas Gage', 'George Washington']",False,,0.0,"['Because the actions involved in the ""war on terrorism"" are diffuse, and the criteria for inclusion are unclear, political theorist Richard Jackson has argued that ""the \'war on terrorism\' therefore, is simultaneously a set of actual practices—wars, covert operations, agencies, and institutions—and an accompanying series of assumptions, beliefs, justifications, and narratives—it is an entire language or discourse."" Jackson cites among many examples a statement by John Ashcroft that ""the attacks of September 11 drew a bright line of demarcation between the civil and the savage"". Administration officials also described ""terrorists"" as hateful, treacherous, barbarous, mad, twisted, perverted, without faith, parasitical, inhuman, and, most commonly, evil. Americans, in contrast, were described as brave, loving, generous, strong, resourceful, heroic, and respectful of human rights.', 'General Francisco Franco — himself a Galician from Ferrol — ruled as dictator from the civil war until his death in 1975. Franco\'s centralizing regime suppressed any official use of the Galician language, including the use of Galician names for newborns, although its everyday oral use was not forbidden. Among the attempts at resistance were small leftist guerrilla groups such as those led by José Castro Veiga (""El Piloto"") and Benigno Andrade (""Foucellas""), both of whom were ultimately captured and executed. In the 1960s, ministers such as Manuel Fraga Iribarne introduced some reforms allowing technocrats affiliated with Opus Dei to modernize administration in a way that facilitated capitalist economic development. However, for decades Galicia was largely confined to the role of a supplier of raw materials and energy to the rest of Spain, causing environmental havoc and leading to a wave of migration to Venezuela and to various parts of Europe. Fenosa, the monopolistic supplier of electricity, built hydroelectric dams, flooding many Galician river valleys.', 'On March 13, 1969, on the Bái Háp River, Kerry was in charge of one of five Swift boats that were returning to their base after performing an Operation Sealords mission to transport South Vietnamese troops from the garrison at Cái Nước and MIKE Force advisors for a raid on a Vietcong camp located on the Rach Dong Cung canal. Earlier in the day, Kerry received a slight shrapnel wound in the buttocks from blowing up a rice bunker. Debarking some but not all of the passengers at a small village, the boats approached a fishing weir; one group of boats went around to the left of the weir, hugging the shore, and a group with Kerry\'s PCF-94 boat went around to the right, along the shoreline. A mine was detonated directly beneath the lead boat, PCF-3, as it crossed the weir to the left, lifting PCF-3 ""about 2-3 ft out of water"".']","[0.3819068670272827, 0.353918194770813, 0.3451451063156128]",0.3819068670272827,0.6909534335136414,0.5649411380290985,,0.3819068670272827,0.12988227605819702,,0.6216466709971429,0.0,0.0,escalate
test,571098f8a58dae1900cd6ab3,What style of lace is erroneously believed by some to have Huguenot influence?,Mechlin lace,Mechlin lace,['Mechlin lace'],['Mechlin lace'],Mechlin lace,"[""'Bucks Point'"", 'Bucks Point', 'Bucks Point']",True,1.0,1.0,"['Some Huguenots settled in Bedfordshire, one of the main centres of the British lace industry at the time. Although 19th century sources have asserted that some of these refugees were lacemakers and contributed to the East Midlands lace industry, this is contentious. The only reference to immigrant lacemakers in this period is of twenty-five widows who settled in Dover, and there is no contemporary documentation to support there being Huguenot lacemakers in Bedfordshire. The implication that the style of lace known as \'Bucks Point\' demonstrates a Huguenot influence, being a ""combination of Mechlin patterns on Lille ground"", is fallacious: what is now known as Mechlin lace did not develop until first half of the eighteenth century and lace with Mechlin patterns and Lille ground did not appear until the end of the 18th century, when it was widely copied throughout Europe.', 'During regular, day-to-day activities, Somali women usually wear the guntiino, a long stretch of cloth tied over the shoulder and draped around the waist. It is usually made out of alandi, which is a textile common in the Horn region and some parts of North Africa. The garment can be worn in different styles. It can also be made with other fabrics, including white cloth with gold borders. For more formal settings, such as at weddings or religious celebrations like Eid, women wear the dirac. It is a long, light, diaphanous voile dress made of silk, chiffon, taffeta or saree fabric. The gown is worn over a full-length half-slip and a brassiere. Known as the gorgorad, the underskirt is made out of silk and serves as a key part of the overall outfit. The dirac is usually sparkly and very colorful, the most popular styles being those with gilded borders or threads. The fabric is typically acquired from Somali clothing stores in tandem with the gorgorad. In the past, dirac fabric was also frequently purchased from South Asian merchandisers.', 'Not only the work of British artists and craftspeople is on display, but also work produced by European artists that was purchased or commissioned by British patrons, as well as imports from Asia, including porcelain, cloth and wallpaper. Designers and artists whose work is on display in the galleries include Gian Lorenzo Bernini, Grinling Gibbons, Daniel Marot, Louis Laguerre, Antonio Verrio, Sir James Thornhill, William Kent, Robert Adam, Josiah Wedgwood, Matthew Boulton, Canova, Thomas Chippendale, Pugin, William Morris. Patrons who have influenced taste are also represented by works of art from their collections, these include: Horace Walpole (a major influence on the Gothic Revival), William Thomas Beckford and Thomas Hope.']","[0.6693257093429565, 0.3864031136035919, 0.3285864293575287]",0.6693257093429565,0.8346628546714783,0.8159344494342804,,0.6693257093429565,0.6318688988685608,,0.8243622317910195,0.0,0.0,accept
test,57300888b2c2fd1400568776,What did the number of legions in Roman times depend on?,between about AD 14 and 180,between about AD 14 and 180,['between about AD 14 and 180'],['between about AD 14 and 180'],between about AD 14 and 180,"['threat of war', 'whether a state or threat of war existed', 'whether a state or threat of war existed']",True,1.0,1.0,"['The Romans kept eight legions in five bases along the Rhine. The actual number of legions present at any base or in all, depended on whether a state or threat of war existed. Between about AD 14 and 180, the assignment of legions was as follows: for the army of Germania Inferior, two legions at Vetera (Xanten), I Germanica and XX Valeria (Pannonian troops); two legions at oppidum Ubiorum (""town of the Ubii""), which was renamed to Colonia Agrippina, descending to Cologne, V Alaudae, a Celtic legion recruited from Gallia Narbonensis and XXI, possibly a Galatian legion from the other side of the empire.', ""Although there is some evidence of earlier inhabitation in the region of Utrecht, dating back to the Stone Age (app. 2200 BCE) and settling in the Bronze Age (app. 1800–800 BCE), the founding date of the city is usually related to the construction of a Roman fortification (castellum), probably built in around 50 CE. A series of such fortresses was built after the Roman emperor Claudius decided the empire should not expand north. To consolidate the border the limes Germanicus defense line was constructed  along the main branch of the river Rhine, which at that time flowed through a more northern bed compared to today (what is now the Kromme Rijn). These fortresses were designed to house a cohort of about 500 Roman soldiers. Near the fort settlements would grow housing artisans, traders and soldiers' wives and children."", ""The first Roman republican wars were wars of both expansion and defence, aimed at protecting Rome itself from neighbouring cities and nations and establishing its territory in the region. Initially, Rome's immediate neighbours were either Latin towns and villages, or else tribal Sabines from the Apennine hills beyond. One by one Rome defeated both the persistent Sabines and the local cities, both those under Etruscan control and those that had cast off their Etruscan rulers. Rome defeated Latin cities in the Battle of Lake Regillus in 496 BC, the Battle of Mons Algidus in 458 BC, the Battle of Corbione in 446 BC, the Battle of Aricia, and especially the Battle of the Cremera in 477 BC wherein it fought against the most important Etruscan city of Veii.""]","[0.7030593156814575, 0.3999054431915283, 0.36499664187431335]",0.7030593156814575,0.8515296578407288,0.5655993670225143,,0.7030593156814575,0.1311987340450287,,0.6942679978907109,0.0,0.0,escalate
test,56e11a16cd28a01900c675b6,Before dinner what were Tesla's working hours?,9:00 a.m. until 6:00 p.m.,9:00 a.m. until 6:00 p.m.,['9:00 a.m. until 6:00 p.m.'],['9:00 a.m. until 6:00 p.m.'],9:00 a.m. until 6:00 p.m.,"['9:00 a.m. until 6:00 p.m. or later', '9:00 a.m. until 6:00 p.m', '9:00 a.m. until 6:00 p.m. or later']",True,1.0,1.0,"['Tesla worked every day from 9:00 a.m. until 6:00 p.m. or later, with dinner from exactly 8:10 p.m., at Delmonico\'s restaurant and later the Waldorf-Astoria Hotel. Tesla would telephone his dinner order to the headwaiter, who also could be the only one to serve him. ""The meal was required to be ready at eight o\'clock ... He dined alone, except on the rare occasions when he would give a dinner to a group to meet his social obligations. Tesla would then resume his work, often until 3:00 a.m."":283, 286', 'Tesla was the fourth of five children. He had an older brother named Dane and three sisters, Milka, Angelina and Marica. Dane was killed in a horse-riding accident when Nikola was five. In 1861, Tesla attended the ""Lower"" or ""Primary"" School in Smiljan where he studied German, arithmetic, and religion. In 1862, the Tesla family moved to Gospić, Austrian Empire, where Tesla\'s father worked as a pastor. Nikola completed ""Lower"" or ""Primary"" School, followed by the ""Lower Real Gymnasium"" or ""Normal School.""', 'In 1926, Tesla commented on the ills of the social subservience of women and the struggle of women toward gender equality, and indicated that humanity\'s future would be run by ""Queen Bees."" He believed that women would become the dominant sex in the future.']","[0.7625781297683716, 0.3851923942565918, 0.36422303318977356]",0.7625781297683716,0.8812890648841858,0.5627164542675018,,0.7625781297683716,0.12543290853500366,,0.7060741290450097,1.0,1.0,escalate
test,571090abb654c5140001f996,What house was the site of a weaving school in Canterbury?,Turnagain Lane,Turnagain Lane,['Turnagain Lane'],['Turnagain Lane'],Turnagain Lane,"['The Weavers', 'The Weavers', 'The Weavers']",True,1.0,1.0,"[""Other evidence of the Walloons and Huguenots in Canterbury includes a block of houses in Turnagain Lane, where weavers' windows survive on the top floor, as many Huguenots worked as weavers. The Weavers, a half-timbered house by the river, was the site of a weaving school from the late 16th century to about 1830. (It has been adapted as a restaurant—see illustration above. The house derives its name from a weaving school which was moved there in the last years of the 19th century, reviving an earlier use.) Others refugees practised the variety of occupations necessary to sustain the community as distinct from the indigenous population. Such economic separation was the condition of the refugees' initial acceptance in the City. They also settled elsewhere in Kent, particularly Sandwich, Faversham and Maidstone—towns in which there used to be refugee churches."", 'The primary responsibility for a boy\'s studies lies with his House Master, but he is assisted by an additional director of studies, known as a tutor. Classes, colloquially known as ""divs"" (divisions), are organised on a School basis; the classrooms are separate from the houses. New school buildings have appeared for teaching purposes every decade or so since New Schools, designed by Henry Woodyer and built 1861-3. Despite the introduction of modern technology, the external appearance and locations of many of the classrooms have remained unchanged for a long time.', ""By the late Middle Ages university towns had grown in wealth and importance as well, and this was reflected in the buildings of some of Europe's ancient universities. Particularly remarkable examples still standing nowadays include the Collegio di Spagna in the University of Bologna, built during the 14th and 15th centuries; the Collegium Carolinum of the University of Prague in Bohemia; the Escuelas mayores of the University of Salamanca in Spain; the chapel of King's College, Cambridge; or the Collegium Maius of the Jagiellonian University in Kraków, Poland.""]","[0.6728021502494812, 0.38080573081970215, 0.3258149027824402]",0.6728021502494812,0.8364010751247406,0.5953878685832024,,0.6728021502494812,0.19077573716640472,,0.7038438115268946,0.0,0.0,escalate
test,56e764e200c9c71400d77092,What is strongly linked to good student-teacher relationships?,student-teacher relationships,student-teacher relationships,['student-teacher relationships'],['student-teacher relationships'],student-teacher relationships,"['student motivation and attitudes towards school', 'student motivation and attitudes towards school', 'student motivation and attitudes towards school']",True,1.0,1.0,"[""Research shows that student motivation and attitudes towards school are closely linked to student-teacher relationships. Enthusiastic teachers are particularly good at creating beneficial relations with their students. Their ability to create effective learning environments that foster student achievement depends on the kind of relationship they build with their students. Useful teacher-to-student interactions are crucial in linking academic success with personal achievement. Here, personal success is a student's internal goal of improving himself, whereas academic success includes the goals he receives from his superior. A teacher must guide his student in aligning his personal goals with his academic goals. Students who receive this positive influence show stronger self-confidence and greater personal and academic success than those without these teacher interactions."", ""The functions of the teacher's colleges may include setting out clear standards of practice, providing for the ongoing education of teachers, investigating complaints involving members, conducting hearings into allegations of professional misconduct and taking appropriate disciplinary action and accrediting teacher education programs. In many situations teachers in publicly funded schools must be members in good standing with the college, and private schools may also require their teachers to be college peoples. In other areas these roles may belong to the State Board of Education, the Superintendent of Public Instruction, the State Education Agency or other governmental bodies. In still other areas Teaching Unions may be responsible for some or all of these duties."", 'Co-teaching has also become a new trend amongst educational institutions. Co-teaching is defined as two or more teachers working harmoniously to fulfill the needs of every student in the classroom. Co-teaching focuses the student on learning by providing a social networking support that allows them to reach their full cognitive potential. Co-teachers work in sync with one another to create a climate of learning.']","[0.6295799016952515, 0.4577900767326355, 0.4418981075286865]",0.6295799016952515,0.8147899508476257,0.7895022630691528,,0.6295799016952515,0.5790045261383057,,0.8008817225694658,0.0,0.0,accept
test,57269f3ef1498d1400e8e535,What does the First Company Law Directive article 11 require?,to nullify for a fixed list of reasons,to nullify for a fixed list of reasons,['to nullify for a fixed list of reasons'],['to nullify for a fixed list of reasons'],to nullify for a fixed list of reasons,"['incorporations would only be nullified for a fixed list of reasons', 'incorporations would only be nullified for a fixed list of reasons', 'incorporations would only be nullified for a fixed list of reasons']",True,1.0,1.0,"['Fourth, national courts have a duty to interpret domestic law ""as far as possible in the light of the wording and purpose of the directive"". Textbooks (though not the Court itself) often called this ""indirect effect"". In Marleasing SA v La Comercial SA the Court of Justice held that a Spanish Court had to interpret its general Civil Code provisions, on contracts lacking cause or defrauding creditors, to conform with the First Company Law Directive article 11, that required incorporations would only be nullified for a fixed list of reasons. The Court of Justice quickly acknowledged that the duty of interpretation cannot contradict plain words in a national statute. But, fifth, if a member state has failed to implement a Directive, a citizen may not be able to bring claims against other non-state parties, but can sue the member state itself for failure to implement the law. So, in Francovich v Italy, the Italian government had failed to set up an insurance fund for employees to claim unpaid wages if their employers had gone insolvent, as the Insolvency Protection Directive required. Francovich, the former employee of a bankrupt Venetian firm, was therefore allowed to claim 6 million Lira from the Italian government in damages for his loss. The Court of Justice held that if a Directive would confer identifiable rights on individuals, and there is a causal link between a member state\'s violation of EU and a claimant\'s loss, damages must be paid. The fact that the incompatible law is an Act of Parliament is no defence.', 'Copyright infringement is reproducing, distributing, displaying or performing a work, or to make derivative works, without permission from the copyright holder, which is typically a publisher or other business representing or assigned by the work\'s creator. It is often called ""piracy"". While copyright is created the instance a work is fixed, generally the copyright holder can only get money damages if the owner registers the copyright.[citation needed] Enforcement of copyright is generally the responsibility of the copyright holder. The ACTA trade agreement, signed in May 2011 by the United States, Japan, Switzerland, and the EU, and which has not entered into force, requires that its parties add criminal penalties, including incarceration and fines, for copyright and trademark infringement, and obligated the parties to active police for infringement. There are limitations and exceptions to copyright, allowing limited use of copyrighted works, which does not constitute infringement. Examples of such doctrines are the fair use and fair dealing doctrine.', 'International influences help to encourage legal actions to be taken in India, such as the Geneva Declaration of the Right of Children Act was passed in 1924. This act was followed by The Universal Declaration of Human Rights in 1948 to which incorporated the basic human rights and needs of children for proper progression and growth in their younger years. These international acts encouraged major changes to the workforce in India which occurred in 1986 when the Child Labour (Prohibition and Regulation) Act was put into place. This act prohibited hiring children younger than the age of 14, and from working in hazardous conditions.']","[0.48909804224967957, 0.373035728931427, 0.30901312828063965]",0.48909804224967957,0.7445490211248398,0.5757185220718384,,0.48909804224967957,0.15143704414367676,,0.651692246645689,0.0,0.588235294117647,escalate
test,572a03086aef0514001551a4,What are two examples of cytotoxic or immunosuppressive drugs?,Cytotoxic drugs and immunosuppressive drugs,Cytotoxic drugs and immunosuppressive drugs,['Cytotoxic drugs and immunosuppressive drugs'],['Cytotoxic drugs and immunosuppressive drugs'],Cytotoxic drugs and immunosuppressive drugs,"['methotrexate or azathioprine', 'methotrexate or azathioprine', 'methotrexate or azathioprine']",True,1.0,1.0,"['Anti-inflammatory drugs are often used to control the effects of inflammation. Glucocorticoids are the most powerful of these drugs; however, these drugs can have many undesirable side effects, such as central obesity, hyperglycemia, osteoporosis, and their use must be tightly controlled. Lower doses of anti-inflammatory drugs are often used in conjunction with cytotoxic or immunosuppressive drugs such as methotrexate or azathioprine. Cytotoxic drugs inhibit the immune response by killing dividing cells such as activated T cells. However, the killing is indiscriminate and other constantly dividing cells and their organs are affected, which causes toxic side effects. Immunosuppressive drugs such as cyclosporin prevent T cells from responding to signals correctly by inhibiting signal transduction pathways.', ""Disorders of the immune system can result in autoimmune diseases, inflammatory diseases and cancer. Immunodeficiency occurs when the immune system is less active than normal, resulting in recurring and life-threatening infections. In humans, immunodeficiency can either be the result of a genetic disease such as severe combined immunodeficiency, acquired conditions such as HIV/AIDS, or the use of immunosuppressive medication. In contrast, autoimmunity results from a hyperactive immune system attacking normal tissues as if they were foreign organisms. Common autoimmune diseases include Hashimoto's thyroiditis, rheumatoid arthritis, diabetes mellitus type 1, and systemic lupus erythematosus. Immunology covers the study of all aspects of the immune system."", ""Prior to the 20th century drugs were generally produced by small scale manufacturers with little regulatory control over manufacturing or claims of safety and efficacy. To the extent that such laws did exist, enforcement was lax. In the United States, increased regulation of vaccines and other biological drugs was spurred by tetanus outbreaks and deaths caused by the distribution of contaminated smallpox vaccine and diphtheria antitoxin. The Biologics Control Act of 1902 required that federal government grant premarket approval for every biological drug and for the process and facility producing such drugs. This was followed in 1906 by the Pure Food and Drugs Act, which forbade the interstate distribution of adulterated or misbranded foods and drugs. A drug was considered misbranded if it contained alcohol, morphine, opium, cocaine, or any of several other potentially dangerous or addictive drugs, and if its label failed to indicate the quantity or proportion of such drugs. The government's attempts to use the law to prosecute manufacturers for making unsupported claims of efficacy were undercut by a Supreme Court ruling restricting the federal government's enforcement powers to cases of incorrect specification of the drug's ingredients.""]","[0.5991381406784058, 0.385476678609848, 0.36401063203811646]",0.5991381406784058,0.7995690703392029,0.8236546814441681,,0.5991381406784058,0.6473093628883362,,0.8128161564469338,0.0,0.0,accept
test,57268e2bf1498d1400e8e3b0,What caused the need for principal Treaties that ended up forming the EU?,"Common rules for coal and steel, and then atomic energy","Common rules for coal and steel, and then atomic energy","['Common rules for coal and steel, and then atomic energy']","['Common rules for coal and steel, and then atomic energy']","Common rules for coal and steel, and then atomic energy","['common rules for coal and steel, and then atomic energy', 'common rules for coal and steel, and then atomic energy', 'with common rules for coal and steel', 'with common rules for coal and steel']",True,1.0,1.0,"['The principal Treaties that form the European Union began with common rules for coal and steel, and then atomic energy, but more complete and formal institutions were established through the Treaty of Rome 1957 and the Maastricht Treaty 1992 (now: TFEU). Minor amendments were made during the 1960s and 1970s. Major amending treaties were signed to complete the development of a single, internal market in the Single European Act 1986, to further the development of a more social Europe in the Treaty of Amsterdam 1997, and to make minor amendments to the relative power of member states in the EU institutions in the Treaty of Nice 2001 and the Treaty of Lisbon 2007. Since its establishment, more member states have joined through a series of accession treaties, from the UK, Ireland, Denmark and Norway in 1972 (though Norway did not end up joining), Greece in 1979, Spain and Portugal 1985, Austria, Finland, Norway and Sweden in 1994 (though again Norway failed to join, because of lack of support in the referendum), the Czech Republic, Cyprus, Estonia, Hungary, Latvia, Lithuania, Malta, Poland, Slovakia and Slovenia in 2004, Romania and Bulgaria in 2007 and Croatia in 2013. Greenland signed a Treaty in 1985 giving it a special status.', ""None of the original treaties establishing the European Union mention protection for fundamental rights. It was not envisaged for European Union measures, that is legislative and administrative actions by European Union institutions, to be subject to human rights. At the time the only concern was that member states should be prevented from violating human rights, hence the establishment of the European Convention on Human Rights in 1950 and the establishment of the European Court of Human Rights. The European Court of Justice recognised fundamental rights as general principle of European Union law as the need to ensure that European Union measures are compatible with the human rights enshrined in member states' constitution became ever more apparent. In 1999 the European Council set up a body tasked with drafting a European Charter of Human Rights, which could form the constitutional basis for the European Union and as such tailored specifically to apply to the European Union and its institutions. The Charter of Fundamental Rights of the European Union draws a list of fundamental rights from the European Convention on Human Rights and Fundamental Freedoms, the Declaration on Fundamental Rights produced by the European Parliament in 1989 and European Union Treaties."", 'The Allies offered peace terms in the Frankfurt proposals in November 1813. Napoleon would remain as Emperor of France, but it would be reduced to its ""natural frontiers."" That meant that France could retain control of Belgium, Savoy and the Rhineland (the west bank of the Rhine River), while giving up control of all the rest, including all of Spain and the Netherlands, and most of Italy and Germany. Metternich told Napoleon these were the best terms the Allies were likely to offer; after further victories, the terms would be harsher and harsher. Metternich\'s motivation was to maintain France as a balance against Russian threats, while ending the highly destabilizing series of wars.']","[0.6026899814605713, 0.5160900354385376, 0.3957272469997406]",0.6026899814605713,0.8013449907302856,0.6491888910531998,,0.6026899814605713,0.29837778210639954,,0.7176591359078885,1.0,1.0,flag
test,5725be0fec44d21400f3d4a5,Who originally led the Space Task Group?,Robert R. Gilruth,Robert R. Gilruth,['Robert R. Gilruth'],['Robert R. Gilruth'],Robert R. Gilruth,"['Robert R. Gilruth', ""Robert R. Gilruth's"", ""Robert R. Gilruth's"", 'Robert R. Gilruth', 'Robert R. Gilruth']",True,1.0,1.0,"[""It became clear that managing the Apollo program would exceed the capabilities of Robert R. Gilruth's Space Task Group, which had been directing the nation's manned space program from NASA's Langley Research Center. So Gilruth was given authority to grow his organization into a new NASA center, the Manned Spacecraft Center (MSC). A site was chosen in Houston, Texas, on land donated by Rice University, and Administrator Webb announced the conversion on September 19, 1961. It was also clear NASA would soon outgrow its practice of controlling missions from its Cape Canaveral Air Force Station launch facilities in Florida, so a new Mission Control Center would be included in the MSC."", 'David Attenborough was later granted sabbatical leave from his job as Controller to work with the BBC Natural History Unit which had existed since the 1950s. This unit is now famed throughout the world for producing high quality programmes with Attenborough such as Life on Earth, The Private Life of Plants, The Blue Planet, The Life of Mammals, Planet Earth and Frozen Planet.', 'Burrel\'s innovative design, which combined the low production cost of an Apple II with the computing power of Lisa\'s CPU, the Motorola 68K, received the attention of Steve Jobs, co-founder of Apple. Realizing that the Macintosh was more marketable than the Lisa, he began to focus his attention on the project. Raskin left the team in 1981 over a personality conflict with Jobs. Team member Andy Hertzfeld said that the final Macintosh design is closer to Jobs\' ideas than Raskin\'s. After hearing of the pioneering GUI technology being developed at Xerox PARC, Jobs had negotiated a visit to see the Xerox Alto computer and its Smalltalk development tools in exchange for Apple stock options. The Lisa and Macintosh user interfaces were influenced by technology seen at Xerox PARC and were combined with the Macintosh group\'s own ideas. Jobs also commissioned industrial designer Hartmut Esslinger to work on the Macintosh line, resulting in the ""Snow White"" design language; although it came too late for the earliest Macs, it was implemented in most other mid- to late-1980s Apple computers. However, Jobs\' leadership at the Macintosh project did not last; after an internal power struggle with new CEO John Sculley, Jobs resigned from Apple in 1985. He went on to found NeXT, another computer company targeting the education market, and did not return until 1997, when Apple acquired NeXT.']","[0.48232609033584595, 0.3057897686958313, 0.2867223024368286]",0.48232609033584595,0.741163045167923,0.5962146669626236,,0.48232609033584595,0.1924293339252472,,0.6614414371550084,1.0,1.0,escalate
test,57274baff1498d1400e8f5de,Which female anchor from Today joined Hugh Downs on 20/20?,Delano Cagnolatti,Delano Cagnolatti,['Delano Cagnolatti'],['Delano Cagnolatti'],Delano Cagnolatti,"['Barbara Walters', 'Barbara Walters', 'Barbara Walters']",False,,0.0,"[""In the audition rounds, 121 contestants were selected from around 10,000 who attended the auditions. These were cut to 30 for the semifinal, with ten going on to the finals. One semifinalist, Delano Cagnolatti, was disqualified for lying to evade the show's age limit. One of the early favorites, Tamyra Gray, was eliminated at the top four, the first of several such shock eliminations that were to be repeated in later seasons. Christina Christian was hospitalized before the top six result show due to chest pains and palpitations, and she was eliminated while she was in the hospital. Jim Verraros was the first openly gay contestant on the show; his sexual orientation was revealed in his online journal, however it was removed during the competition after a request from the show producers over concerns that it might be unfairly influencing votes."", ""The city is also well provided for in amateur men's and women's rugby with a number of teams in and around the city, the oldest of which is Trojans RFC who were promoted to London South West 2 division in 2008/9. A notable former player is Anthony Allen, who played with Leicester Tigers as a centre. Tottonians are also in London South West division 2 and Southampton RFC are in Hampshire division 1 in 2009/10, alongside Millbrook RFC and Eastleigh RFC. Many of the sides run mini and midi teams from under sevens up to under sixteens for both boys and girls."", 'In 1945, Plymouth-born Michael Foot was elected Labour MP for the war-torn constituency of Plymouth Devonport and after serving as Secretary of State for Education and responsible for the 1974 Health and Safety at Work Act, went on to become one of the most distinguished leaders of the Labour party.']","[0.31700995564460754, 0.2863565683364868, 0.2787615954875946]",0.31700995564460754,0.6585049778223038,0.579626202583313,,0.31700995564460754,0.15925240516662598,,0.6151216514408588,0.0,0.0,escalate
test,5729e2316aef0514001550c8,What is the estimate for the amount of tree species in the amazon tropical rain forest?,"16,000 species","16,000 species","['16,000 species']","['16,000 species']","16,000 species","['16,000 species', '16,000', '16,000']",True,1.0,1.0,"['The Amazon rainforest (Portuguese: Floresta Amazônica or Amazônia; Spanish: Selva Amazónica, Amazonía or usually Amazonia; French: Forêt amazonienne; Dutch: Amazoneregenwoud), also known in English as Amazonia or the Amazon Jungle, is a moist broadleaf forest that covers most of the Amazon basin of South America. This basin encompasses 7,000,000 square kilometres (2,700,000 sq mi), of which 5,500,000 square kilometres (2,100,000 sq mi) are covered by the rainforest. This region includes territory belonging to nine nations. The majority of the forest is contained within Brazil, with 60% of the rainforest, followed by Peru with 13%, Colombia with 10%, and with minor amounts in Venezuela, Ecuador, Bolivia, Guyana, Suriname and French Guiana. States or departments in four nations contain ""Amazonas"" in their names. The Amazon represents over half of the planet\'s remaining rainforests, and comprises the largest and most biodiverse tract of tropical rainforest in the world, with an estimated 390 billion individual trees divided into 16,000 species.', 'There is evidence that there have been significant changes in Amazon rainforest vegetation over the last 21,000 years through the Last Glacial Maximum (LGM) and subsequent deglaciation. Analyses of sediment deposits from Amazon basin paleolakes and from the Amazon Fan indicate that rainfall in the basin during the LGM was lower than for the present, and this was almost certainly associated with reduced moist tropical vegetation cover in the basin. There is debate, however, over how extensive this reduction was. Some scientists argue that the rainforest was reduced to small, isolated refugia separated by open forest and grassland; other scientists argue that the rainforest remained largely intact but extended less far to the north, south, and east than is seen today. This debate has proved difficult to resolve because the practical limitations of working in the rainforest mean that data sampling is biased away from the center of the Amazon basin, and both explanations are reasonably well supported by the available data.', ""NASA's CALIPSO satellite has measured the amount of dust transported by wind from the Sahara to the Amazon: an average 182 million tons of dust are windblown out of the Sahara each year, at 15 degrees west longitude, across 1,600 miles (2,600 km) over the Atlantic Ocean (some dust falls into the Atlantic), then at 35 degrees West longitude at the eastern coast of South America, 27.7 million tons (15%) of dust fall over the Amazon basin, 132 million tons of dust remain in the air, 43 million tons of dust are windblown and falls on the Caribbean Sea, past 75 degrees west longitude.""]","[0.6484925150871277, 0.5922813415527344, 0.4473603367805481]",0.6484925150871277,0.8242462575435638,0.6733388602733612,,0.6484925150871277,0.3466777205467224,,0.7412471890449523,1.0,1.0,flag
test,5725e748ec44d21400f3d733,What type of homes is Fresno known for?,California Bungalow and American Craftsman style homes,California Bungalow and American Craftsman style homes,['California Bungalow and American Craftsman style homes'],['California Bungalow and American Craftsman style homes'],California Bungalow and American Craftsman style homes,"['early twentieth century homes', 'early twentieth century homes', 'early twentieth century']",True,1.0,1.0,"['The area is also known for its early twentieth century homes, many of which have been restored in recent decades. The area includes many California Bungalow and American Craftsman style homes, Spanish Colonial Revival Style architecture, Mediterranean Revival Style architecture, Mission Revival Style architecture, and many Storybook houses designed by Fresno architects, Hilliard, Taylor & Wheeler. The residential architecture of the Tower District contrasts with the newer areas of tract homes urban sprawl in north and east areas of Fresno.', ""Fresno has three large public parks, two in the city limits and one in county land to the southwest. Woodward Park, which features the Shinzen Japanese Gardens, numerous picnic areas and several miles of trails, is in North Fresno and is adjacent to the San Joaquin River Parkway. Roeding Park, near Downtown Fresno, is home to the Fresno Chaffee Zoo, and Rotary Storyland and Playland. Kearney Park is the largest of the Fresno region's park system and is home to historic Kearney Mansion and plays host to the annual Civil War Revisited, the largest reenactment of the Civil War in the west coast of the U.S."", ""Southern California includes the heavily built-up urban area stretching along the Pacific coast from Ventura, through the Greater Los Angeles Area and the Inland Empire, and down to Greater San Diego. Southern California's population encompasses seven metropolitan areas, or MSAs: the Los Angeles metropolitan area, consisting of Los Angeles and Orange counties; the Inland Empire, consisting of Riverside and San Bernardino counties; the San Diego metropolitan area; the Oxnard–Thousand Oaks–Ventura metropolitan area; the Santa Barbara metro area; the San Luis Obispo metropolitan area; and the El Centro area. Out of these, three are heavy populated areas: the Los Angeles area with over 12 million inhabitants, the Riverside-San Bernardino area with over four million inhabitants, and the San Diego area with over 3 million inhabitants. For CSA metropolitan purposes, the five counties of Los Angeles, Orange, Riverside, San Bernardino, and Ventura are all combined to make up the Greater Los Angeles Area with over 17.5 million people. With over 22 million people, southern California contains roughly 60 percent of California's population.""]","[0.6844483613967896, 0.5182685852050781, 0.2829042077064514]",0.6844483613967896,0.8422241806983948,0.7267276644706726,,0.6844483613967896,0.4534553289413452,,0.7787010967731476,0.0,0.18181818181818182,flag
test,56d9943fdc89441400fdb578,What team had the best start ever in the NFL?,The Carolina Panthers,The Carolina Panthers,['The Carolina Panthers'],['The Carolina Panthers'],The Carolina Panthers,"['Carolina Panthers', 'the Panthers', 'Carolina']",True,1.0,1.0,"['Despite waiving longtime running back DeAngelo Williams and losing top wide receiver Kelvin Benjamin to a torn ACL in the preseason, the Carolina Panthers had their best regular season in franchise history, becoming the seventh team to win at least 15 regular season games since the league expanded to a 16-game schedule in 1978. Carolina started the season 14–0, not only setting franchise records for the best start and the longest single-season winning streak, but also posting the best start to a season by an NFC team in NFL history, breaking the 13–0 record previously shared with the 2009 New Orleans Saints and the 2011 Green Bay Packers. With their NFC-best 15–1 regular season record, the Panthers clinched home-field advantage throughout the NFC playoffs for the first time in franchise history. Ten players were selected to the Pro Bowl (the most in franchise history) along with eight All-Pro selections.', 'For the third straight season, the number one seeds from both conferences met in the Super Bowl. The Carolina Panthers became one of only ten teams to have completed a regular season with only one loss, and one of only six teams to have acquired a 15–1 record, while the Denver Broncos became one of four teams to have made eight appearances in the Super Bowl. The Broncos made their second Super Bowl appearance in three years, having reached Super Bowl XLVIII, while the Panthers made their second Super Bowl appearance in franchise history, their other appearance being Super Bowl XXXVIII. Coincidentally, both teams were coached by John Fox in their last Super Bowl appearance prior to Super Bowl 50.', ""After a punt from both teams, Carolina got on track with a 9-play, 73-yard scoring drive. Newton completed 4 of 4 passes for 51 yards and rushed twice for 25 yards, while Jonathan Stewart finished the drive with a 1-yard touchdown run, cutting the score to 10–7 with 11:28 left in the second quarter. Later on, Broncos receiver Jordan Norwood received Brad Nortman's short 28-yard punt surrounded by Panthers players, but none of them attempted to make a tackle, apparently thinking Norwood had called a fair catch. Norwood had not done so, and with no resistance around him, he took off for a Super Bowl record 61-yard return before Mario Addison dragged him down on the Panthers 14-yard line. Despite Denver's excellent field position, they could not get the ball into the end zone, so McManus kicked a 33-yard field goal that increased their lead to 13–7.""]","[0.5166214108467102, 0.4462154507637024, 0.4041205048561096]",0.5166214108467102,0.7583107054233551,0.7838660180568695,,0.5166214108467102,0.567732036113739,,0.7723661273717881,1.0,1.0,flag
test,571cde695efbb31900334e18,Which organic compounds contain the greatest amount of oxygen by mass?,carbohydrates,carbohydrates,['carbohydrates'],['carbohydrates'],carbohydrates,"['carbohydrates', 'carbohydrates', 'carbohydrates', 'carbohydrates', 'carbohydrates']",True,1.0,1.0,"['The element is found in almost all biomolecules that are important to (or generated by) life. Only a few common complex biomolecules, such as squalene and the carotenes, contain no oxygen. Of the organic compounds with biological relevance, carbohydrates contain the largest proportion by mass of oxygen. All fats, fatty acids, amino acids, and proteins contain oxygen (due to the presence of carbonyl groups in these acids and their ester residues). Oxygen also occurs in phosphate (PO3−\n4) groups in the biologically important energy-carrying molecules ATP and ADP, in the backbone and the purines (except adenine) and pyrimidines of RNA and DNA, and in bones as calcium phosphate and hydroxylapatite.', ""Modern chemistry emerged from the sixteenth through the eighteenth centuries through the material practices and theories promoted by alchemy, medicine, manufacturing and mining. A decisive moment came when 'chymistry' was distinguished from alchemy by Robert Boyle in his work The Sceptical Chymist, in 1661; although the alchemical tradition continued for some time after his work. Other important steps included the gravimetric experimental practices of medical chemists like William Cullen, Joseph Black, Torbern Bergman and Pierre Macquer and through the work of Antoine Lavoisier (Father of Modern Chemistry) on oxygen and the law of conservation of mass, which refuted phlogiston theory. The theory that all matter is made of atoms, which are the smallest constituents of matter that cannot be broken down without losing the basic chemical and physical properties of that matter, was provided by John Dalton in 1803, although the question took a hundred years to settle as proven. Dalton also formulated the law of mass relationships. In 1869, Dmitri Mendeleev composed his periodic table of elements on the basis of Dalton's discoveries."", ""St Helena's biodiversity, however, also includes marine vertebrates, invertebrates (freshwater, terrestrial and marine), fungi (including lichen-forming species), non-vascular plants, seaweeds and other biological groups. To date, very little is known about these, although more than 200 lichen-forming fungi have been recorded, including 9 endemics, suggesting that many significant discoveries remain to be made.""]","[0.610753059387207, 0.314086377620697, 0.29836034774780273]",0.610753059387207,0.8053765296936035,0.7066579163074493,,0.610753059387207,0.4133158326148987,,0.7510812923312188,1.0,1.0,flag
test,572a1046af94a219006aa78d,What did Stiglitz present in 2009 regarding global inequality?,global inequality prevents growth by limiting aggregate demand,global inequality prevents growth by limiting aggregate demand,['global inequality prevents growth by limiting aggregate demand'],['global inequality prevents growth by limiting aggregate demand'],global inequality prevents growth by limiting aggregate demand,"['evidence', 'evidence', 'prevent growth']",True,1.0,1.0,"['Economist Joseph Stiglitz presented evidence in 2009 that both global inequality and inequality within countries prevent growth by limiting aggregate demand. Economist Branko Milanovic, wrote in 2001 that, ""The view that income inequality harms growth – or that improved equality can help sustain growth – has become more widely held in recent years. ... The main reason for this shift is the increasing importance of human capital in development. When physical capital mattered most, savings and investments were key. Then it was important to have a large contingent of rich people who could save a greater proportion of their income than the poor and invest it in physical capital. But now that human capital is scarcer than machines, widespread education has become the secret to growth.""', 'Neoclassical economics views inequalities in the distribution of income as arising from differences in value added by labor, capital and land. Within labor income distribution is due to differences in value added by different classifications of workers. In this perspective, wages and profits are determined by the marginal value added of each economic actor (worker, capitalist/business owner, landlord). Thus, in a market economy, inequality is a reflection of the productivity gap between highly-paid professions and lower-paid professions.', ""The correlation between capitalism, aristocracy, and imperialism has long been debated among historians and political theorists. Much of the debate was pioneered by such theorists as J. A. Hobson (1858–1940), Joseph Schumpeter (1883–1950), Thorstein Veblen (1857–1929), and Norman Angell (1872–1967). While these non-Marxist writers were at their most prolific before World War I, they remained active in the interwar years. Their combined work informed the study of imperialism and it's impact on Europe, as well as contributed to reflections on the rise of the military-political complex in the United States from the 1950s. Hobson argued that domestic social reforms could cure the international disease of imperialism by removing its economic foundation. Hobson theorized that state intervention through taxation could boost broader consumption, create wealth, and encourage a peaceful, tolerant, multipolar world order.""]","[0.7021252512931824, 0.38416457176208496, 0.34841376543045044]",0.7021252512931824,0.8510626256465912,0.7416306734085083,,0.7021252512931824,0.4832613468170166,,0.7908750519156456,0.0,0.2,accept
test,5727403af1498d1400e8f526,Of what hollywood film company was UPT a subsidiary of when it merged with ABC?,American Broadcasting Companies,American Broadcasting Companies,['American Broadcasting Companies'],['American Broadcasting Companies'],American Broadcasting Companies,"['Paramount Pictures', 'Paramount Pictures', 'Paramount Pictures']",False,,0.0,"[""In 1965, the corporate entity, American Broadcasting-Paramount Theatres, was renamed as the American Broadcasting Companies,  while its cinema division became ABC Theatres;[citation needed] its recording division was renamed ABC Records in 1966. In December of that year, the ABC television network premiered The Dating Game, a pioneer series in its genre, which was a reworking of the blind date concept in which a suitor selected one of three contestants sight unseen based on the answers to selected questions. This was followed up in July 1966 by The Newlywed Game, featuring three recently married couples who guessed the responses to their partner's questions (some of which were fairly risque). As ABC began to outgrow its facilities at 7 West 66th Street, Goldenson found a new headquarters for ABC in a 44 story building located at 1330 Avenue of the Americas in Manhattan, at the corner of 54th Street (now occupied by The Financial Times's New York office). This operation allowed for the conversion of the premises at 66th Street into production facilities for television and radio programs."", ""In June 1978, Arledge created the newsmagazine 20/20; after its first episode received harshly negative reviews, the program – which debuted as a summer series, before becoming a year-round program in 1979 – was immediately revamped to feature a mix of in-depth stories and interviews, with Hugh Downs appointed as its anchor (later paired alongside his former Today colleague Barbara Walters). In February 1979, ABC sold its recording division to MCA Inc. for $20 million; the label was discontinued by March 5 of that year, and all of its 300 employees were laid off (the rights to the works of ABC Records and all of MCA's other labels have since been acquired by Universal Music Group)."", 'Schwarzenegger was a founding celebrity investor in the Planet Hollywood chain of international theme restaurants (modeled after the Hard Rock Cafe) along with Bruce Willis, Sylvester Stallone and Demi Moore. Schwarzenegger severed his financial ties with the business in early 2000. Schwarzenegger said the company had not had the success he had hoped for, claiming he wanted to focus his attention on ""new US global business ventures"" and his movie career.']","[0.43989282846450806, 0.4112918972969055, 0.39158904552459717]",0.43989282846450806,0.719946414232254,0.6855357140302658,,0.43989282846450806,0.3710714280605316,,0.7010205291211605,0.0,0.0,escalate
test,56d70daa0d65d21400198332,When did the NFL announce that it would not use Roman numbers to designate the Super Bowl number?,"June 4, 2014","June 4, 2014","['June 4, 2014']","['June 4, 2014']","June 4, 2014","['June 4, 2014', 'On June 4, 2014', '2014']",True,1.0,1.0,"['On June 4, 2014, the NFL announced that the practice of branding Super Bowl games with Roman numerals, a practice established at Super Bowl V, would be temporarily suspended, and that the game would be named using Arabic numerals as Super Bowl 50 as opposed to Super Bowl L. The use of Roman numerals will be reinstated for Super Bowl LI. Jaime Weston, the league\'s vice president of brand and creative, explained that a primary reason for the change was the difficulty of designing an aesthetically pleasing logo with the letter ""L"" using the standardized logo template introduced at Super Bowl XLV. The logo also deviates from the template by featuring large numerals, colored in gold, behind the Vince Lombardi Trophy, instead of underneath and in silver as in the standard logo.', ""The league announced on October 16, 2012, that the two finalists were Sun Life Stadium and Levi's Stadium. The South Florida/Miami area has previously hosted the event 10 times (tied for most with New Orleans), with the most recent one being Super Bowl XLIV in 2010. The San Francisco Bay Area last hosted in 1985 (Super Bowl XIX), held at Stanford Stadium in Stanford, California, won by the home team 49ers. The Miami bid depended on whether the stadium underwent renovations. However, on May 3, 2013, the Florida legislature refused to approve the funding plan to pay for the renovations, dealing a significant blow to Miami's chances."", 'For the third straight season, the number one seeds from both conferences met in the Super Bowl. The Carolina Panthers became one of only ten teams to have completed a regular season with only one loss, and one of only six teams to have acquired a 15–1 record, while the Denver Broncos became one of four teams to have made eight appearances in the Super Bowl. The Broncos made their second Super Bowl appearance in three years, having reached Super Bowl XLVIII, while the Panthers made their second Super Bowl appearance in franchise history, their other appearance being Super Bowl XXXVIII. Coincidentally, both teams were coached by John Fox in their last Super Bowl appearance prior to Super Bowl 50.']","[0.7054646015167236, 0.4160788655281067, 0.3951050639152527]",0.7054646015167236,0.8527323007583618,0.5503555610775948,,0.7054646015167236,0.10071112215518951,,0.68642509393394,1.0,1.0,escalate
test,57111428b654c5140001fb01,How many Huguenots were killed in Toulouse?,"3,000","3,000","['3,000']","['3,000']","3,000","['Nearly 3,000', 'Nearly 3,000', 'Nearly 3,000']",True,1.0,1.0,"[""In what became known as the St. Bartholomew's Day Massacre of 24 August – 3 October 1572, Catholics killed thousands of Huguenots in Paris. Similar massacres took place in other towns in the weeks following. The main provincial towns and cities experiencing the Massacre were Aix, Bordeaux, Bourges, Lyons, Meaux, Orleans, Rouen, Toulouse, and Troyes. Nearly 3,000 Protestants were slaughtered in Toulouse alone. The exact number of fatalities throughout the country is not known. On 23–24 August, between about 2,000 and 3,000 Protestants were killed in Paris and between 3,000 and 7,000 more in the French provinces. By 17 September, almost 25,000 Protestants had been massacred in Paris alone. Beyond Paris, the killings continued until 3 October. An amnesty granted in 1573 pardoned the perpetrators.[citation needed]"", 'By 17 May, the main Austrian army under Charles had arrived on the Marchfeld. Charles kept the bulk of his troops several miles away from the river bank in hopes of concentrating them at the point where Napoleon decided to cross. On 21 May, the French made their first major effort to cross the Danube, precipitating the Battle of Aspern-Essling. The Austrians enjoyed a comfortable numerical superiority over the French throughout the battle; on the first day, Charles disposed of 110,000 soldiers against only 31,000 commanded by Napoleon. By the second day, reinforcements had boosted French numbers up to 70,000. The battle was characterized by a vicious back-and-forth struggle for the two villages of Aspern and Essling, the focal points of the French bridgehead. By the end of the fighting, the French had lost Aspern but still controlled Essling. A sustained Austrian artillery bombardment eventually convinced Napoleon to withdraw his forces back onto Lobau Island. Both sides inflicted about 23,000 casualties on each other. It was the first defeat Napoleon suffered in a major set-piece battle, and it caused excitement throughout many parts of Europe because it proved that he could be beaten on the battlefield.', 'Balansiyya had a rebirth of sorts with the beginning of the Taifa of Valencia kingdom in the 11th century. The town grew, and during the reign of Abd al-Aziz a new city wall was built, remains of which are preserved throughout the Old City (Ciutat Vella) today. The Castilian nobleman Rodrigo Diaz de Vivar, known as El Cid, who was intent on possessing his own principality on the Mediterranean, entered the province in command of a combined Christian and Moorish army and besieged the city beginning in 1092. By the time the siege ended in May 1094, he had carved out his own fiefdom—which he ruled from 15 June 1094 to July 1099. This victory was immortalised in the Lay of the Cid. During his rule, he converted nine mosques into churches and installed the French monk Jérôme as bishop of the See of Valencia. El Cid was killed in July 1099 while defending the city from an Almoravid siege, whereupon his wife Ximena Díaz ruled in his place for two years.']","[0.6018176078796387, 0.40204524993896484, 0.36137479543685913]",0.6018176078796387,0.8009088039398193,0.5401531718671322,,0.6018176078796387,0.08030634373426437,,0.6574932062998414,0.0,0.6666666666666666,escalate
test,57293d116aef051400154bca,What is 'grey literature'?,Grey literature,Grey literature,['Grey literature'],['Grey literature'],Grey literature,"['non-peer-reviewed sources', 'non-peer-reviewed sources', 'non-peer-reviewed sources']",False,,0.0,"['Literature consists of written productions, often restricted to those deemed to have artistic or intellectual value. Its Latin root literatura/litteratura (derived itself from littera, letter or handwriting) was used to refer to all written accounts, but intertwined with the roman concept of cultura: learning or cultivation. Literature often uses language differently than ordinary language (see literariness). Literature can be classified according to whether it is fiction or non-fiction and whether it is poetry or prose; it can be further distinguished according to major forms such as the novel, short story or drama; and works are often categorised according to historical periods or their adherence to certain aesthetic features or expectations (genre).', ""In 1978 Aboriginal writer Kevin Gilbert received the National Book Council award for his book Living Black: Blacks Talk to Kevin Gilbert, a collection of Aboriginal people's stories, and in 1998 was awarded (but refused to accept) the Human Rights Award for Literature for Inside Black Australia, a poetry anthology and exhibition of Aboriginal photography. In contrast to previous definitions based solely on the degree of Aboriginal ancestry, in 1990 the Government changed the legal definition of Aboriginal to include any:"", ""Some of the most important surviving works of Old English literature are Beowulf, an epic poem; the Anglo-Saxon Chronicle, a record of early English history; the Franks Casket, an inscribed early whalebone artefact; and Cædmon's Hymn, a Christian religious poem. There are also a number of extant prose works, such as sermons and saints' lives, biblical translations, and translated Latin works of the early Church Fathers, legal documents, such as laws and wills, and practical works on grammar, medicine, and geography. Still, poetry is considered the heart of Old English literature. Nearly all Anglo-Saxon authors are anonymous, with a few exceptions, such as Bede and Cædmon. Cædmon, the earliest English poet we know by name, served as a lay brother in the monastery at Whitby.""]","[0.44736579060554504, 0.35780325531959534, 0.35678255558013916]",0.44736579060554504,0.7236828953027725,0.742013469338417,,0.44736579060554504,0.4840269386768341,,0.7337647110223771,0.0,0.0,flag
test,572687e1dd62a815002e8854,What's the name of Newcastle's speedway team?,Newcastle Diamonds,Newcastle Diamonds,['Newcastle Diamonds'],['Newcastle Diamonds'],Newcastle Diamonds,"['Newcastle Diamonds', 'Newcastle Diamonds', 'Newcastle Diamonds']",True,1.0,1.0,"[""Newcastle has a horse racing course at Gosforth Park. The city is also home to the Newcastle Eagles basketball team who play their home games at the new Sport Central complex at Northumbria University. The Eagles are the most successful team in the history of the British Basketball League (BBL). The city's speedway team Newcastle Diamonds are based at Brough Park in Byker, a venue that is also home to greyhound racing. Newcastle also hosts the start of the annual Great North Run, the world's largest half-marathon in which participants race over the Tyne Bridge into Gateshead and then towards the finish line 13.1 miles (21.1 km) away on the coast at South Shields. Another famous athletic event is the 5.9-mile (9.5 km) Blaydon Race (a road race from Newcastle to Blaydon), which has taken place on 9 June annually since 1981, to commemorate the celebrated Blaydon Races horse racing."", ""NASCAR (headquartered in Daytona Beach) begins all three of its major auto racing series in Florida at Daytona International Speedway in February, featuring the Daytona 500, and ends all three Series in November at Homestead-Miami Speedway. Daytona also has the Coke Zero 400 NASCAR race weekend around Independence Day in July. The 24 Hours of Daytona is one of the world's most prestigious endurance auto races. The Grand Prix of St. Petersburg and Grand Prix of Miami have held IndyCar races as well."", 'In the Sandgate area, to the east of the city and beside the river, resided the close-knit community of keelmen and their families. They were so called because they worked on the keels, boats that were used to transfer coal from the river banks to the waiting colliers, for export to London and elsewhere. In the 1630s about 7,000 out of 20,000 inhabitants of Newcastle died of plague, more than one-third of the population. Specifically within the year 1636, it is roughly estimated with evidence held by the Society of Antiquaries that 47% of the then population of Newcastle died from the epidemic; this may also have been the most devastating loss in any British City in this period.']","[0.625088632106781, 0.37478238344192505, 0.3489951491355896]",0.625088632106781,0.8125443160533905,0.7145468294620514,,0.625088632106781,0.4290936589241028,,0.758645698428154,1.0,1.0,flag
test,572821ceff5b5019007d9db3,What was the main reason for the show's suspension in 1989?,late 1980s performance of three to five million viewers,late 1980s performance of three to five million viewers,['late 1980s performance of three to five million viewers'],['late 1980s performance of three to five million viewers'],late 1980s performance of three to five million viewers,"['Its late 1980s performance of three to five million viewers', 'performance of three to five million viewers was seen as poor', 'performance']",True,1.0,1.0,"[""During the ITV network strike of 1979, viewership peaked at 16 million.[citation needed] Figures remained respectable into the 1980s, but fell noticeably after the programme's 23rd series was postponed in 1985 and the show was off the air for 18 months. Its late 1980s performance of three to five million viewers was seen as poor at the time and was, according to the BBC Board of Control, a leading cause of the programme's 1989 suspension. Some fans considered this disingenuous, since the programme was scheduled against the soap opera Coronation Street, the most popular show at the time. After the series' revival in 2005 (the third notable period of high ratings), it has consistently had high viewership levels for the evening on which the episode is broadcast."", ""The Writers Guild of America strike that halted production of network programs for much of the 2007–08 season affected the network in 2007–08 and 2008–09, as various ABC shows that premiered in 2007, such as Dirty Sexy Money, Pushing Daisies, Eli Stone and Samantha Who?, did not live to see a third season; other series such as Boston Legal and the U.S. version of Life on Mars suffered from low viewership, despite the former, a spin off of The Practice, being a once-highlighted breakout series when it debuted in 2005. One of the network's strike-replacement programs during that time was the game show Duel, which premiered in December 2007. The program would become a minor success for the network during its initial six-episode run, which led ABC to renew Duel as a regular series starting in April 2008. However, Duel suffered from low viewership during its run as a regular series, and ABC canceled the program after sixteen episodes. On August 15, 2008, Disney denied rumors started by Caris & Co. that it would be selling the ten ABC owned-and-operated stations."", ""In June 1978, Arledge created the newsmagazine 20/20; after its first episode received harshly negative reviews, the program – which debuted as a summer series, before becoming a year-round program in 1979 – was immediately revamped to feature a mix of in-depth stories and interviews, with Hugh Downs appointed as its anchor (later paired alongside his former Today colleague Barbara Walters). In February 1979, ABC sold its recording division to MCA Inc. for $20 million; the label was discontinued by March 5 of that year, and all of its 300 employees were laid off (the rights to the works of ABC Records and all of MCA's other labels have since been acquired by Universal Music Group).""]","[0.5047970414161682, 0.35605573654174805, 0.29301923513412476]",0.5047970414161682,0.7523985207080841,0.7445883005857468,,0.5047970414161682,0.48917660117149353,,0.7481028996407986,0.0,0.9473684210526316,flag
test,5728fd9b3f37b31900477f3c,What is the name of the port city that was created?,Vigo,Vigo,['Vigo'],['Vigo'],Vigo,"['Mombasa', 'Mombasa', 'Mombasa']",True,2.0,0.5,"[""The most important Galician fishing port is the Port of Vigo; It is one of the world's leading fishing ports, second only to Tokyo, with an annual catch worth 1,500 million euros. In 2007 the port took in 732,951 metric tons (721,375 long tons; 807,940 short tons) of fish and seafood, and about 4,000,000 metric tons (3,900,000 long tons; 4,400,000 short tons) of other cargoes. Other important ports are Ferrol, A Coruña, and the smaller ports of Marín and Vilagarcía de Arousa, as well as important recreational ports in Pontevedra and Burela. Beyond these, Galicia has 120 other organized ports."", 'The Swahili built Mombasa into a major port city and established trade links with other nearby city-states, as well as commercial centres in Persia, Arabia, and even India. By the 15th-century, Portuguese voyager Duarte Barbosa claimed that ""Mombasa is a place of great traffic and has a good harbour in which there are always moored small craft of many kinds and also great ships, both of which are bound from Sofala and others which come from Cambay and Melinde and others which sail to the island of Zanzibar.""', ""Philadelphia's importance and central location in the colonies made it a natural center for America's revolutionaries. By the 1750s, Philadelphia had surpassed Boston to become the largest city and busiest port in British America, and second in the British Empire, behind London. The city hosted the First Continental Congress before the American Revolutionary War; the Second Continental Congress, which signed the United States Declaration of Independence, during the war; and the Constitutional Convention (1787) after the war. Several battles were fought in and near Philadelphia as well.""]","[0.44244784116744995, 0.4244424104690552, 0.40204381942749023]",0.44244784116744995,0.721223920583725,0.6135881394147873,,0.44244784116744995,0.22717627882957458,,0.6620242409408092,0.0,0.0,escalate
test,56f7f2e0aef2371900625cb0,When did Martin Luther receive his Doctor of Theology?,1512,1512,['1512'],['1512'],1512,"['19 October 1512', '19 October 1512', '1512']",True,1.0,1.0,"['On 19 October 1512, he was awarded his Doctor of Theology and, on 21 October 1512, was received into the senate of the theological faculty of the University of Wittenberg, having been called to the position of Doctor in Bible. He spent the rest of his career in this position at the University of Wittenberg.', ""Luther's Small Catechism proved especially effective in helping parents teach their children; likewise the Larger Catechism was effective for pastors. Using the German vernacular, they expressed the Apostles' Creed in simpler, more personal, Trinitarian language. He rewrote each article of the Creed to express the character of the Father, the Son, or the Holy Spirit. Luther's goal was to enable the catechumens to see themselves as a personal object of the work of the three persons of the Trinity, each of which works in the catechumen's life. That is, Luther depicted the Trinity not as a doctrine to be learned, but as persons to be known. The Father creates, the Son redeems, and the Spirit sanctifies, a divine unity with separate personalities. Salvation originates with the Father and draws the believer to the Father. Luther's treatment of the Apostles' Creed must be understood in the context of the Decalogue (the Ten Commandments) and the Lord's Prayer, which are also part of the Lutheran catechical teaching."", 'Luther\'s 1538 hymnic version of the Lord\'s Prayer, ""Vater unser im Himmelreich"", corresponds exactly to Luther\'s explanation of the prayer in the Small Catechism, with one stanza for each of the seven prayer petitions, plus opening and closing stanzas. The hymn functioned both as a liturgical setting of the Lord\'s Prayer and as a means of examining candidates on specific catechism questions. The extant manuscript shows multiple revisions, demonstrating Luther\'s concern to clarify and strengthen the text and to provide an appropriately prayerful tune. Other 16th- and 20th-century versifications of the Lord\'s Prayer have adopted Luther\'s tune, although modern texts are considerably shorter.']","[0.6711648106575012, 0.5205985903739929, 0.4714469909667969]",0.6711648106575012,0.8355824053287506,0.5590485706925392,,0.6711648106575012,0.11809714138507843,,0.6834887962788343,1.0,1.0,escalate
test,5725cb33271a42140099d1de,Which phylum is more complex than sponges?,ctenophores,ctenophores,['ctenophores'],['ctenophores'],ctenophores,"['Ctenophores', 'Ctenophores', 'Ctenophores']",True,1.0,1.0,"['Ctenophores form an animal phylum that is more complex than sponges, about as complex as cnidarians (jellyfish, sea anemones, etc.), and less complex than bilaterians (which include almost all other animals). Unlike sponges, both ctenophores and cnidarians have: cells bound by inter-cell connections and carpet-like basement membranes; muscles; nervous systems; and some have sensory organs. Ctenophores are distinguished from all other animals by having colloblasts, which are sticky and adhere to prey, although a few ctenophore species lack them.', 'The algae are a polyphyletic group and are placed in various divisions, some more closely related to plants than others. There are many differences between them in features such as cell wall composition, biochemistry, pigmentation, chloroplast structure and nutrient reserves. The algal division Charophyta, sister to the green algal division Chlorophyta, is considered to contain the ancestor of true plants. The Charophyte class Charophyceae and the land plant sub-kingdom Embryophyta together form the monophyletic group or clade Streptophytina.', 'Bacteria display a wide diversity of shapes and sizes, called morphologies. Bacterial cells are about one-tenth the size of eukaryotic cells and are typically 0.5–5.0 micrometres in length. However, a few species are visible to the unaided eye — for example, Thiomargarita namibiensis is up to half a millimetre long and Epulopiscium fishelsoni reaches 0.7 mm. Among the smallest bacteria are members of the genus Mycoplasma, which measure only 0.3 micrometres, as small as the largest viruses. Some bacteria may be even smaller, but these ultramicrobacteria are not well-studied.']","[0.6017839908599854, 0.4545994699001312, 0.39831623435020447]",0.6017839908599854,0.8008919954299927,0.7468941360712051,,0.6017839908599854,0.4937882721424103,,0.7711931727826595,1.0,1.0,flag
test,572a02483f37b3190047864e,What other scientist influence Frank Burnet when he was formulating his theory of immunity?,Niels Jerne,Niels Jerne,['Niels Jerne'],['Niels Jerne'],Niels Jerne,"['Niels Jerne', 'Niels Jerne', 'Niels Jerne']",True,1.0,1.0,"['In the mid-1950s, Frank Burnet, inspired by a suggestion made by Niels Jerne, formulated the clonal selection theory (CST) of immunity. On the basis of CST, Burnet developed a theory of how an immune response is triggered according to the self/nonself distinction: ""self"" constituents (constituents of the body) do not trigger destructive immune responses, while ""nonself"" entities (pathogens, an allograft) trigger a destructive immune response. The theory was later modified to reflect new discoveries regarding histocompatibility or the complex ""two-signal"" activation of T cells. The self/nonself theory of immunity and the self/nonself vocabulary have been criticized, but remain very influential.', 'Also, other human rights were advocated for by some Protestants. For example, torture was abolished in Prussia in 1740, slavery in Britain in 1834 and in the United States in 1865 (William Wilberforce, Harriet Beecher Stowe, Abraham Lincoln - against Southern Protestants). Hugo Grotius and Samuel Pufendorf were among the first thinkers who made significant contributions to international law. The Geneva Convention, an important part of humanitarian international law, was largely the work of Henry Dunant, a reformed pietist. He also founded the Red Cross.', ""Modern chemistry emerged from the sixteenth through the eighteenth centuries through the material practices and theories promoted by alchemy, medicine, manufacturing and mining. A decisive moment came when 'chymistry' was distinguished from alchemy by Robert Boyle in his work The Sceptical Chymist, in 1661; although the alchemical tradition continued for some time after his work. Other important steps included the gravimetric experimental practices of medical chemists like William Cullen, Joseph Black, Torbern Bergman and Pierre Macquer and through the work of Antoine Lavoisier (Father of Modern Chemistry) on oxygen and the law of conservation of mass, which refuted phlogiston theory. The theory that all matter is made of atoms, which are the smallest constituents of matter that cannot be broken down without losing the basic chemical and physical properties of that matter, was provided by John Dalton in 1803, although the question took a hundred years to settle as proven. Dalton also formulated the law of mass relationships. In 1869, Dmitri Mendeleev composed his periodic table of elements on the basis of Dalton's discoveries.""]","[0.6749240159988403, 0.37232398986816406, 0.3624076843261719]",0.6749240159988403,0.8374620079994202,0.5140635659918189,,0.6749240159988403,0.02812713198363781,,0.6595928648952395,1.0,1.0,escalate
test,5727aeac3acd2414000de989,How many volumes are contained in the library?,18 million,18 million,['18 million'],['18 million'],18 million,"['18 million volumes', '18 million', 'over 18 million']",True,1.0,1.0,"[""Harvard is a large, highly residential research university. The nominal cost of attendance is high, but the University's large endowment allows it to offer generous financial aid packages. It operates several arts, cultural, and scientific museums, alongside the Harvard Library, which is the world's largest academic and private library system, comprising 79 individual libraries with over 18 million volumes. Harvard's alumni include eight U.S. presidents, several foreign heads of state, 62 living billionaires, 335 Rhodes Scholars, and 242 Marshall Scholars. To date, some 150 Nobel laureates, 18 Fields Medalists and 13 Turing Award winners have been affiliated as students, faculty, or staff."", 'The British Architectural Library, sometimes referred to as the RIBA Library, was established in 1834 upon the founding of the institute with donations from members. Now, with over four million items, it is one of the three largest architectural libraries in the world and the largest in Europe. Some items from the collections are on permanent display at the Victoria and Albert Museum (V&A) in the V&A + RIBA Architecture Gallery and included in temporary exhibitions at the RIBA and across Europe and North America. Its collections include:', 'NARA also maintains the Presidential Library system, a nationwide network of libraries for preserving and making available the documents of U.S. presidents since Herbert Hoover. The Presidential Libraries include:']","[0.4497345983982086, 0.42319002747535706, 0.35760074853897095]",0.4497345983982086,0.7248672991991043,0.5930325910449028,,0.4497345983982086,0.1860651820898056,,0.6523582097142935,1.0,1.0,escalate
test,56e756bc37bdd419002c3e97,What does co-teaching get the students to focus on?,learning,learning,['learning'],['learning'],learning,"['learning', 'learning', 'learning']",True,1.0,1.0,"['Co-teaching has also become a new trend amongst educational institutions. Co-teaching is defined as two or more teachers working harmoniously to fulfill the needs of every student in the classroom. Co-teaching focuses the student on learning by providing a social networking support that allows them to reach their full cognitive potential. Co-teachers work in sync with one another to create a climate of learning.', ""The functions of the teacher's colleges may include setting out clear standards of practice, providing for the ongoing education of teachers, investigating complaints involving members, conducting hearings into allegations of professional misconduct and taking appropriate disciplinary action and accrediting teacher education programs. In many situations teachers in publicly funded schools must be members in good standing with the college, and private schools may also require their teachers to be college peoples. In other areas these roles may belong to the State Board of Education, the Superintendent of Public Instruction, the State Education Agency or other governmental bodies. In still other areas Teaching Unions may be responsible for some or all of these duties."", ""Research shows that student motivation and attitudes towards school are closely linked to student-teacher relationships. Enthusiastic teachers are particularly good at creating beneficial relations with their students. Their ability to create effective learning environments that foster student achievement depends on the kind of relationship they build with their students. Useful teacher-to-student interactions are crucial in linking academic success with personal achievement. Here, personal success is a student's internal goal of improving himself, whereas academic success includes the goals he receives from his superior. A teacher must guide his student in aligning his personal goals with his academic goals. Students who receive this positive influence show stronger self-confidence and greater personal and academic success than those without these teacher interactions.""]","[0.7757455110549927, 0.4292195439338684, 0.3649599552154541]",0.7757455110549927,0.8878727555274963,0.5880186259746552,,0.7757455110549927,0.1760372519493103,,0.7229529842734337,1.0,1.0,flag
test,570d391fb3d812140066d576,Of what mountain system are the Victorian Alps a part?,Great Dividing Range,Great Dividing Range,['Great Dividing Range'],['Great Dividing Range'],Great Dividing Range,"['Great Dividing Range', 'the Great Dividing Range', 'Great Dividing Range']",True,1.0,1.0,"[""The Victorian Alps in the northeast are the coldest part of Victoria. The Alps are part of the Great Dividing Range mountain system extending east-west through the centre of Victoria. Average temperatures are less than 9 °C (48 °F) in winter and below 0 °C (32 °F) in the highest parts of the ranges. The state's lowest minimum temperature of −11.7 °C (10.9 °F) was recorded at Omeo on 13 June 1965, and again at Falls Creek on 3 July 1970. Temperature extremes for the state are listed in the table below:"", ""Crossing the Italian-Austrian border, the Brenner Pass separates the Ötztal Alps and Zillertal Alps and has been in use as a trading route since the 14th century. The lowest of the Alpine passes at 985 m (3,232 ft), the Semmering crosses from Lower Austria to Styria; since the 12th century when a hospice was built there it has seen continuous use. A railroad with a tunnel 1 mile (1.6 km) long was built along the route of the pass in the mid-19th century. With a summit of 2,469 m (8,100 ft), the Great St. Bernard Pass is one of the highest in the Alps, crossing the Italian-Swiss border east of the Pennine Alps along the flanks of Mont Blanc. The pass was used by Napoleon Bonaparte to cross 40,000 troops in 1800. The Saint Gotthard Pass crosses from Central Switzerland to Ticino; in the late 19th century the 14 km (9 mi) long Saint Gotthard Tunnel was built connecting Lucerne in Switzerland, with Milan in Italy. The Mont Cenis pass has been a major commercial road between Western Europe and Italy. Now the pass has been supplanted by the Fréjus Road and Rail tunnel. At 2,756 m (9,042 ft), the Stelvio Pass in northern Italy is one of the highest of the Alpine passes; the road was built in the 1820s. The highest pass in the alps is the col de l'Iseran in Savoy (France) at 2,770 m (9,088 ft)."", 'Agassiz studied glacier movement in the 1840s at the Unteraar Glacier where he found the glacier moved 100 m (328 ft) per year, more rapidly in the middle than at the edges. His work was continued by other scientists and now a permanent laboratory exists inside a glacier under the Jungfraujoch, devoted exclusively to the study of Alpine glaciers.']","[0.514244556427002, 0.3636249899864197, 0.2995520532131195]",0.514244556427002,0.757122278213501,0.6527190953493118,,0.514244556427002,0.30543819069862366,,0.6997005276381969,1.0,1.0,escalate
test,56bf3a223aeaaa14008c9576,What body part did Thomas Davis break during the NFC Championship Game?,ankle,ankle,['ankle'],['ankle'],ankle,"['arm', 'arm', 'arm']",True,1.0,1.0,"['Carolina suffered a major setback when Thomas Davis, an 11-year veteran who had already overcome three ACL tears in his career, went down with a broken arm in the NFC Championship Game. Despite this, he insisted he would still find a way to play in the Super Bowl. His prediction turned out to be accurate.', ""On Carolina's next possession fullback Mike Tolbert lost a fumble while being tackled by safety Darian Stewart, which linebacker Danny Trevathan recovered on the Broncos 40-yard line. However, the Panthers soon took the ball back when defensive end Kony Ealy tipped a Manning pass to himself and then intercepted it, returning the ball 19 yards to the Panthers 39-yard line with 1:55 left on the clock. The Panthers could not gain any yards with their possession and had to punt. After a Denver punt, Carolina drove to the Broncos 45-yard line. But with 11 seconds left, Newton was sacked by DeMarcus Ware as time expired in the half."", ""After a punt from both teams, Carolina got on track with a 9-play, 73-yard scoring drive. Newton completed 4 of 4 passes for 51 yards and rushed twice for 25 yards, while Jonathan Stewart finished the drive with a 1-yard touchdown run, cutting the score to 10–7 with 11:28 left in the second quarter. Later on, Broncos receiver Jordan Norwood received Brad Nortman's short 28-yard punt surrounded by Panthers players, but none of them attempted to make a tackle, apparently thinking Norwood had called a fair catch. Norwood had not done so, and with no resistance around him, he took off for a Super Bowl record 61-yard return before Mario Addison dragged him down on the Panthers 14-yard line. Despite Denver's excellent field position, they could not get the ball into the end zone, so McManus kicked a 33-yard field goal that increased their lead to 13–7.""]","[0.670250654220581, 0.4698101878166199, 0.46153342723846436]",0.670250654220581,0.8351253271102905,0.5835097283124924,,0.670250654220581,0.16701945662498474,,0.6967367477715016,0.0,0.0,escalate
test,5737432bc3c5551400e51e99,"Whose First Law of Motion says that unless acted upon be forces, objects would continue to move at a constant velocity?",Newton,Newton,['Newton'],['Newton'],Newton,"['Newton', ""Newton's"", ""Newton's"", ""Newton's"", ""Newton's""]",True,1.0,1.0,"['Newton\'s First Law of Motion states that objects continue to move in a state of constant velocity unless acted upon by an external net force or resultant force. This law is an extension of Galileo\'s insight that constant velocity was associated with a lack of net force (see a more detailed description of this below). Newton proposed that every object with mass has an innate inertia that functions as the fundamental equilibrium ""natural state"" in place of the Aristotelian idea of the ""natural state of rest"". That is, the first law contradicts the intuitive Aristotelian belief that a net force is required to keep an object moving with constant velocity. By making rest physically indistinguishable from non-zero constant velocity, Newton\'s First Law directly connects inertia with the concept of relative velocities. Specifically, in systems where objects are moving with different velocities, it is impossible to determine which object is ""in motion"" and which object is ""at rest"". In other words, to phrase matters more technically, the laws of physics are the same in every inertial frame of reference, that is, in all frames related by a Galilean transformation.', 'The rule of law is the legal principle that law should govern a nation, as opposed to being governed by arbitrary decisions of individual government officials. It primarily refers to the influence and authority of law within society, particularly as a constraint upon behaviour, including behaviour of government officials. The phrase can be traced back to 16th century Britain, and in the following century the Scottish theologian Samuel Rutherford used the phrase in his argument against the divine right of kings. The rule of law was further popularized in the 19th century by British jurist A. V. Dicey. The concept, if not the phrase, was familiar to ancient philosophers such as Aristotle, who wrote ""Law should govern"".', ""Through combining the definition of electric current as the time rate of change of electric charge, a rule of vector multiplication called Lorentz's Law describes the force on a charge moving in a magnetic field. The connection between electricity and magnetism allows for the description of a unified electromagnetic force that acts on a charge. This force can be written as a sum of the electrostatic force (due to the electric field) and the magnetic force (due to the magnetic field). Fully stated, this is the law:""]","[0.701897144317627, 0.37287065386772156, 0.31501129269599915]",0.701897144317627,0.8509485721588135,0.6865788996219635,,0.701897144317627,0.373157799243927,,0.7605452522635461,1.0,1.0,flag
test,57264cac708984140094c1b7,How was scarcity managed in many countries?,rationing,rationing,['rationing'],['rationing'],rationing,"['rationing', 'rationing', 'rationing', 'rationing', 'rationing']",True,3.0,0.3333333333333333,"['In the 1920s, John Maynard Keynes prompted a division between microeconomics and macroeconomics. Under Keynesian economics macroeconomic trends can overwhelm economic choices made by individuals. Governments should promote aggregate demand for goods as a means to encourage economic expansion. Following World War II, Milton Friedman created the concept of monetarism. Monetarism focuses on using the supply and demand of money as a method for controlling economic activity. In the 1970s, monetarism has adapted into supply-side economics which advocates reducing taxes as a means to increase the amount of money available for economic expansion.', 'Economist Joseph Stiglitz presented evidence in 2009 that both global inequality and inequality within countries prevent growth by limiting aggregate demand. Economist Branko Milanovic, wrote in 2001 that, ""The view that income inequality harms growth – or that improved equality can help sustain growth – has become more widely held in recent years. ... The main reason for this shift is the increasing importance of human capital in development. When physical capital mattered most, savings and investments were key. Then it was important to have a large contingent of rich people who could save a greater proportion of their income than the poor and invest it in physical capital. But now that human capital is scarcer than machines, widespread education has become the secret to growth.""', 'Price controls exacerbated the crisis in the US. The system limited the price of ""old oil"" (that which had already been discovered) while allowing newly discovered oil to be sold at a higher price to encourage investment. Predictably, old oil was withdrawn from the market, creating greater scarcity. The rule also discouraged development of alternative energies. The rule had been intended to promote oil exploration. Scarcity was addressed by rationing (as in many countries). Motorists faced long lines at gas stations beginning in summer 1972 and increasing by summer 1973.']","[0.4091041684150696, 0.40091362595558167, 0.3889356851577759]",0.4091041684150696,0.7045520842075348,0.5854747146368027,,0.4091041684150696,0.17094942927360535,,0.6390595309436322,1.0,1.0,escalate
