split,id,question,raw_prediction,cleaned_prediction,all_raw_predictions,all_cleaned_predictions,prediction,references,gold_context_retrieved,gold_context_rank,reciprocal_rank,retrieved_contexts,retrieval_scores,retrieval_top_score,retrieval_signal,faithfulness_signal,consistency_signal,retrieval_signal_raw,faithfulness_signal_raw,consistency_signal_raw,combined_confidence,exact_match,token_f1,small_prediction,small_exact_match,small_token_f1,large_raw_prediction,large_prediction,large_exact_match,large_token_f1,delegation_beneficial,delegation_harmful,delegation_em_gain,decision,delegation_policy,delegation_score,escalated,final_prediction,final_exact_match,final_token_f1,escalation_improved,escalation_harmed
calibration,573173d8497a881900248f0c,What percentage of Egyptians polled support death penalty for those leaving Islam?,84%,84%,['84%'],['84%'],84%,['84%'],True,1.0,1.0,"['The Pew Forum on Religion & Public Life ranks Egypt as the fifth worst country in the world for religious freedom. The United States Commission on International Religious Freedom, a bipartisan independent agency of the US government, has placed Egypt on its watch list of countries that require close monitoring due to the nature and extent of violations of religious freedom engaged in or tolerated by the government. According to a 2010 Pew Global Attitudes survey, 84% of Egyptians polled supported the death penalty for those who leave Islam; 77% supported whippings and cutting off of hands for theft and robbery; and 82% support stoning a person who commits adultery.', 'Throughout history, many rulers, empires and nations have oppressed their Jewish populations or sought to eliminate them entirely. Methods employed ranged from expulsion to outright genocide; within nations, often the threat of these extreme methods was sufficient to silence dissent. The history of antisemitism includes the First Crusade which resulted in the massacre of Jews; the Spanish Inquisition (led by Tomás de Torquemada) and the Portuguese Inquisition, with their persecution and autos-da-fé against the New Christians and Marrano Jews; the Bohdan Chmielnicki Cossack massacres in Ukraine; the Pogroms backed by the Russian Tsars; as well as expulsions from Spain, Portugal, England, France, Germany, and other countries in which the Jews had settled. According to a 2008 study published in the American Journal of Human Genetics, 19.8% of the modern Iberian population has Sephardic Jewish ancestry, indicating that the number of conversos may have been much higher than originally thought.', ""Christianity (59%), particularly Catholicism (33%), was the most prevalently practiced religion in New York as of 2014, followed by Judaism, with approximately 1.1 million Jews in New York City, over half living in Brooklyn. Islam ranks third in New York City, with official estimates ranging between 600,000 and 1,000,000 observers and including 10% of the city's public schoolchildren, followed by Hinduism, Buddhism, and a variety of other religions, as well as atheism. In 2014, 24% self-identified with no organized religious affiliation.""]","[0.6460010409355164, 0.4494521915912628, 0.3673992156982422]",0.6460010409355164,0.8230005204677582,0.5256646759808064,,0.6460010409355164,0.0513293519616127,,0.6594658059999348,1.0,1.0,84%,1.0,1.0,84%,84%,1.0,1.0,False,False,0.0,accept,ctd_style,0.49908144164390406,False,84%,1.0,1.0,False,False
calibration,57277e815951b619008f8b52,Ann Arbor ranks 1st among what goods sold?,books,books,['books'],['books'],books,['books'],True,1.0,1.0,"['The Ann Arbor Hands-On Museum is located in a renovated and expanded historic downtown fire station. Multiple art galleries exist in the city, notably in the downtown area and around the University of Michigan campus. Aside from a large restaurant scene in the Main Street, South State Street, and South University Avenue areas, Ann Arbor ranks first among U.S. cities in the number of booksellers and books sold per capita. The Ann Arbor District Library maintains four branch outlets in addition to its main downtown building. The city is also home to the Gerald R. Ford Presidential Library.', 'The Gold Standard Act of 1900 abandoned the bimetallic standard and defined the dollar as 23.22 grains (1.505 g) of gold, equivalent to setting the price of 1 troy ounce of gold at $20.67. Silver coins continued to be issued for circulation until 1964, when all silver was removed from dimes and quarters, and the half dollar was reduced to 40% silver. Silver half dollars were last issued for circulation in 1970. Gold coins were confiscated by Executive Order 6102 issued in 1933 by Franklin Roosevelt. The gold standard was changed to 13.71 grains (0.888 g), equivalent to setting the price of 1 troy ounce of gold at $35. This standard persisted until 1968.', 'The origins of the department store lay in the growth of the conspicuous consumer society at the turn of the 19th century. As the Industrial Revolution accelerated economy expansion, the affluent middle-class grew in size and wealth. This urbanized social group, sharing a culture of consumption and changing fashion, was the catalyst for the retail revolution. As rising prosperity and social mobility increased the number of people, especially women (who found they could shop unaccompanied at department stores without damaging their reputation), with disposable income in the late Georgian period, window shopping was transformed into a leisure activity and entrepreneurs, like the potter Josiah Wedgwood, pioneered the use of marketing techniques to influence the prevailing tastes and preferences of society.']","[0.43338656425476074, 0.2677421569824219, 0.25930994749069214]",0.43338656425476074,0.7166932821273804,0.5042479489929974,,0.43338656425476074,0.008495897985994816,,0.5998483489034698,1.0,1.0,books,1.0,1.0,books,books,1.0,1.0,False,False,0.0,accept,ctd_style,0.4986230851979365,False,books,1.0,1.0,False,False
calibration,5727e2483acd2414000deef0,"In developing countries, who makes most of the spending decisions?",women,women,['women'],['women'],women,['the executive'],True,1.0,1.0,"['One important aspect of the rule-of-law initiatives is the study and analysis of the rule of law’s impact on economic development. The rule-of-law movement cannot be fully successful in transitional and developing countries without an answer to the question: does the rule of law matter for economic development or not? Constitutional economics is the study of the compatibility of economic and financial decisions within existing constitutional law frameworks, and such a framework includes government spending on the judiciary, which, in many transitional and developing countries, is completely controlled by the executive. It is useful to distinguish between the two methods of corruption of the judiciary: corruption by the executive branch, in contrast to corruption by private actors.', 'Slow progress has led to frustration, expressed by executive director of the Global Fund to Fight AIDS, Tuberculosis and Malaria – Mark Dybul: ""we have the tools to end TB as a pandemic and public health threat on the planet, but we are not doing it."" Several international organizations are pushing for more transparency in treatment, and more countries are implementing mandatory reporting of cases to the government, although adherence is often sketchy. Commercial treatment-providers may at times overprescribe second-line drugs as well as supplementary treatment, promoting demands for further regulations. The government of Brazil provides universal TB-care, which reduces this problem. Conversely, falling rates of TB-infection may not relate to the number of programs directed at reducing infection rates, but may be tied to increased level of education, income and health of the population. Costs of the disease, as calculated by the World Bank in 2009 may exceed 150 billion USD per year in ""high burden"" countries. Lack of progress eradicating the disease may also be due to lack of patient follow-up – as among the 250M rural migrants in China.', 'Worldwide, more chickens are kept than any other type of poultry, with over 50 billion birds being raised each year as a source of meat and eggs. Traditionally, such birds would have been kept extensively in small flocks, foraging during the day and housed at night. This is still the case in developing countries, where the women often make important contributions to family livelihoods through keeping poultry. However, rising world populations and urbanization have led to the bulk of production being in larger, more intensive specialist units. These are often situated close to where the feed is grown or near to where the meat is needed, and result in cheap, safe food being made available for urban communities. Profitability of production depends very much on the price of feed, which has been rising. High feed costs could limit further development of poultry production.']","[0.3799927830696106, 0.35112905502319336, 0.3324423134326935]",0.3799927830696106,0.6899963915348053,0.4862979091703892,,0.3799927830696106,-0.02740418165922165,,0.5779622262343764,0.0,0.0,women,0.0,0.0,executive,executive,1.0,1.0,True,False,1.0,accept,ctd_style,0.49837709384934087,False,women,0.0,0.0,False,False
calibration,5728f5716aef0514001548cc,Who impressed Xavier by taking notes in church?,Francis,Francis,['Francis'],['Francis'],Francis,['Anjiro'],True,1.0,1.0,"['In December 1547, Francis was in Malacca (Malaysia) waiting to return to Goa (India) when he met a low-ranked samurai named Anjiro (possibly spelled ""Yajiro""). Anjiro was not an intellectual, but he impressed Xavier because he took careful notes of everything he said in church. Xavier made the decision to go to Japan in part because this low-ranking samurai convinced him in Portuguese that the Japanese people were highly educated and eager to learn. They were hard workers and respectful of authority. In their laws and customs they were led by reason, and, should the Christian faith convince them of its truth, they would accept it en masse.', 'Once at Golgotha, Jesus was offered wine mixed with gall to drink. Matthew\'s and Mark\'s Gospels record that he refused this. He was then crucified and hung between two convicted thieves. According to some translations from the original Greek, the thieves may have been bandits or Jewish rebels. According to Mark\'s Gospel, he endured the torment of crucifixion for some six hours from the third hour, at approximately 9 am, until his death at the ninth hour, corresponding to about 3 pm. The soldiers affixed a sign above his head stating ""Jesus of Nazareth, King of the Jews"" in three languages, divided his garments and cast lots for his seamless robe. The Roman soldiers did not break Jesus\' legs, as they did to the other two men crucified (breaking the legs hastened the crucifixion process), as Jesus was dead already. Each gospel has its own account of Jesus\' last words, seven statements altogether. In the Synoptic Gospels, various supernatural events accompany the crucifixion, including darkness, an earthquake, and (in Matthew) the resurrection of saints. Following Jesus\' death, his body was removed from the cross by Joseph of Arimathea and buried in a rock-hewn tomb, with Nicodemus assisting.', ""The English concentrated on the spirit of the events of Christ's life, not the literality of events. They neither expected nor sought the appearance of the stigmata or any other physical manifestation. They wanted to create in themselves that environment that allowed Jesus to fulfill His divine mission, insofar as they were able. At the center of this environment was love: the love that Christ showed for humanity in becoming human. Christ's love reveals the mercy of God and His care for His creation. English Dominican mystics sought through this love to become images of God. Love led to spiritual growth that, in turn, reflected an increase in love for God and humanity. This increase in universal love allowed men's wills to conform to God's will, just as Christ's will submitted to the Father's will.""]","[0.5183750987052917, 0.2828309237957001, 0.27169597148895264]",0.5183750987052917,0.7591875493526459,0.5974680781364441,,0.5183750987052917,0.19493615627288818,,0.6702418401837349,0.0,0.0,Francis,0.0,0.0,Anjiro,Anjiro,1.0,1.0,True,False,1.0,accept,ctd_style,0.4996877055580363,False,Francis,0.0,0.0,False,False
calibration,572826002ca10214002d9f16,What represents elements of the fundamental group?,loops,loops,['loops'],['loops'],loops,['loops'],True,1.0,1.0,"['Groups are also applied in many other mathematical areas. Mathematical objects are often examined by associating groups to them and studying the properties of the corresponding groups. For example, Henri Poincaré founded what is now called algebraic topology by introducing the fundamental group. By means of this connection, topological properties such as proximity and continuity translate into properties of groups.i[›] For example, elements of the fundamental group are represented by loops. The second image at the right shows some loops in a plane minus a point. The blue loop is considered null-homotopic (and thus irrelevant), because it can be continuously shrunk to a point. The presence of the hole prevents the orange loop from being shrunk to a point. The fundamental group of the plane with a point deleted turns out to be infinite cyclic, generated by the orange loop (or any other loop winding once around the hole). This way, the fundamental group detects the hole.', 'Protestants can be differentiated according to how they have been influenced by important movements since the Reformation, today regarded as branches. Some of these movements have a common lineage, sometimes directly spawning individual denominations. Due to the earlier stated multitude of denominations, this section discusses only the largest denominational families, or branches, widely considered to be a part of Protestantism. These are, in alphabetical order: Adventist, Anglican, Baptist, Calvinist (Reformed), Lutheran, Methodist and Pentecostal. A small but historically significant Anabaptist branch is also discussed.', 'The algae are a polyphyletic group and are placed in various divisions, some more closely related to plants than others. There are many differences between them in features such as cell wall composition, biochemistry, pigmentation, chloroplast structure and nutrient reserves. The algal division Charophyta, sister to the green algal division Chlorophyta, is considered to contain the ancestor of true plants. The Charophyte class Charophyceae and the land plant sub-kingdom Embryophyta together form the monophyletic group or clade Streptophytina.']","[0.5505719780921936, 0.2635997533798218, 0.24811334908008575]",0.5505719780921936,0.7752859890460968,0.6915057599544525,,0.5505719780921936,0.38301151990890503,,0.7292068630456925,1.0,1.0,loops,1.0,1.0,loops,loops,1.0,1.0,False,False,0.0,escalate,ctd_style,0.5007023950055312,True,loops,1.0,1.0,False,False
calibration,572692f4f1498d1400e8e437,What is the population of the Commonwealth?,2.2 billion,2 billion,['2.2 billion'],['2 billion'],2 billion,['2.2 billion'],True,1.0,1.0,"['Most former British colonies and protectorates are among the 53 member states of the Commonwealth of Nations, a non-political, voluntary association of equal members, comprising a population of around 2.2 billion people. Sixteen Commonwealth realms voluntarily continue to share the British monarch, Queen Elizabeth II, as their head of state. These sixteen nations are distinct and equal legal entities – the United Kingdom, Australia, Canada, New Zealand, Papua New Guinea, Antigua and Barbuda, The Bahamas, Barbados, Belize, Grenada, Jamaica, Saint Kitts and Nevis, Saint Lucia, Saint Vincent and the Grenadines, Solomon Islands and Tuvalu.', 'Other less likely contenders are Guam and the United States Virgin Islands, both of which are unincorporated organized territories of the United States. Also, the Northern Mariana Islands and American Samoa, an unorganized, unincorporated territory, could both attempt to gain statehood. Some proposals call for the Virgin Islands to be admitted with Puerto Rico as one state (often known as the proposed ""Commonwealth of Prusvi"", for Puerto Rico/U.S. Virgin Islands, or as ""Puerto Virgo""), and for the amalgamation of U.S. territories or former territories in the Pacific Ocean, in the manner of the ""Greater Hawaii"" concept of the 1960s. Guam and the Northern Mariana Islands would be admitted as one state, along with Palau, the Federated States of Micronesia, and the Marshall Islands (although these latter three entities are now separate sovereign nations, which have Compact of Free Association relationships with the United States). Such a state would have a population of 412,381 (slightly lower than Wyoming\'s population) and a land area of 911.82 square miles (2,361.6 km2) (slightly smaller than Rhode Island). American Samoa could possibly be part of such a state, increasing the population to 467,900 and the area to 988.65 square miles (2,560.6 km2). Radio Australia, in late May 2008, issued signs of Guam and the Northern Mariana Islands becoming one again and becoming the 51st state.', 'Melbourne (/ˈmɛlbərn/, AU i/ˈmɛlbən/) is the capital and most populous city in the Australian state of Victoria, and the second most populous city in Australia and Oceania. The name ""Melbourne"" refers to the area of urban agglomeration (as well as a census statistical division) spanning 9,900 km2 (3,800 sq mi) which comprises the broader metropolitan area, as well as being the common name for its city centre. The metropolis is located on the large natural bay of Port Phillip and expands into the hinterlands towards the Dandenong and Macedon mountain ranges, Mornington Peninsula and Yarra Valley. Melbourne consists of 31 municipalities. It has a population of 4,347,955 as of 2013, and its inhabitants are called Melburnians.']","[0.6327028274536133, 0.41498854756355286, 0.409334659576416]",0.6327028274536133,0.8163514137268066,0.5696466192603111,,0.6327028274536133,0.13929323852062225,,0.6806637767702342,0.0,0.5,2 billion,0.0,0.5,I do not know,I do not know,0.0,0.0,False,False,0.0,accept,ctd_style,0.4995246230040577,False,2 billion,0.0,0.5,False,False
calibration,57324e38e17f3d1400422823,What was Eisenhower's title after Germany's surrender?,Military Governor of the U.S. Occupation Zone,Military Governor of the U.S. Occupation Zone,['Military Governor of the U.S. Occupation Zone'],['Military Governor of the U.S. Occupation Zone'],Military Governor of the U.S. Occupation Zone,['Military Governor of the U.S. Occupation Zone'],True,1.0,1.0,"['Following the German unconditional surrender, Eisenhower was appointed Military Governor of the U.S. Occupation Zone, based at the IG Farben Building in Frankfurt am Main. He had no responsibility for the other three zones, controlled by Britain, France and the Soviet Union, except for the city of Berlin, which was managed by the Four-Power Authorities through the Allied Kommandatura as the governing body. Upon discovery of the Nazi concentration camps, he ordered camera crews to document evidence of the atrocities in them for use in the Nuremberg Trials. He reclassified German prisoners of war (POWs) in U.S. custody as Disarmed Enemy Forces (DEFs), who were no longer subject to the Geneva Convention. Eisenhower followed the orders laid down by the Joint Chiefs of Staff (JCS) in directive JCS 1067, but softened them by bringing in 400,000 tons of food for civilians and allowing more fraternization. In response to the devastation in Germany, including food shortages and an influx of refugees, he arranged distribution of American food and medical equipment. His actions reflected the new American attitudes of the German people as Nazi victims not villains, while aggressively purging the ex-Nazis.', 'The Soviet request to join NATO arose in the aftermath of the Berlin Conference of January–February 1954. Soviet foreign minister Molotov made proposals to have Germany reunified and elections for a pan-German government, under conditions of withdrawal of the four powers armies and German neutrality, but all were refused by the other foreign ministers, Dulles (USA), Eden (UK) and Bidault (France). Proposals for the reunification of Germany were nothing new: earlier on 20 March 1952, talks about a German reunification, initiated by the socalled \'Stalin Note\', ended after the United Kingdom, France, and the United States insisted that a unified Germany should not be neutral and should be free to join the European Defence Community and rearm. James Dunn (USA), who met in Paris with Eden, Adenauer and Robert Schuman (France), affirmed that ""the object should be to avoid discussion with the Russians and to press on the European Defense Community"". According to John Gaddis ""there was little inclination in Western capitals to explore this offer"" from USSR. While historian Rolf Steininger asserts that Adenauer\'s conviction that “neutralization means sovietization” was the main factor in the rejection of the soviet proposals, Adenauer also feared that unification might have resulted in the end of the CDU\'s dominance in the Bundestag.', 'Early in 1953, the French asked Eisenhower for help in French Indochina against the Communists, supplied from China, who were fighting the First Indochina War. Eisenhower sent Lt. General John W. ""Iron Mike"" O\'Daniel to Vietnam to study and assess the French forces there. Chief of Staff Matthew Ridgway dissuaded the President from intervening by presenting a comprehensive estimate of the massive military deployment that would be necessary. Eisenhower stated prophetically that ""this war would absorb our troops by divisions.""']","[0.42749136686325073, 0.3738785982131958, 0.36814084649086]",0.42749136686325073,0.7137456834316254,0.7007528841495514,,0.42749136686325073,0.4015057682991028,,0.7065996438264848,1.0,1.0,Military Governor of the U.S. Occupation Zone,1.0,1.0,Military Governor of the U.S. Occupation Zone,Military Governor of the U.S. Occupation Zone,1.0,1.0,False,False,0.0,escalate,ctd_style,0.5006624063760459,True,Military Governor of the U.S. Occupation Zone,1.0,1.0,False,False
calibration,56f8fa3c9b226e1400dd1212,These regions were occupied by who?,The brown men,The brown men,['The brown men'],['The brown men'],The brown men,['the brown men'],True,1.0,1.0,"['These regions were occupied by ""the brown men,"" with the yellow in the Far East and the black in Africa. The color issue was not settled until Kenya became independent in 1963, ending the last vestige of the British Empire.', ""Parthia was a north-eastern Iranian satrapy of the Achaemenid empire which later passed on to Alexander's empire. Under the Seleucids, Parthia was governed by various Greek satraps such as Nicanor and Philip (satrap). In 247 BC, following the death of Antiochus II Theos, Andragoras, the Seleucid governor of Parthia, proclaimed his independence and began minting coins showing himself wearing a royal diadem and claiming kingship. He ruled until 238 BCE when Arsaces, the leader of the Parni tribe conquered Parthia, killing Andragoras and inaugurating the Arsacid Dynasty. Antiochus III recaptured Arsacid controlled territory in 209 BC from Arsaces II. Arsaces II sued for peace became a vassal of the Seleucids and it was not until the reign of Phraates I (168–165 BCE), that the Arsacids would again begin to assert their independence."", ""Arab nationalists led by Egyptian President Gamal Abdel Nasser refused to recognize Israel, and called for its destruction. By 1966, Israeli-Arab relations had deteriorated to the point of actual battles taking place between Israeli and Arab forces. In May 1967, Egypt massed its army near the border with Israel, expelled UN peacekeepers, stationed in the Sinai Peninsula since 1957, and blocked Israel's access to the Red Sea[citation needed]. Other Arab states mobilized their forces. Israel reiterated that these actions were a casus belli. On 5 June 1967, Israel launched a pre-emptive strike against Egypt. Jordan, Syria and Iraq responded and attacked Israel. In a Six-Day War, Israel defeated Jordan and captured the West Bank, defeated Egypt and captured the Gaza Strip and Sinai Peninsula, and defeated Syria and captured the Golan Heights. Jerusalem's boundaries were enlarged, incorporating East Jerusalem, and the 1949 Green Line became the administrative boundary between Israel and the occupied territories.""]","[0.508236825466156, 0.341553270816803, 0.3370975852012634]",0.508236825466156,0.754118412733078,0.5453691147267818,,0.508236825466156,0.09073822945356369,,0.6393062988296152,1.0,1.0,The brown men,1.0,1.0,"""the brown men""",the brown men,1.0,1.0,False,False,0.0,accept,ctd_style,0.49913406974169094,False,The brown men,1.0,1.0,False,False
calibration,57342ac5d058e614000b6a8a,What could be done by understanding how the disease was transmitted?,developing hypotheses as to the route of transmission of the virus,developing hypotheses as to the route of transmission of the virus,['developing hypotheses as to the route of transmission of the virus'],['developing hypotheses as to the route of transmission of the virus'],developing hypotheses as to the route of transmission of the virus,['resources could be targeted to the communities at greatest risk'],True,1.0,1.0,"['There is usually an indication for a specific identification of an infectious agent only when such identification can aid in the treatment or prevention of the disease, or to advance knowledge of the course of an illness prior to the development of effective therapeutic or preventative measures. For example, in the early 1980s, prior to the appearance of AZT for the treatment of AIDS, the course of the disease was closely followed by monitoring the composition of patient blood samples, even though the outcome would not offer the patient any further treatment options. In part, these studies on the appearance of HIV in specific communities permitted the advancement of hypotheses as to the route of transmission of the virus. By understanding how the disease was transmitted, resources could be targeted to the communities at greatest risk in campaigns aimed at reducing the number of new infections. The specific serological diagnostic identification, and later genotypic or molecular identification, of HIV also enabled the development of hypotheses as to the temporal and geographical origins of the virus, as well as a myriad of other hypothesis. The development of molecular diagnostic tools have enabled physicians and researchers to monitor the efficacy of treatment with anti-retroviral drugs. Molecular diagnostics are now commonly used to identify HIV in healthy people long before the onset of illness and have been used to demonstrate the existence of people who are genetically resistant to HIV infection. Thus, while there still is no cure for AIDS, there is great therapeutic and predictive benefit to identifying the virus and monitoring the virus levels within the blood of infected individuals, both for the patient and for the community at large.', ""Disease can arise if the host's protective immune mechanisms are compromised and the organism inflicts damage on the host. Microorganisms can cause tissue damage by releasing a variety of toxins or destructive enzymes. For example, Clostridium tetani releases a toxin that paralyzes muscles, and staphylococcus releases toxins that produce shock and sepsis. Not all infectious agents cause disease in all hosts. For example, less than 5% of individuals infected with polio develop disease. On the other hand, some infectious agents are highly virulent. The prion causing mad cow disease and Creutzfeldt–Jakob disease invariably kills all animals and people that are infected."", 'Thus, the technological ability to detect any infectious agent rapidly and specifically are currently available. The only remaining blockades to the use of PCR as a standard tool of diagnosis are in its cost and application, neither of which is insurmountable. The diagnosis of a few diseases will not benefit from the development of PCR methods, such as some of the clostridial diseases (tetanus and botulism). These diseases are fundamentally biological poisonings by relatively small numbers of infectious bacteria that produce extremely potent neurotoxins. A significant proliferation of the infectious agent does not occur, this limits the ability of PCR to detect the presence of any bacteria.']","[0.48901399970054626, 0.45087429881095886, 0.41033774614334106]",0.48901399970054626,0.7445069998502731,0.7425597906112671,,0.48901399970054626,0.4851195812225342,,0.7434360347688198,0.0,0.1111111111111111,developing hypotheses as to the route of transmission of the virus,0.0,0.1111111111111111,targeting resources to the communities at greatest risk,targeting resources to the communities at greatest risk,0.0,0.75,False,False,0.0,escalate,ctd_style,0.5011657761968525,True,targeting resources to the communities at greatest risk,0.0,0.75,False,False
calibration,5729a5f51d046914007795a5,What kind of ants are symbolic among the Australian Aborigines?,honey ants,honey ants,['honey ants'],['honey ants'],honey ants,['honey ants'],True,1.0,1.0,"[""Scarab beetles held religious and cultural symbolism in Old Egypt, Greece and some shamanistic Old World cultures. The ancient Chinese regarded cicadas as symbols of rebirth or immortality. In Mesopotamian literature, the epic poem of Gilgamesh has allusions to Odonata which signify the impossibility of immortality. Amongst the Aborigines of Australia of the Arrernte language groups, honey ants and witchety grubs served as personal clan totems. In the case of the 'San' bush-men of the Kalahari, it is the praying mantis which holds much cultural significance including creation and zen-like patience in waiting.:9"", 'The second half of the 20th century to the present has seen a gradual shift towards improved human rights for Aboriginal people. In a 1967 referendum over 90% of the Australian population voted to end constitutional discrimination and to include Aborigines in the national census. During this period many Aboriginal activists began to embrace the term ""black"" and use their ancestry as a source of pride. Activist Bob Maza said:', 'Melbourne (/ˈmɛlbərn/, AU i/ˈmɛlbən/) is the capital and most populous city in the Australian state of Victoria, and the second most populous city in Australia and Oceania. The name ""Melbourne"" refers to the area of urban agglomeration (as well as a census statistical division) spanning 9,900 km2 (3,800 sq mi) which comprises the broader metropolitan area, as well as being the common name for its city centre. The metropolis is located on the large natural bay of Port Phillip and expands into the hinterlands towards the Dandenong and Macedon mountain ranges, Mornington Peninsula and Yarra Valley. Melbourne consists of 31 municipalities. It has a population of 4,347,955 as of 2013, and its inhabitants are called Melburnians.']","[0.460818886756897, 0.39580976963043213, 0.2897205352783203]",0.460818886756897,0.7304094433784485,0.6646380871534348,,0.460818886756897,0.3292761743068695,,0.694235197454691,1.0,1.0,honey ants,1.0,1.0,honey ants,honey ants,1.0,1.0,False,False,0.0,escalate,ctd_style,0.5003233052899828,True,honey ants,1.0,1.0,False,False
calibration,57270aeaf1498d1400e8f27f,Who blew up the HMS Jasper?,HMS Jasper,HMS Jasper,['HMS Jasper'],['HMS Jasper'],HMS Jasper,['The Cossacks'],True,1.0,1.0,"['In July 1855, the allied squadron tried to go past Taganrog to Rostov on Don, entering the Don River through the Mius River. On 12 July 1855 HMS Jasper grounded near Taganrog thanks to a fisherman who moved buoys into shallow water. The Cossacks captured the gunboat with all of its guns and blew it up. The third siege attempt was made 19–31 August 1855, but the city was already fortified and the squadron could not approach close enough for landing operations. The allied fleet left the Gulf of Taganrog on the 2nd September 1855, with minor military operations along the Azov Sea coast continuing until late autumn 1855.', ""In the First World War, Devonport was the headquarters of Western Approaches Command until 1941 and Sunderland flying boats were operated by the Royal Australian Air Force. It was an important embarkation point for US troops for D-Day. The city was heavily bombed by the Luftwaffe, in a series of 59 raids known as the Plymouth Blitz. Although the dockyards were the principal targets, much of the city centre and over 3,700 houses were completely destroyed and more than 1,000 civilians lost their lives. This was largely due to Plymouth's status as a major port Charles Church was hit by incendiary bombs and partially destroyed in 1941 during the Blitz, but has not been demolished, as it is now an official permanent monument to the bombing of Plymouth during World War II."", 'The Baltic was[when?] a forgotten theatre of the Crimean War. Popularisation of events elsewhere overshadowed the significance of this theatre, which was close to Saint Petersburg, the Russian capital. In April 1854 an Anglo-French fleet entered the Baltic to attack the Russian naval base of Kronstadt and the Russian fleet stationed there. In August 1854 the combined British and French fleet returned to Kronstadt for another attempt. The outnumbered Russian Baltic Fleet confined its movements to the areas around its fortifications. At the same time, the British and French commanders Sir Charles Napier and Alexandre Ferdinand Parseval-Deschenes—although they led the largest fleet assembled since the Napoleonic Wars—considered the Sveaborg fortress too well-defended to engage. Thus, shelling of the Russian batteries was limited to two attempts in the summers of 1854 and 1855, and initially, the attacking fleets limited their actions to blockading Russian trade in the Gulf of Finland. Naval attacks on other ports, such as the ones in the island of Hogland in the Gulf of Finland, proved more successful. Additionally, allies conducted raids on less fortified sections of the Finnish coast. These battles are known in Finland as the Åland war.']","[0.5416234135627747, 0.36227184534072876, 0.33336037397384644]",0.5416234135627747,0.7708117067813873,0.6885138154029846,,0.5416234135627747,0.37702763080596924,,0.725547866523266,0.0,0.0,HMS Jasper,0.0,0.0,the Cossacks,the Cossacks,1.0,1.0,True,False,1.0,escalate,ctd_style,0.5006613384168427,True,the Cossacks,1.0,1.0,True,False
calibration,572a1bcf3f37b319004786dc,What pigment was made by soaking copper plates in fermenting wine?,verdigris,verdigris,['verdigris'],['verdigris'],verdigris,['verdigris'],True,1.0,1.0,"['The Romans had a greater appreciation for the color green; it was the color of Venus, the goddess of gardens, vegetables and vineyards.The Romans made a fine green earth pigment, which was widely used in the wall paintings of Pompeii, Herculaneum, Lyon, Vaison-la-Romaine, and other Roman cities. They also used the pigment verdigris, made by soaking copper plates in fermenting wine. By the Second Century AD, the Romans were using green in paintings, mosaics and glass, and there were ten different words in Latin for varieties of green.', ""The use of uranium in its natural oxide form dates back to at least the year 79 CE, when it was used to add a yellow color to ceramic glazes. Yellow glass with 1% uranium oxide was found in a Roman villa on Cape Posillipo in the Bay of Naples, Italy, by R. T. Gunther of the University of Oxford in 1912. Starting in the late Middle Ages, pitchblende was extracted from the Habsburg silver mines in Joachimsthal, Bohemia (now Jáchymov in the Czech Republic), and was used as a coloring agent in the local glassmaking industry. In the early 19th century, the world's only known sources of uranium ore were these mines."", 'Many ancient civilizations alloyed metals for purely aesthetic purposes. In ancient Egypt and Mycenae, gold was often alloyed with copper to produce red-gold, or iron to produce a bright burgundy-gold. Gold was often found alloyed with silver or other metals to produce various types of colored gold. These metals were also used to strengthen each other, for more practical purposes. Copper was often added to silver to make sterling silver, increasing its strength for use in dishes, silverware, and other practical items. Quite often, precious metals were alloyed with less valuable substances as a means to deceive buyers. Around 250 BC, Archimedes was commissioned by the king to find a way to check the purity of the gold in a crown, leading to the famous bath-house shouting of ""Eureka!"" upon the discovery of Archimedes\' principle.']","[0.5547966957092285, 0.38785117864608765, 0.36578166484832764]",0.5547966957092285,0.7773983478546143,0.5710812583565712,,0.5547966957092285,0.1421625167131424,,0.6639239486306906,1.0,1.0,verdigris,1.0,1.0,verdigris,verdigris,1.0,1.0,False,False,0.0,accept,ctd_style,0.49945330964237383,False,verdigris,1.0,1.0,False,False
calibration,56e76d0b00c9c71400d7711c,In what decade did the LEAA conduct their investigation of crime and DST?,1970s,1970s,['1970s'],['1970s'],1970s,['1970s'],True,1.0,1.0,"['In the 1970s the US Law Enforcement Assistance Administration (LEAA) found a reduction of 10% to 13% in Washington, D.C.\'s violent crime rate during DST. However, the LEAA did not filter out other factors, and it examined only two cities and found crime reductions only in one and only in some crime categories; the DOT decided it was ""impossible to conclude with any confidence that comparable benefits would be found nationwide"". Outdoor lighting has a marginal and sometimes even contradictory influence on crime and fear of crime.', 'The most notable fraud conviction was that of Gordon Foxley, head of defence procurement at the Ministry of Defence from 1981 to 1984. Police claimed he received at least £3.5m in total in corrupt payments, such as substantial bribes from overseas arms contractors aiming to influence the allocation of contracts.', ""The U.S. Social Security Administration (SSA), which oversees the world's largest administrative judicial system under its Office of Disability Adjudication and Review (ODAR), has made extensive use of videoconferencing to conduct hearings at remote locations. In Fiscal Year (FY) 2009, the U.S. Social Security Administration (SSA) conducted 86,320 videoconferenced hearings, a 55% increase over FY 2008. In August 2010, the SSA opened its fifth and largest videoconferencing-only National Hearing Center (NHC), in St. Louis, Missouri. This continues the SSA's effort to use video hearings as a means to clear its substantial hearing backlog. Since 2007, the SSA has also established NHCs in Albuquerque, New Mexico, Baltimore, Maryland, Falls Church, Virginia, and Chicago, Illinois.""]","[0.6026880741119385, 0.3040844798088074, 0.3023902177810669]",0.6026880741119385,0.8013440370559692,0.5460781864821911,,0.6026880741119385,0.09215637296438217,,0.6609478192403913,1.0,1.0,1970s,1.0,1.0,1970s,1970s,1.0,1.0,False,False,0.0,accept,ctd_style,0.4992460185508782,False,1970s,1.0,1.0,False,False
calibration,56e10dbdcd28a01900c674e4,Who designed the COMPASS navigation system?,Sun Jiadong,Sun Jiadong,['Sun Jiadong'],['Sun Jiadong'],Sun Jiadong,['Sun Jiadong'],True,1.0,1.0,"['The ranging signals are based on the CDMA principle and have complex structure typical of Galileo or modernized GPS. Similar to the other GNSS, there will be two levels of positioning service: open and restricted (military). The public service shall be available globally to general users. When all the currently planned GNSS systems are deployed, the users will benefit from the use of a total constellation of 75+ satellites, which will significantly improve all the aspects of positioning, especially availability of the signals in so-called urban canyons. The general designer of the COMPASS navigation system is Sun Jiadong, who is also the general designer of its predecessor, the original BeiDou navigation system.', 'In 1827, Hungarian physicist Ányos Jedlik started experimenting with electromagnetic coils. After Jedlik solved the technical problems of the continuous rotation with the invention of the commutator, he called his early devices ""electromagnetic self-rotors"". Although they were used only for instructional purposes, in 1828 Jedlik demonstrated the first device to contain the three main components of practical DC motors: the stator, rotor and commutator. The device employed no permanent magnets, as the magnetic fields of both the stationary and revolving components were produced solely by the currents flowing through their windings.', 'Mechanical analog computers started appearing in the first century and were later used in the medieval era for astronomical calculations. In World War II, mechanical analog computers were used for specialized military applications such as calculating torpedo aiming. During this time the first electronic digital computers were developed. Originally they were the size of a large room, consuming as much power as several hundred modern personal computers (PCs).']","[0.669819176197052, 0.28859943151474, 0.27129074931144714]",0.669819176197052,0.834909588098526,0.58530043810606,,0.669819176197052,0.17060087621212006,,0.6976245556026697,1.0,1.0,Sun Jiadong,1.0,1.0,Sun Jiadong,Sun Jiadong,1.0,1.0,False,False,0.0,escalate,ctd_style,0.49972868932760395,True,Sun Jiadong,1.0,1.0,False,False
calibration,5727be06ff5b5019007d93fd,With whom does the primary responsibility for a student's leaning lie?,his house master,his house master,['his house master'],['his house master'],his house master,['House Master'],True,3.0,0.3333333333333333,"[""The functions of the teacher's colleges may include setting out clear standards of practice, providing for the ongoing education of teachers, investigating complaints involving members, conducting hearings into allegations of professional misconduct and taking appropriate disciplinary action and accrediting teacher education programs. In many situations teachers in publicly funded schools must be members in good standing with the college, and private schools may also require their teachers to be college peoples. In other areas these roles may belong to the State Board of Education, the Superintendent of Public Instruction, the State Education Agency or other governmental bodies. In still other areas Teaching Unions may be responsible for some or all of these duties."", 'Private schooling in the United States has been debated by educators, lawmakers and parents, since the beginnings of compulsory education in Massachusetts in 1852. The Supreme Court precedent appears to favor educational choice, so long as states may set standards for educational accomplishment. Some of the most relevant Supreme Court case law on this is as follows: Runyon v. McCrary, 427 U.S. 160 (1976); Wisconsin v. Yoder, 406 U.S. 205 (1972); Pierce v. Society of Sisters, 268 U.S. 510 (1925); Meyer v. Nebraska, 262 U.S. 390 (1923).', 'The primary responsibility for a boy\'s studies lies with his House Master, but he is assisted by an additional director of studies, known as a tutor. Classes, colloquially known as ""divs"" (divisions), are organised on a School basis; the classrooms are separate from the houses. New school buildings have appeared for teaching purposes every decade or so since New Schools, designed by Henry Woodyer and built 1861-3. Despite the introduction of modern technology, the external appearance and locations of many of the classrooms have remained unchanged for a long time.']","[0.3602656126022339, 0.30685847997665405, 0.296736478805542]",0.3602656126022339,0.6801328063011169,0.5075647765770555,,0.3602656126022339,0.015129553154110909,,0.5852203899528832,0.0,0.8,his house master,0.0,0.8,House Master,House Master,1.0,1.0,True,False,1.0,accept,ctd_style,0.4985766656257625,False,his house master,0.0,0.8,False,False
calibration,570df0740b85d914000d7c18,Children under what age often cannot comprehend sarcasm?,age nine,age nine,['age nine'],['age nine'],age nine,['nine'],True,1.0,1.0,"['The appearance of more systematic, abstract thinking is another notable aspect of cognitive development during adolescence. For example, adolescents find it easier than children to comprehend the sorts of higher-order abstract logic inherent in puns, proverbs, metaphors, and analogies. Their increased facility permits them to appreciate the ways in which language can be used to convey multiple messages, such as satire, metaphor, and sarcasm. (Children younger than age nine often cannot comprehend sarcasm at all.) This also permits the application of advanced reasoning and logical processes to social and ideological matters such as interpersonal relationships, politics, philosophy, religion, morality, friendship, faith, democracy, fairness, and honesty.', ""The U.S. Census Bureau reported that in 2000, 24.0% of San Diego residents were under 18, and 10.5% were 65 and over. As of 2011[update] the median age was 35.6; more than a quarter of residents were under age 20 and 11% were over age 65. Millennials (ages 18 through 34) constitute 27.1% of San Diego's population, the second-highest percentage in a major U.S. city. The San Diego County regional planning agency, SANDAG, provides tables and graphs breaking down the city population into 5-year age groups."", ""In terms of sexual identity, adolescence is when most gay/lesbian and transgender adolescents begin to recognize and make sense of their feelings. Many adolescents may choose to come out during this period of their life once an identity has been formed; many others may go through a period of questioning or denial, which can include experimentation with both homosexual and heterosexual experiences. A study of 194 lesbian, gay, and bisexual youths under the age of 21 found that having an awareness of one's sexual orientation occurred, on average, around age 10, but the process of coming out to peers and adults occurred around age 16 and 17, respectively. Coming to terms with and creating a positive LGBT identity can be difficult for some youth for a variety of reasons. Peer pressure is a large factor when youth who are questioning their sexuality or gender identity are surrounded by heteronormative peers and can cause great distress due to a feeling of being different from everyone else. While coming out can also foster better psychological adjustment, the risks associated are real. Indeed, coming out in the midst of a heteronormative peer environment often comes with the risk of ostracism, hurtful jokes, and even violence. Because of this, statistically the suicide rate amongst LGBT adolescents is up to four times higher than that of their heterosexual peers due to bullying and rejection from peers or family members.""]","[0.624869167804718, 0.24131084978580475, 0.23060017824172974]",0.624869167804718,0.812434583902359,0.6497525423765182,,0.624869167804718,0.2995050847530365,,0.7229594610631467,0.0,0.6666666666666666,age nine,0.0,0.6666666666666666,Age nine,Age nine,0.0,0.6666666666666666,False,False,0.0,escalate,ctd_style,0.5003499487260924,True,Age nine,0.0,0.6666666666666666,False,False
calibration,572835282ca10214002da0c8,What offshoots of polychaetes are unsegmented?,pogonophores,pogonophores,['pogonophores'],['pogonophores'],pogonophores,['echiurans and sipunculan'],True,1.0,1.0,"[""In addition to re-writing the classification of annelids and 3 previously independent phyla, the molecular phylogenetics analyses undermine the emphasis that decades of previous writings placed on the importance of segmentation in the classification of invertebrates. Polychaetes, which these analyses found to be the parent group, have completely segmented bodies, while polychaetes' echiurans and sipunculan offshoots are not segmented and pogonophores are segmented only in the rear parts of their bodies. It now seems that segmentation can appear and disappear much more easily in the course of evolution than was previously thought. The 2007 study also noted that the ladder-like nervous system, which is associated with segmentation, is less universal previously thought in both annelids and arthropods.[n 2]"", 'Development of the fertilized eggs is direct, in other words there is no distinctive larval form, and juveniles of all groups generally resemble miniature cydippid adults. In the genus Beroe the juveniles, like the adults, lack tentacles and tentacle sheaths. In most species the juveniles gradually develop the body forms of their parents. In some groups, such as the flat, bottom-dwelling platyctenids, the juveniles behave more like true larvae, as they live among the plankton and thus occupy a different ecological niche from their parents and attain the adult form by a more radical metamorphosis, after dropping to the sea-floor.', 'Unicode has the explicit aim of transcending the limitations of traditional character encodings, such as those defined by the ISO 8859 standard, which find wide usage in various countries of the world but remain largely incompatible with each other. Many traditional character encodings share a common problem in that they allow bilingual computer processing (usually using Latin characters and the local script), but not multilingual computer processing (computer processing of arbitrary scripts mixed with each other).']","[0.5537699460983276, 0.2804228663444519, 0.27370136976242065]",0.5537699460983276,0.7768849730491638,0.6492409408092499,,0.5537699460983276,0.29848188161849976,,0.7066807553172112,0.0,0.0,pogonophores,0.0,0.0,echiurans and sipunculan,echiurans and sipunculan,1.0,1.0,True,False,1.0,escalate,ctd_style,0.5002659085453193,True,echiurans and sipunculan,1.0,1.0,True,False
calibration,5727e8e73acd2414000def87,What has a strong influence over all aspect of Tibetans lives?,religion,religion,['religion'],['religion'],religion,['Religion'],True,1.0,1.0,"[""Religion is extremely important to the Tibetans and has a strong influence over all aspects of their lives. Bön is the ancient religion of Tibet, but has been almost eclipsed by Tibetan Buddhism, a distinctive form of Mahayana and Vajrayana, which was introduced into Tibet from the Sanskrit Buddhist tradition of northern India. Tibetan Buddhism is practiced not only in Tibet but also in Mongolia, parts of northern India, the Buryat Republic, the Tuva Republic, and in the Republic of Kalmykia and some other parts of China. During China's Cultural Revolution, nearly all Tibet's monasteries were ransacked and destroyed by the Red Guards. A few monasteries have begun to rebuild since the 1980s (with limited support from the Chinese government) and greater religious freedom has been granted – although it is still limited. Monks returned to monasteries across Tibet and monastic education resumed even though the number of monks imposed is strictly limited. Before the 1950s, between 10 and 20% of males in Tibet were monks."", 'Van Praag states that the Ming court established diplomatic delegations with Tibet merely to secure urgently needed horses. Wang and Nyima argue that these were not diplomatic delegations at all, that Tibetan areas were ruled by the Ming since Tibetan leaders were granted positions as Ming officials, that horses were collected from Tibet as a mandatory ""corvée"" tax, and therefore Tibetans were ""undertaking domestic affairs, not foreign diplomacy"". Sperling writes that the Ming simultaneously bought horses in the Kham region while fighting Tibetan tribes in Amdo and receiving Tibetan embassies in Nanjing. He also argues that the embassies of Tibetan lamas visiting the Ming court were for the most part efforts to promote commercial transactions between the lamas\' large, wealthy entourage and Ming Chinese merchants and officials. Kolmaš writes that while the Ming maintained a laissez-faire policy towards Tibet and limited the numbers of the Tibetan retinues, the Tibetans sought to maintain a tributary relationship with the Ming because imperial patronage provided them with wealth and power. Laird writes that Tibetans eagerly sought Ming court invitations since the gifts the Tibetans received for bringing tribute were much greater in value than the latter. As for the Yongle Emperor\'s gifts to his Tibetan and Nepalese vassals such as silver wares, Buddha relics, utensils for Buddhist temples and religious ceremonies, and gowns and robes for monks, Tsai writes ""in his effort to draw neighboring states to the Ming orbit so that he could bask in glory, the Yongle Emperor was quite willing to pay a small price"". The Information Office of the State Council of the PRC lists the Tibetan tribute items as oxen, horses, camels, sheep, fur products, medical herbs, Tibetan incenses, thangkas (painted scrolls), and handicrafts; while the Ming awarded Tibetan tribute-bearers an equal value of gold, silver, satin and brocade, bolts of cloth, grains, and tea leaves. Silk workshops during the Ming also catered specifically to the Tibetan market with silk clothes and furnishings featuring Tibetan Buddhist iconography.', 'Dvaitādvaita was proposed by Nimbarka, a 13th-century Vaishnava Philosopher from the Andhra region. According to this philosophy there are three categories of existence: Brahman, soul, and matter. Soul and matter are different from Brahman in that they have attributes and capacities different from Brahman. Brahman exists independently, while soul and matter are dependent. Thus soul and matter have an existence that is separate yet dependent. Further, Brahman is a controller, the soul is the enjoyer, and matter the thing enjoyed. Also, the highest object of worship is Krishna and his consort Radha, attended by thousands of gopis; of the Vrindavan; and devotion consists in self-surrender.']","[0.6264981627464294, 0.37904447317123413, 0.3228447437286377]",0.6264981627464294,0.8132490813732147,0.607515960931778,,0.6264981627464294,0.2150319218635559,,0.7000958651304245,1.0,1.0,religion,1.0,1.0,Religion,Religion,1.0,1.0,False,False,0.0,escalate,ctd_style,0.49991201886779385,True,Religion,1.0,1.0,False,False
calibration,57341fdd4776f419006618d5,What does the of toxin Clostridium tetani releases do?,paralyzes muscles,paralyzes muscles,['paralyzes muscles'],['paralyzes muscles'],paralyzes muscles,['paralyzes muscles'],True,1.0,1.0,"[""Disease can arise if the host's protective immune mechanisms are compromised and the organism inflicts damage on the host. Microorganisms can cause tissue damage by releasing a variety of toxins or destructive enzymes. For example, Clostridium tetani releases a toxin that paralyzes muscles, and staphylococcus releases toxins that produce shock and sepsis. Not all infectious agents cause disease in all hosts. For example, less than 5% of individuals infected with polio develop disease. On the other hand, some infectious agents are highly virulent. The prion causing mad cow disease and Creutzfeldt–Jakob disease invariably kills all animals and people that are infected."", 'Thus, the technological ability to detect any infectious agent rapidly and specifically are currently available. The only remaining blockades to the use of PCR as a standard tool of diagnosis are in its cost and application, neither of which is insurmountable. The diagnosis of a few diseases will not benefit from the development of PCR methods, such as some of the clostridial diseases (tetanus and botulism). These diseases are fundamentally biological poisonings by relatively small numbers of infectious bacteria that produce extremely potent neurotoxins. A significant proliferation of the infectious agent does not occur, this limits the ability of PCR to detect the presence of any bacteria.', 'The nitrogen fixing Rhizobia are an interesting case, wherein conjugative elements naturally engage in inter-kingdom conjugation. Such elements as the Agrobacterium Ti or Ri plasmids contain elements that can transfer to plant cells. Transferred genes enter the plant cell nucleus and effectively transform the plant cells into factories for the production of opines, which the bacteria use as carbon and energy sources. Infected plant cells form crown gall or root tumors. The Ti and Ri plasmids are thus endosymbionts of the bacteria, which are in turn endosymbionts (or parasites) of the infected plant.']","[0.5002514719963074, 0.4518897533416748, 0.26968759298324585]",0.5002514719963074,0.7501257359981537,0.5549307465553284,,0.5002514719963074,0.10986149311065674,,0.6427684918045997,1.0,1.0,paralyzes muscles,1.0,1.0,paralyzes muscles,paralyzes muscles,1.0,1.0,False,False,0.0,accept,ctd_style,0.4992247769592953,False,paralyzes muscles,1.0,1.0,False,False
calibration,56dde6309a695914005b9692,The Church of England uses what term that is held by two senior members of the College of Minor Canons of St. Pauls Catherdral?,cardinal,cardinal,['cardinal'],['cardinal'],cardinal,['tituli'],True,1.0,1.0,"['The term cardinal at one time applied to any priest permanently assigned or incardinated to a church, or specifically to the senior priest of an important church, based on the Latin cardo (hinge), meaning ""principal"" or ""chief"". The term was applied in this sense as early as the ninth century to the priests of the tituli (parishes) of the diocese of Rome. The Church of England retains an instance of this origin of the title, which is held by the two senior members of the College of Minor Canons of St Paul\'s Cathedral.', 'Protestants can be differentiated according to how they have been influenced by important movements since the Reformation, today regarded as branches. Some of these movements have a common lineage, sometimes directly spawning individual denominations. Due to the earlier stated multitude of denominations, this section discusses only the largest denominational families, or branches, widely considered to be a part of Protestantism. These are, in alphabetical order: Adventist, Anglican, Baptist, Calvinist (Reformed), Lutheran, Methodist and Pentecostal. A small but historically significant Anabaptist branch is also discussed.', ""Luther's Small Catechism proved especially effective in helping parents teach their children; likewise the Larger Catechism was effective for pastors. Using the German vernacular, they expressed the Apostles' Creed in simpler, more personal, Trinitarian language. He rewrote each article of the Creed to express the character of the Father, the Son, or the Holy Spirit. Luther's goal was to enable the catechumens to see themselves as a personal object of the work of the three persons of the Trinity, each of which works in the catechumen's life. That is, Luther depicted the Trinity not as a doctrine to be learned, but as persons to be known. The Father creates, the Son redeems, and the Spirit sanctifies, a divine unity with separate personalities. Salvation originates with the Father and draws the believer to the Father. Luther's treatment of the Apostles' Creed must be understood in the context of the Decalogue (the Ten Commandments) and the Lord's Prayer, which are also part of the Lutheran catechical teaching.""]","[0.605684757232666, 0.3825235068798065, 0.37721434235572815]",0.605684757232666,0.802842378616333,0.7200297713279724,,0.605684757232666,0.4400595426559448,,0.7572954446077347,0.0,0.0,cardinal,0.0,0.0,cardinal,cardinal,0.0,0.0,False,False,0.0,escalate,ctd_style,0.5010603782466702,True,cardinal,0.0,0.0,False,False
calibration,56d36db659d6e41400146378,Where studio hosts the live final rounds on American Idol?,CBS Television City,CBS Television City,['CBS Television City'],['CBS Television City'],CBS Television City,['CBS Television City'],True,2.0,0.5,"['On February 14, 2009, The Walt Disney Company debuted ""The American Idol Experience"" at its Disney\'s Hollywood Studios theme park at the Walt Disney World Resort in Florida. In this live production, co-produced by 19 Entertainment, park guests chose from a list of songs and auditioned privately for Disney cast members. Those selected then performed on a stage in a 1000-seat theater replicating the Idol set. Three judges, whose mannerisms and style mimicked those of the real Idol judges, critiqued the performances. Audience members then voted for their favorite performer. There were several preliminary-round shows during the day that culminated in a ""finals"" show in the evening where one of the winners of the previous rounds that day was selected as the overall winner. The winner of the finals show received a ""Dream Ticket"" that granted them front-of-the-line privileges at any future American Idol audition. The attraction closed on August 30, 2014.', ""The finals are broadcast in prime time from CBS Television City in Los Angeles, in front of a live studio audience. The finals lasted eight weeks in season one, eleven weeks in subsequent seasons until seasons ten and eleven which lasted twelve weeks except for season twelve, which lasted ten weeks, and season thirteen, which lasted for thirteen weeks. Each finalist performs songs based on a weekly theme which may be a musical genre such as Motown, disco, or big band, songs by artists such as Michael Jackson, Elvis Presley or The Beatles, or more general themes such as Billboard Number 1 hits or songs from the contestant's year of birth. Contestants usually work with a celebrity mentor related to the theme. In season ten, Jimmy Iovine was brought in as a mentor for the season. Initially the contestants sing one song each week, but this is increased to two songs from top four or five onwards, then three songs for the top two or three."", 'American Idol is broadcast to over 100 nations outside of the United States. In most nations these are not live broadcasts and may be tape delayed by several days or weeks. In Canada, the first thirteen seasons of American Idol were aired live by CTV and/or CTV Two, in simulcast with Fox. CTV dropped Idol after its thirteenth season and in August 2014, Yes TV announced that it had picked up Canadian rights to American Idol beginning in its 2015 season.']","[0.5281654596328735, 0.4638821482658386, 0.38073891401290894]",0.5281654596328735,0.7640827298164368,0.5695522949099541,,0.5281654596328735,0.13910458981990814,,0.6570909906178712,1.0,1.0,CBS Television City,1.0,1.0,CBS Television City,CBS Television City,1.0,1.0,False,False,0.0,accept,ctd_style,0.4994079079650776,False,CBS Television City,1.0,1.0,False,False
calibration,572962d53f37b31900478302,During what years did Austria rule Palermo?,1713-1718,1713-1718,['1713-1718'],['1713-1718'],1713-1718,['1720 and 1734'],True,1.0,1.0,"[""Sicily fell under the control of the Holy Roman Empire in 1194. Palermo was the preferred city of the Emperor Frederick II. Muslims of Palermo emigrated or were expelled during Holy Roman rule. After an interval of Angevin rule (1266–1282), Sicily came under control of the Aragon and Barcelona dynasties. By 1330, Palermo's population had declined to 51,000. From 1479 until 1713 Palermo was ruled by the Kingdom of Spain, and again between 1717 and 1718. Palermo was also under Savoy control between 1713 and 1717 and 1718–1720 as a result of the Treaty of Utrecht. It was also ruled by Austria between 1720 and 1734."", 'Suleiman the Magnificent (1520–1566) captured Belgrade in 1521, conquered the southern and central parts of the Kingdom of Hungary as part of the Ottoman–Hungarian Wars,[not in citation given] and, after his historical victory in the Battle of Mohács in 1526, he established Turkish rule in the territory of present-day Hungary (except the western part) and other Central European territories. He then laid siege to Vienna in 1529, but failed to take the city. In 1532, he made another attack on Vienna, but was repulsed in the Siege of Güns. Transylvania, Wallachia and, intermittently, Moldavia, became tributary principalities of the Ottoman Empire. In the east, the Ottoman Turks took Baghdad from the Persians in 1535, gaining control of Mesopotamia and naval access to the Persian Gulf. In 1555, the Caucasus became officially partitioned for the first time between the Safavids and the Ottomans, a status quo that would remain until the end of the Russo-Turkish War (1768–74). By this partitioning of the Caucasus as signed in the Peace of Amasya, Western Armenia, and Western Georgia fell into Ottoman hands, while Dagestan, Eastern Armenia, Eastern Georgia, and Azerbaijan remained Persian.', 'Between 301 and 219 BCE the Ptolemies ruled Judea in relative peace, and Jews often found themselves working in the Ptolemaic administration and army, which led to the rise of a Hellenized Jewish elite class (e.g. the Tobiads). The wars of Antiochus III brought the region into the Seleucid empire; Jerusalem fell to his control in 198 and the Temple was repaired and provided with money and tribute. Antiochus IV Epiphanes sacked Jerusalem and looted the Temple in 169 BCE after disturbances in Judea during his abortive invasion of Egypt. Antiochus then banned key Jewish religious rites and traditions in Judea. He may have been attempting to Hellenize the region and unify his empire and the Jewish resistance to this eventually led to an escalation of violence. Whatever the case, tensions between pro and anti-Seleucid Jewish factions led to the 174–135 BCE Maccabean Revolt of Judas Maccabeus (whose victory is celebrated in the Jewish festival of Hanukkah).']","[0.7026765942573547, 0.3194950520992279, 0.29703330993652344]",0.7026765942573547,0.8513382971286774,0.6025453209877014,,0.7026765942573547,0.20509064197540283,,0.7145021602511406,0.0,0.0,1713-1718,0.0,0.0,1720–1734,1720–1734,0.0,0.0,False,False,0.0,escalate,ctd_style,0.4999446055676641,True,1720–1734,0.0,0.0,False,False
calibration,573424434776f41900661941,What was the population of the state in 2015?,"1,032,949","1,032,949","['1,032,949']","['1,032,949']","1,032,949","['1,032,949']",True,1.0,1.0,"[""The United States Census Bureau estimates that the population of Montana was 1,032,949 on July 1, 2015, a 4.40% increase since the 2010 United States Census. The 2010 census put Montana's population at 989,415 which is an increase of 43,534 people, or 4.40 percent, since 2010. During the first decade of the new century, growth was mainly concentrated in Montana's seven largest counties, with the highest percentage growth in Gallatin County, which saw a 32 percent increase in its population from 2000-2010. The city seeing the largest percentage growth was Kalispell with 40.1 percent, and the city with the largest increase in actual residents was Billings with an increase in population of 14,323 from 2000-2010."", ""As of the 2010 United States Census, southern California has a population of 22,680,010. Despite a reputation for high growth rates, southern California's rate grew less than the state average of 10.0% in the 2000s as California's growth became concentrated in the northern part of the state due to a stronger, tech-oriented economy in the Bay Area and an emerging Greater Sacramento region."", 'Population growth is higher than the national average, with a 6.4% increase, in the Somerset County Council area, since 1991, and a 17% increase since 1981. The population density is 1.4 persons per hectare, which can be compared to 2.07 persons per hectare for the South West region. Within the county, population density ranges 0.5 in West Somerset to 2.2 persons per hectare in Taunton Deane. The percentage of the population who are economically active is higher than the regional and national average, and the unemployment rate is lower than the regional and national average.']","[0.4955950379371643, 0.44473838806152344, 0.35278159379959106]",0.4955950379371643,0.7477975189685822,0.5351520627737045,,0.4955950379371643,0.07030412554740906,,0.6308425180613995,1.0,1.0,"1,032,949",1.0,1.0,"1,032,949","1,032,949",1.0,1.0,False,False,0.0,accept,ctd_style,0.49901370271205325,False,"1,032,949",1.0,1.0,False,False
calibration,5725187a0ba9f01400d97c57,Where did the degrees of Freemasonry derived from?,from the local fraternities of stonemasons,from the local fraternities of stonemasons,['from the local fraternities of stonemasons'],['from the local fraternities of stonemasons'],from the local fraternities of stonemasons,['the three grades of medieval craft guilds'],True,1.0,1.0,"['Freemasonry consists of fraternal organisations that trace their origins to the local fraternities of stonemasons, which from the end of the fourteenth century regulated the qualifications of stonemasons and their interaction with authorities and clients. The degrees of freemasonry retain the three grades of medieval craft guilds, those of Apprentice, Journeyman or fellow (now called Fellowcraft), and Master Mason. These are the degrees offered by Craft (or Blue Lodge) Freemasonry. Members of these organisations are known as Freemasons or Masons. There are additional degrees, which vary with locality and jurisdiction, and are usually administered by different bodies than the craft degrees.', 'English Freemasonry spread to France in the 1720s, first as lodges of expatriates and exiled Jacobites, and then as distinctively French lodges which still follow the ritual of the Moderns. From France and England, Freemasonry spread to most of Continental Europe during the course of the 18th century. The Grande Loge de France formed under the Grand Mastership of the Duke of Clermont, who exercised only nominal authority. His successor, the Duke of Orléans, reconstituted the central body as the Grand Orient de France in 1773. Briefly eclipsed during the French Revolution, French Freemasonry continued to grow in the next century.', 'The university first offered graduate degrees, in the form of a Master of Arts (MA), in the 1854–1855 academic year. The program expanded to include Master of Laws (LL.M.) and Master of Civil Engineering in its early stages of growth, before a formal graduate school education was developed with a thesis not required to receive the degrees. This changed in 1924 with formal requirements developed for graduate degrees, including offering Doctorate (PhD) degrees. Today each of the five colleges offer graduate education. Most of the departments from the College of Arts and Letters offer PhD programs, while a professional Master of Divinity (M.Div.) program also exists. All of the departments in the College of Science offer PhD programs, except for the Department of Pre-Professional Studies. The School of Architecture offers a Master of Architecture, while each of the departments of the College of Engineering offer PhD programs. The College of Business offers multiple professional programs including MBA and Master of Science in Accountancy programs. It also operates facilities in Chicago and Cincinnati for its executive MBA program. Additionally, the Alliance for Catholic Education program offers a Master of Education program where students study at the university during the summer and teach in Catholic elementary schools, middle schools, and high schools across the Southern United States for two school years.']","[0.6370137333869934, 0.5120272040367126, 0.2987251579761505]",0.6370137333869934,0.8185068666934967,0.7468714714050293,,0.6370137333869934,0.4937429428100586,,0.7791073992848396,0.0,0.1818181818181818,from the local fraternities of stonemasons,0.0,0.1818181818181818,stonemasons,stonemasons,0.0,0.0,False,False,0.0,escalate,ctd_style,0.5013745148601878,True,stonemasons,0.0,0.0,False,False
calibration,56f993459e9bad19000a0afc,What neighbours south Jiangsu to the north?,south,south,['south'],['south'],south,['Zhejiang'],True,1.0,1.0,"['Since ancient times, north Zhejiang and neighbouring south Jiangsu have been famed for their prosperity and opulence[citation needed], and simply inserting north Zhejiang place names (Hangzhou, Jiaxing, etc.) into poetry gave an effect of dreaminess, a practice followed by many noted poets. In particular, the fame of Hangzhou (as well as Suzhou in neighbouring Jiangsu province) has led to the popular saying: ""Above there is heaven; below there is Suzhou and Hangzhou"" (上有天堂，下有苏杭), a saying that continues to be a source of pride for the people of these two still prosperous cities.', ""Surrounded by the Yangtze River and mountains, Nanjing also enjoys beautiful natural scenery. Natural lakes such as Xuanwu Lake and Mochou Lake are located in the centre of the city and are easily accessible to the public, while hills like Purple Mountain are covered with evergreens and oaks and host various historical and cultural sites. Sun Quan relocated his capital to Nanjing after Liu Bei's suggestion as Liu Bei was impressed by Nanjing's impeccable geographic position when negotiating an alliance with Sun Quan. Sun Quan then renamed the city from Moling (秣陵) to Jianye (建鄴) shortly thereafter."", 'The Amoy dialect (Xiamen) is a hybrid of the Quanzhou and Zhangzhou dialects. Taiwanese is also a hybrid of these two dialects. Taiwanese in northern Taiwan tends to be based on the Quanzhou variety, whereas the Taiwanese spoken in southern Taiwan tends to be based on Zhangzhou speech. There are minor variations in pronunciation and vocabulary between Quanzhou and Zhangzhou dialects. The grammar is generally the same. Additionally, extensive contact with the Japanese language has left a legacy of Japanese loanwords in Taiwanese Hokkien. On the other hand, the variants spoken in Singapore and Malaysia have a substantial number of loanwords from Malay and to a lesser extent, from English and other Chinese varieties, such as the closely related Teochew and some Cantonese.']","[0.4799535274505615, 0.4096604585647583, 0.3629443049430847]",0.4799535274505615,0.7399767637252808,0.563540905714035,,0.4799535274505615,0.12708181142807007,,0.6429370418190956,0.0,0.0,south,0.0,0.0,north Zhejiang,north Zhejiang,0.0,0.6666666666666666,False,False,0.0,accept,ctd_style,0.4992919470553277,False,south,0.0,0.0,False,False
calibration,57338992d058e614000b5cd8,How many restaurants does the island have?,over 70,over 70,['over 70'],['over 70'],over 70,['over 70'],True,1.0,1.0,"['French cuisine, West Indian cuisine, Creole cuisine, Italian cuisine and Asian cuisine are common in St. Barthélemy. The island has over 70 restaurants serving many dishes and others are a significant number of gourmet restaurants; many of the finest restaurants are located in the hotels. There are also a number of snack restaurants which the French call ""les snacks"" or ""les petits creux"" which include sandwiches, pizzas and salads. West Indian cuisine, steamed vegetables with fresh fish is common; Creole dishes tend to be spicier. The island hosts gastronomic events throughout the year, with dishes such as spring roll of shrimp and bacon, fresh grilled lobster, Chinese noodle salad with coconut milk, and grilled beef fillet etc.', 'Saint FM provided a local radio service for the island which was also available on internet radio and relayed in Ascension Island. The station was not government funded. It was launched in January 2005 and closed on 21 December 2012. It broadcast news, features and music in collaboration with its sister newspaper, the St Helena Independent (which continues).', 'Qado or lunch is often elaborate. Varieties of bariis (rice), the most popular probably being basmati, usually serve as the main dish. Spices like cumin, cardamom, cloves, cinnamon, and garden sage are used to aromatize these different rice delicacies. Somalis eat dinner as late as 9 pm. During Ramadan, supper is often served after Tarawih prayers; sometimes as late as 11 pm.']","[0.602091372013092, 0.3379500210285187, 0.3322778344154358]",0.602091372013092,0.801045686006546,0.5171817503869534,,0.602091372013092,0.03436350077390671,,0.64492052141577,1.0,1.0,over 70,1.0,1.0,over 70,over 70,1.0,1.0,False,False,0.0,accept,ctd_style,0.4989445124478883,False,over 70,1.0,1.0,False,False
calibration,57295d901d04691400779335,What is the largest athletic organisation in the country?,Deutscher Fußballbund,Deutscher Fußballbund,['Deutscher Fußballbund'],['Deutscher Fußballbund'],Deutscher Fußballbund,['German Football Federation'],True,1.0,1.0,"['Sport forms an integral part of German life, as demonstrated by the fact that 27 million Germans are members of a sports club and an additional twelve million pursue such an activity individually. Football is by far the most popular sport, and the German Football Federation (Deutscher Fußballbund) with more than 6.3 million members is the largest athletic organisation in the country. It also attracts the greatest audience, with hundreds of thousands of spectators attending Bundesliga matches and millions more watching on television.', ""The city's National Basketball Association teams are the Brooklyn Nets and the New York Knicks, while the New York Liberty is the city's Women's National Basketball Association. The first national college-level basketball championship, the National Invitation Tournament, was held in New York in 1938 and remains in the city. The city is well known for its links to basketball, which is played in nearly every park in the city by local youth, many of whom have gone on to play for major college programs and in the NBA."", ""The city is also well provided for in amateur men's and women's rugby with a number of teams in and around the city, the oldest of which is Trojans RFC who were promoted to London South West 2 division in 2008/9. A notable former player is Anthony Allen, who played with Leicester Tigers as a centre. Tottonians are also in London South West division 2 and Southampton RFC are in Hampshire division 1 in 2009/10, alongside Millbrook RFC and Eastleigh RFC. Many of the sides run mini and midi teams from under sevens up to under sixteens for both boys and girls.""]","[0.5423827171325684, 0.3710835874080658, 0.3079853057861328]",0.5423827171325684,0.7711913585662842,0.6679522693157196,,0.5423827171325684,0.3359045386314392,,0.7144098594784737,0.0,0.0,Deutscher Fußballbund,0.0,0.0,German Football Federation (Deutscher Fußballbund),German Football Federation (Deutscher Fußballbund),0.0,0.7499999999999999,False,False,0.0,escalate,ctd_style,0.5004481089974102,True,German Football Federation (Deutscher Fußballbund),0.0,0.7499999999999999,False,False
calibration,57281e1d4b864d19001644cf,What was the first country to be able to buy the new DualShock 3 in stores?,Japan,Japan,['Japan'],['Japan'],Japan,['Japan'],True,1.0,1.0,"['At its press conference at the 2007 Tokyo Game Show, Sony announced DualShock 3 (trademarked DUALSHOCK 3), a PlayStation 3 controller with the same function and design as Sixaxis, but with vibration capability included. Hands-on accounts describe the controller as being noticeably heavier than the standard Sixaxis controller and capable of vibration forces comparable to DualShock 2. It was released in Japan on November 11, 2007; in North America on April 5, 2008; in Australia on April 24, 2008; in New Zealand on May 9, 2008; in mainland Europe on July 2, 2008, and in the United Kingdom and Ireland on July 4, 2008.', ""The Macintosh SE was released at the same time as the Macintosh II for $2900 (or $3900 with hard drive), as the first compact Mac with a 20 MB internal hard drive and an expansion slot. The SE's expansion slot was located inside the case along with the CRT, potentially exposing an upgrader to high voltage. For this reason, Apple recommended users bring their SE to an authorized Apple dealer to have upgrades performed. The SE also updated Jerry Manock and Terry Oyama's original design and shared the Macintosh II's Snow White design language, as well as the new Apple Desktop Bus (ADB) mouse and keyboard that had first appeared on the Apple IIGS some months earlier."", 'The system was originally targeted for release in the spring of 1985, but the release date was pushed back. After test-marketing in the New York City area in late fall, retailers had reportedly stated the system ""failed miserably"".[contradictory] While others stated that Nintendo had an excellent nine-week market test in New York last fall Due to the moderate success launch in New York City, Nintendo tried a second time; the system was test-marketed further beginning in February 1986, with the nationwide release occurring in September 1986.']","[0.6169241666793823, 0.4044341742992401, 0.3601495027542114]",0.6169241666793823,0.8084620833396912,0.5755311846733093,,0.6169241666793823,0.15106236934661865,,0.6803500890731813,1.0,1.0,Japan,1.0,1.0,Australia,Australia,0.0,0.0,False,True,-1.0,accept,ctd_style,0.4995684198096606,False,Japan,1.0,1.0,False,False
calibration,5730f4a1497a881900248aa7,What is the arid measurement in Namibia?,300 to 500 mm,300 to 500 mm,['300 to 500 mm'],['300 to 500 mm'],300 to 500 mm,['150 to 300 mm'],True,1.0,1.0,"['Namibia extends from 17°S to 25°S: climatically the range of the sub-Tropical High Pressure Belt, arid is the overall climate description descending from the Sub-Humid (mean rain above 500 mm) through Semi-Arid between 300 and 500 mm (embracing most of the waterless Kalahari) and Arid from 150 to 300 mm (these three regions are inland from the western escarpment) to the Hyper-Arid coastal plain with less than a 100 mm mean. Temperature maxima are limited by the overall elevation of the entire region: only in the far south, Warmbad for instance, are mid-40 °C maxima recorded.', 'The South Saharan steppe and woodlands ecoregion is a narrow band running east and west between the hyper-arid Sahara and the Sahel savannas to the south. Movements of the equatorial Intertropical Convergence Zone (ITCZ) bring summer rains during July and August which average 100 to 200 mm (3.9 to 7.9 in) but vary greatly from year to year. These rains sustain summer pastures of grasses and herbs, with dry woodlands and shrublands along seasonal watercourses. This ecoregion covers 1,101,700 km2 (425,400 mi2) in Algeria, Chad, Mali, Mauritania, and Sudan.', ""In 1993, the newly formed government of Namibia received funding from the United States Agency for International Development (USAID) through its Living in a Finite Environment (LIFE) Project. The Ministry of Environment and Tourism with the financial support from organisations such as USAID, Endangered Wildlife Trust, WWF, and Canadian Ambassador's Fund, together form a Community Based Natural Resource Management (CBNRM) support structure. The main goal of this project is promote sustainable natural resource management by giving local communities rights to wildlife management and tourism.""]","[0.7058377265930176, 0.5216886401176453, 0.42034775018692017]",0.7058377265930176,0.8529188632965088,0.5413465201854706,,0.7058377265930176,0.08269304037094116,,0.6815540745854378,0.0,0.75,300 to 500 mm,0.0,0.75,150 to 300 mm,150 to 300 mm,1.0,1.0,True,False,1.0,accept,ctd_style,0.4993109529109838,False,300 to 500 mm,0.0,0.75,False,False
calibration,573075b12461fd1900a9ce27,When was Two Stars for Peace published?,2003,2003,['2003'],['2003'],2003,['2003'],True,1.0,1.0,"['Several websites assert that Israel is the 51st state due to the annual funding and defense support it receives from the United States. An example of this concept can be found in 2003 when Martine Rothblatt published a book called Two Stars for Peace that argued for the addition of Israel and the Palestinian territories surrounding it as the 51st state in the Union. The American State of Canaan, is a book published by Prof. Alfred de Grazia, political science and sociologist, in March 2009, proposing the creation of the 51st and 52nd states from Israel and the Palestinian territories.', ""In 1993, the league staged its first All-Star Game in Des Moines, Iowa, the future home of the long-running Iowa Barnstormers, as a fundraiser for flood victims in the area. The National Conference defeated the American Conference 64–40 in front of a crowd of 7,189. The second Allstar game was in Oct. 2013, with two games, the first in Honolulu, Hawai'i, the second being in Beijing, China."", 'Also in 2005, Spielberg directed a modern adaptation of War of the Worlds (a co-production of Paramount and DreamWorks), based on the H. G. Wells book of the same name (Spielberg had been a huge fan of the book and the original 1953 film). It starred Tom Cruise and Dakota Fanning, and, as with past Spielberg films, Industrial Light & Magic (ILM) provided the visual effects. Unlike E.T. and Close Encounters of the Third Kind, which depicted friendly alien visitors, War of the Worlds featured violent invaders. The film was another huge box office smash, grossing over $591 million worldwide.']","[0.4665856957435608, 0.2707844376564026, 0.24358688294887543]",0.4665856957435608,0.7332928478717804,0.5546887591481209,,0.4665856957435608,0.10937751829624176,,0.6350605990737677,1.0,1.0,2003,1.0,1.0,2003,2003,1.0,1.0,False,False,0.0,accept,ctd_style,0.4991849863574026,False,2003,1.0,1.0,False,False
calibration,573386274776f41900660c91,Why is there difficulty in defining process theology ?,process theologians are so diverse and transdisciplinary in their views and interests,process theologians are so diverse and transdisciplinary in their views and interests,['process theologians are so diverse and transdisciplinary in their views and interests'],['process theologians are so diverse and transdisciplinary in their views and interests'],process theologians are so diverse and transdisciplinary in their views and interests,['process theologians are so diverse and transdisciplinary in their views and interests'],True,1.0,1.0,"['In fact, process theology is difficult to define because process theologians are so diverse and transdisciplinary in their views and interests. John B. Cobb, Jr. is a process theologian who has also written books on biology and economics. Roland Faber and Catherine Keller integrate Whitehead with poststructuralist, postcolonialist, and feminist theory. Charles Birch was both a theologian and a geneticist. Franklin I. Gamwell writes on theology and political theory. In Syntheism - Creating God in The Internet Age, futurologists Alexander Bard and Jan Söderqvist repeatedly credit Whitehead for the process theology they see rising out of the participatory culture expected to dominate the digital era.', ""Luther's Small Catechism proved especially effective in helping parents teach their children; likewise the Larger Catechism was effective for pastors. Using the German vernacular, they expressed the Apostles' Creed in simpler, more personal, Trinitarian language. He rewrote each article of the Creed to express the character of the Father, the Son, or the Holy Spirit. Luther's goal was to enable the catechumens to see themselves as a personal object of the work of the three persons of the Trinity, each of which works in the catechumen's life. That is, Luther depicted the Trinity not as a doctrine to be learned, but as persons to be known. The Father creates, the Son redeems, and the Spirit sanctifies, a divine unity with separate personalities. Salvation originates with the Father and draws the believer to the Father. Luther's treatment of the Apostles' Creed must be understood in the context of the Decalogue (the Ten Commandments) and the Lord's Prayer, which are also part of the Lutheran catechical teaching."", 'The rediscovery of Aristotle\'s works–more than 3000 pages of it would eventually be translated –fuelled a spirit of inquiry into natural processes that had already begun to emerge in the 12th century. Some scholars believe that these works represented one of the most important document discoveries in Western intellectual history. Richard Dales, for instance, calls the discovery of Aristotle\'s works ""a turning point in the history of Western thought."" After Aristotle re-emerged, a community of scholars, primarily communicating in Latin, accelerated the process and practice of attempting to reconcile the thoughts of Greek antiquity, and especially ideas related to understanding the natural world, with those of the church. The efforts of this ""scholasticism"" were focused on applying Aristotelian logic and thoughts about natural processes to biblical passages and attempting to prove the viability of those passages through reason. This became the primary mission of lecturers, and the expectation of students.']","[0.6251848340034485, 0.3670247793197632, 0.35355862975120544]",0.6251848340034485,0.8125924170017242,0.8307992219924927,,0.6251848340034485,0.6615984439849854,,0.822606159746647,1.0,1.0,process theologians are so diverse and transdisciplinary in their views and interests,1.0,1.0,because process theologians are so diverse and transdisciplinary in their views and interests.,because process theologians are so diverse and transdisciplinary in their views and interests.,0.0,0.9600000000000001,False,True,-1.0,escalate,ctd_style,0.5022351960311283,True,because process theologians are so diverse and transdisciplinary in their views and interests.,0.0,0.9600000000000001,False,True
calibration,56e4756e8c00841900fbaf9c,What were the reactions to the idea that function should come before other concerns?,popularity,popularity,['popularity'],['popularity'],popularity,['both popularity and skepticism'],True,1.0,1.0,"['While the notion that structural and aesthetic considerations should be entirely subject to functionality was met with both popularity and skepticism, it had the effect of introducing the concept of ""function"" in place of Vitruvius\' ""utility"". ""Function"" came to be seen as encompassing all criteria of the use, perception and enjoyment of a building, not only practical but also aesthetic, psychological and cultural.', 'In 1926, Tesla commented on the ills of the social subservience of women and the struggle of women toward gender equality, and indicated that humanity\'s future would be run by ""Queen Bees."" He believed that women would become the dominant sex in the future.', ""Modern chemistry emerged from the sixteenth through the eighteenth centuries through the material practices and theories promoted by alchemy, medicine, manufacturing and mining. A decisive moment came when 'chymistry' was distinguished from alchemy by Robert Boyle in his work The Sceptical Chymist, in 1661; although the alchemical tradition continued for some time after his work. Other important steps included the gravimetric experimental practices of medical chemists like William Cullen, Joseph Black, Torbern Bergman and Pierre Macquer and through the work of Antoine Lavoisier (Father of Modern Chemistry) on oxygen and the law of conservation of mass, which refuted phlogiston theory. The theory that all matter is made of atoms, which are the smallest constituents of matter that cannot be broken down without losing the basic chemical and physical properties of that matter, was provided by John Dalton in 1803, although the question took a hundred years to settle as proven. Dalton also formulated the law of mass relationships. In 1869, Dmitri Mendeleev composed his periodic table of elements on the basis of Dalton's discoveries.""]","[0.5971571207046509, 0.3337373733520508, 0.31976035237312317]",0.5971571207046509,0.7985785603523254,0.510662006214261,,0.5971571207046509,0.02132401242852211,,0.6402244555763901,0.0,0.4,popularity,0.0,0.4,popularity,popularity,0.0,0.4,False,False,0.0,accept,ctd_style,0.4988711717551011,False,popularity,0.0,0.4,False,False
calibration,570e334b0b85d914000d7d3a,How prevalent is HIV among the 15-49 age group in Eritrea?,0.5%,5%,['0.5%'],['5%'],5%,['exceeds 2%'],True,1.0,1.0,"['However, Eritrea still faces many challenges. Despite number of physicians increasing from only 0.2 in 1993 to 0.5 in 2004 per 1000 population, this is still very low. Malaria and tuberculosis are common in Eritrea. HIV prevalence among the 15–49 group exceeds 2%. The fertility rate is at about 5 births per woman. Maternal mortality dropped by more than half from 1995 to 2002, although the figure is still high. Similarly, between 1995 and 2002, the number of births attended by skilled health personnel has doubled but still is only 28.3%. A major cause of death in neonates is by severe infection. Per capita expenditure on health is low in Eritrea.', 'Nigeria is home to a substantial network of organised crime, active especially in drug trafficking. Nigerian criminal groups are heavily involved in drug trafficking, shipping heroin from Asian countries to Europe and America; and cocaine from South America to Europe and South Africa. . The various Nigerian Confraternities or ""campus cults"" are active in both organised crime and in political violence as well as providing a network of corruption within Nigeria. As confraternities have extensive connections with political and military figures, they offer excellent alumni networking opportunities. The Supreme Vikings Confraternity, for example, boasts that twelve members of the Rivers State House of Assembly are cult members. On lower levels of society, there are the ""area boys"", organised gangs mostly active in Lagos who specialise in mugging and small-scale drug dealing. According to official statistics, gang violence in Lagos resulted in 273 civilians and 84 policemen killed in the period of August 2000 to May 2001.', 'There is usually an indication for a specific identification of an infectious agent only when such identification can aid in the treatment or prevention of the disease, or to advance knowledge of the course of an illness prior to the development of effective therapeutic or preventative measures. For example, in the early 1980s, prior to the appearance of AZT for the treatment of AIDS, the course of the disease was closely followed by monitoring the composition of patient blood samples, even though the outcome would not offer the patient any further treatment options. In part, these studies on the appearance of HIV in specific communities permitted the advancement of hypotheses as to the route of transmission of the virus. By understanding how the disease was transmitted, resources could be targeted to the communities at greatest risk in campaigns aimed at reducing the number of new infections. The specific serological diagnostic identification, and later genotypic or molecular identification, of HIV also enabled the development of hypotheses as to the temporal and geographical origins of the virus, as well as a myriad of other hypothesis. The development of molecular diagnostic tools have enabled physicians and researchers to monitor the efficacy of treatment with anti-retroviral drugs. Molecular diagnostics are now commonly used to identify HIV in healthy people long before the onset of illness and have been used to demonstrate the existence of people who are genetically resistant to HIV infection. Thus, while there still is no cure for AIDS, there is great therapeutic and predictive benefit to identifying the virus and monitoring the virus levels within the blood of infected individuals, both for the patient and for the community at large.']","[0.7154196500778198, 0.37724313139915466, 0.3403763771057129]",0.7154196500778198,0.8577098250389099,0.5601663291454315,,0.7154196500778198,0.12033265829086304,,0.6940609022974968,0.0,0.0,5%,0.0,0.0,2%,2%,0.0,0.6666666666666666,False,False,0.0,accept,ctd_style,0.4995174974961482,False,5%,0.0,0.0,False,False
calibration,57266bc1708984140094c572,When was the Treaty of Paris?,1763,1763,['1763'],['1763'],1763,['1763'],True,1.0,1.0,"[""The British and French struggles in India became but one theatre of the global Seven Years' War (1756–1763) involving France, Britain and the other major European powers. The signing of the Treaty of Paris (1763) had important consequences for the future of the British Empire. In North America, France's future as a colonial power there was effectively ended with the recognition of British claims to Rupert's Land, and the ceding of New France to Britain (leaving a sizeable French-speaking population under British control) and Louisiana to Spain. Spain ceded Florida to Britain. Along with its victory over France in India, the Seven Years' War therefore left Britain as the world's most powerful maritime power."", 'The Allies offered peace terms in the Frankfurt proposals in November 1813. Napoleon would remain as Emperor of France, but it would be reduced to its ""natural frontiers."" That meant that France could retain control of Belgium, Savoy and the Rhineland (the west bank of the Rhine River), while giving up control of all the rest, including all of Spain and the Netherlands, and most of Italy and Germany. Metternich told Napoleon these were the best terms the Allies were likely to offer; after further victories, the terms would be harsher and harsher. Metternich\'s motivation was to maintain France as a balance against Russian threats, while ending the highly destabilizing series of wars.', 'Consent is also invalid if it is given by a representative who ignored restrictions he is subject to by his sovereign during the negotiations, if the other parties to the treaty were notified of those restrictions prior to his signing.[citation needed]']","[0.5201596617698669, 0.4766896665096283, 0.36246374249458313]",0.5201596617698669,0.7600798308849335,0.6737193018198013,,0.5201596617698669,0.34743860363960266,,0.7125815398991109,1.0,1.0,1763,1.0,1.0,1763,1763,1.0,1.0,False,False,0.0,escalate,ctd_style,0.5004835475716636,True,1763,1.0,1.0,False,False
calibration,5727dae42ca10214002d981c,"What member of leadership at the Global Fund to Fight AIDS, Tuberculosis and Malaria called TB a ""pandemic""?",Mark Dybul,Mark Dybul,['Mark Dybul'],['Mark Dybul'],Mark Dybul,['Mark Dybul'],True,1.0,1.0,"['Slow progress has led to frustration, expressed by executive director of the Global Fund to Fight AIDS, Tuberculosis and Malaria – Mark Dybul: ""we have the tools to end TB as a pandemic and public health threat on the planet, but we are not doing it."" Several international organizations are pushing for more transparency in treatment, and more countries are implementing mandatory reporting of cases to the government, although adherence is often sketchy. Commercial treatment-providers may at times overprescribe second-line drugs as well as supplementary treatment, promoting demands for further regulations. The government of Brazil provides universal TB-care, which reduces this problem. Conversely, falling rates of TB-infection may not relate to the number of programs directed at reducing infection rates, but may be tied to increased level of education, income and health of the population. Costs of the disease, as calculated by the World Bank in 2009 may exceed 150 billion USD per year in ""high burden"" countries. Lack of progress eradicating the disease may also be due to lack of patient follow-up – as among the 250M rural migrants in China.', 'In Europe, rates of tuberculosis began to rise in the early 1600s to a peak level in the 1800s, when it caused nearly 25% of all deaths. By the 1950s, mortality had decreased nearly 90%. Improvements in public health began significantly reducing rates of tuberculosis even before the arrival of streptomycin and other antibiotics, although the disease remained a significant threat to public health such that when the Medical Research Council was formed in Britain in 1913, its initial focus was tuberculosis research.', 'The Tuvalu Government carried out assessments of the damage caused by Cyclone Pam to the islands and has provided medical aid, food as well as assistance for the cleaning-up of storm debris. Government and Non-Government Organisations provided assistance technical, funding and material support to Tuvalu to assist with recovery, including WHO, UNICEF, UNDP, OCHA, World Bank, DFAT, New Zealand Red Cross & IFRC, Fiji National University and governments of New Zealand, Netherlands, UAE, Taiwan and the United States.']","[0.5891506671905518, 0.45117104053497314, 0.38297778367996216]",0.5891506671905518,0.7945753335952759,0.5534574277698994,,0.5891506671905518,0.10691485553979874,,0.6619604853913188,1.0,1.0,Mark Dybul,1.0,1.0,Mark Dybul,Mark Dybul,1.0,1.0,False,False,0.0,accept,ctd_style,0.4993078579166022,False,Mark Dybul,1.0,1.0,False,False
calibration,570ffadea58dae1900cd67a4,When did the questioning of human sexual responses begin?,late nineteenth century,late nineteenth century,['late nineteenth century'],['late nineteenth century'],late nineteenth century,['From at least the late nineteenth century'],True,1.0,1.0,"[""From at least the late nineteenth century in Europe, there was speculation that the range of human sexual response looked more like a continuum than two or three discrete categories. Berlin sexologist Magnus Hirschfeld published a scheme in 1896 that measured the strength of an individual's sexual desire on two independent 10-point scales, A (homosexual) and B (heterosexual). A heterosexual individual may be A0, B5; a homosexual individual may be A5, B0; an asexual would be A0, B0; and someone with an intense attraction to both sexes would be A9, B9."", 'In 1926, Tesla commented on the ills of the social subservience of women and the struggle of women toward gender equality, and indicated that humanity\'s future would be run by ""Queen Bees."" He believed that women would become the dominant sex in the future.', 'Prior to the second world war, birth control was prohibited in many countries, and in the United States even the discussion of contraceptive methods sometimes led to prosecution under Comstock laws. The history of the development of oral contraceptives is thus closely tied to the birth control movement and the efforts of activists Margaret Sanger, Mary Dennett, and Emma Goldman. Based on fundamental research performed by Gregory Pincus and synthetic methods for progesterone developed by Carl Djerassi at Syntex and by Frank Colton at G.D. Searle & Co., the first oral contraceptive, Enovid, was developed by E.D. Searle and Co. and approved by the FDA in 1960. The original formulation incorporated vastly excessive doses of hormones, and caused severe side effects. Nonetheless, by 1962, 1.2 million American women were on the pill, and by 1965 the number had increased to 6.5 million. The availability of a convenient form of temporary contraceptive led to dramatic changes in social mores including expanding the range of lifestyle options available to women, reducing the reliance of women on men for contraceptive practice, encouraging the delay of marriage, and increasing pre-marital co-habitation.']","[0.4907503128051758, 0.34243065118789673, 0.3233241140842438]",0.4907503128051758,0.7453751564025879,0.6490796506404877,,0.4907503128051758,0.29815930128097534,,0.6924126282334329,0.0,0.6666666666666666,late nineteenth century,0.0,0.6666666666666666,late nineteenth century,late nineteenth century,0.0,0.6666666666666666,False,False,0.0,escalate,ctd_style,0.5001944604074178,True,late nineteenth century,0.0,0.6666666666666666,False,False
calibration,572685f55951b619008f757d,What is headquartered in Daytona ,New Haven,New Haven,['New Haven'],['New Haven'],New Haven,['NASCAR (headquartered in Daytona Beach) begins all three of its major auto racing series in Florida at Daytona International Speedway in February'],True,1.0,1.0,"[""NASCAR (headquartered in Daytona Beach) begins all three of its major auto racing series in Florida at Daytona International Speedway in February, featuring the Daytona 500, and ends all three Series in November at Homestead-Miami Speedway. Daytona also has the Coke Zero 400 NASCAR race weekend around Independence Day in July. The 24 Hours of Daytona is one of the world's most prestigious endurance auto races. The Grand Prix of St. Petersburg and Grand Prix of Miami have held IndyCar races as well."", ""Charleston is known for its unique culture, which blends traditional Southern U.S., English, French, and West African elements. The downtown peninsula has gained a reputation for its art, music, local cuisine, and fashion. Spoleto Festival USA, held annually in late spring, has become one of the world's major performing arts festivals. It was founded in 1977 by Pulitzer Prize-winning composer Gian Carlo Menotti, who sought to establish a counterpart to the Festival dei Due Mondi (the Festival of Two Worlds) in Spoleto, Italy."", ""The Knights of Columbus, the world's largest Catholic fraternal service organization and a Fortune 1000 company, is headquartered in New Haven. Two more Fortune 1000 companies are based in Greater New Haven: the electrical equipment producers Hubbell, based in Orange, and Amphenol, based in Wallingford. Eight Courant 100 companies are based in Greater New Haven, with four headquartered in New Haven proper. New Haven-based companies traded on stock exchanges include NewAlliance Bank, the second largest bank in Connecticut and fourth-largest in New England (NYSE: NAL), Higher One Holdings (NYSE: ONE), a financial services firm United Illuminating, the electricity distributor for southern Connecticut (NYSE: UIL), Achillion Pharmaceuticals (NASDAQ: ACHN), Alexion Pharmaceuticals (NasdaqGS: ALXN), and Transpro Inc. (AMEX: TPR). Vion Pharmaceuticals is traded OTC (OTC BB: VIONQ.OB). Other notable companies based in the city include the Peter Paul Candy Manufacturing Company (the candy-making division of the Hershey Company), the American division of Assa Abloy (one of the world's leading manufacturers of locks), Yale University Press, and the Russell Trust Association (the business arm of the Skull and Bones Society). The Southern New England Telephone Company (SNET) began operations in the city as the District Telephone Company of New Haven in 1878; the company remains headquartered in New Haven as a subsidiary of AT&T Inc., now doing business as AT&T Connecticut, and provides telephone service for all but two municipalities in Connecticut.""]","[0.6326578855514526, 0.28046947717666626, 0.26596733927726746]",0.6326578855514526,0.8163289427757263,0.5987880975008011,,0.6326578855514526,0.19757619500160217,,0.6966814778745175,0.0,0.0,New Haven,0.0,0.0,NASCAR,NASCAR,0.0,0.08695652173913045,False,False,0.0,escalate,ctd_style,0.4998279707860054,True,NASCAR,0.0,0.08695652173913045,False,False
calibration,5726c6f1dd62a815002e8ff7,"Bermuda's coral reefs, shipwrecks, and shallow waters are great for what activity in particular?",scuba diving,scuba diving,['scuba diving'],['scuba diving'],scuba diving,['Scuba'],True,1.0,1.0,"[""Bermuda's pink sand beaches and clear, cerulean blue ocean waters are popular with tourists. Many of Bermuda's hotels are located along the south shore of the island. In addition to its beaches, there are a number of sightseeing attractions. Historic St George's is a designated World Heritage Site. Scuba divers can explore numerous wrecks and coral reefs in relatively shallow water (typically 30–40 ft or 9–12 m in depth), with virtually unlimited visibility. Many nearby reefs are readily accessible from shore by snorkellers, especially at Church Bay."", ""St Helena's biodiversity, however, also includes marine vertebrates, invertebrates (freshwater, terrestrial and marine), fungi (including lichen-forming species), non-vascular plants, seaweeds and other biological groups. To date, very little is known about these, although more than 200 lichen-forming fungi have been recorded, including 9 endemics, suggesting that many significant discoveries remain to be made."", 'There are typically 40 million bacterial cells in a gram of soil and a million bacterial cells in a millilitre of fresh water. There are approximately 5×1030 bacteria on Earth, forming a biomass which exceeds that of all plants and animals. Bacteria are vital in recycling nutrients, with many of the stages in nutrient cycles dependent on these organisms, such as the fixation of nitrogen from the atmosphere and putrefaction. In the biological communities surrounding hydrothermal vents and cold seeps, bacteria provide the nutrients needed to sustain life by converting dissolved compounds, such as hydrogen sulphide and methane, to energy. On 17 March 2013, researchers reported data that suggested bacterial life forms thrive in the Mariana Trench, which with a depth of up to 11 kilometres is the deepest part of the Earth\'s oceans. Other researchers reported related studies that microbes thrive inside rocks up to 580 metres below the sea floor under 2.6 kilometres of ocean off the coast of the northwestern United States. According to one of the researchers, ""You can find microbes everywhere — they\'re extremely adaptable to conditions, and survive wherever they are.""']","[0.6360324621200562, 0.3733772039413452, 0.3679744005203247]",0.6360324621200562,0.8180162310600281,0.6467710733413696,,0.6360324621200562,0.29354214668273926,,0.723831394314766,0.0,0.6666666666666666,scuba diving,0.0,0.6666666666666666,scuba diving,scuba diving,0.0,0.6666666666666666,False,False,0.0,escalate,ctd_style,0.5003312669372721,True,scuba diving,0.0,0.6666666666666666,False,False
calibration,56e4793839bdeb140034794e,What novel concept was introduced at the end of the 20th century?,Graphic novels,Graphic novels,['Graphic novels'],['Graphic novels'],Graphic novels,['sustainability'],False,,0.0,"[""In parallel, however, the 19th century saw a Catalan literary revival (Renaixença), which has continued up to the present day. This period starts with Aribau's Ode to the Homeland (1833); followed in the second half of the 19th century, and the early 20th by the work of Verdaguer (poetry), Oller (realist novel), and Guimerà (drama)."", 'The graphic novel—book-length comics—began to gain attention after Will Eisner popularized the term with his book A Contract with God (1978). The term became widely known with the public after the commercial success of Maus, Watchmen, and The Dark Knight Returns in the mid-1980s. In the 21st century graphic novels became established in mainstream bookstores and libraries and webcomics became common.', 'Starting one-hundred years before the 20th century, the enlightenment spiritual philosophy was challenged in various quarters around the 1900s. Developed from earlier secular traditions, modern Humanist ethical philosophies affirmed the dignity and worth of all people, based on the ability to determine right and wrong by appealing to universal human qualities, particularly rationality, without resorting to the supernatural or alleged divine authority from religious texts. For liberal humanists such as Rousseau and Kant, the universal law of reason guided the way toward total emancipation from any kind of tyranny. These ideas were challenged, for example by the young Karl Marx, who criticized the project of political emancipation (embodied in the form of human rights), asserting it to be symptomatic of the very dehumanization it was supposed to oppose. For Friedrich Nietzsche, humanism was nothing more than a secular version of theism. In his Genealogy of Morals, he argues that human rights exist as a means for the weak to collectively constrain the strong. On this view, such rights do not facilitate emancipation of life, but rather deny it. In the 20th century, the notion that human beings are rationally autonomous was challenged by the concept that humans were driven by unconscious irrational desires.']","[0.4461946487426758, 0.34803324937820435, 0.34738582372665405]",0.4461946487426758,0.7230973243713379,0.7533668279647827,,0.4461946487426758,0.5067336559295654,,0.7397455513477326,0.0,0.0,Graphic novels,0.0,0.0,I do not know,I do not know,0.0,0.0,False,False,0.0,escalate,ctd_style,0.501230884787616,True,I do not know,0.0,0.0,False,False
calibration,56e1c51ccd28a01900c67b59,Somalia was one of the last countries on what continent to get connected tothe internet?,Africa,Africa,['Africa'],['Africa'],Africa,['Africa'],True,1.0,1.0,"['Somalia established its first ISP in 1999, one of the last countries in Africa to get connected to the Internet. According to the telecommunications resource Balancing Act, growth in internet connectivity has since then grown considerably, with around 53% of the entire nation covered as of 2009. Both internet commerce and telephony have consequently become among the quickest growing local businesses.', 'These regions were occupied by ""the brown men,"" with the yellow in the Far East and the black in Africa. The color issue was not settled until Kenya became independent in 1963, ending the last vestige of the British Empire.', 'Besides their traditional areas of inhabitation in Greater Somalia, a Somali community mainly consisting of entrepreneurs, academics, and students also exists in Egypt. In addition, there is an historical Somali community in the general Sudan area. Primarily concentrated in the north and Khartoum, the expatriate community mainly consists of students as well as some businesspeople. More recently, Somali entrepreneurs have established themselves in Kenya, investing over $1.5 billion in the Somali enclave of Eastleigh alone. In South Africa, Somali businesspeople also provide most of the retail trade in informal settlements around the Western Cape province.']","[0.7364921569824219, 0.3889121413230896, 0.38589268922805786]",0.7364921569824219,0.8682460784912109,0.7211087495088577,,0.7364921569824219,0.44221749901771545,,0.7873205475509167,1.0,1.0,Africa,1.0,1.0,Africa,Africa,1.0,1.0,False,False,0.0,escalate,ctd_style,0.5012164275419829,True,Africa,1.0,1.0,False,False
calibration,57318f8ae6313a140071d09a,Whose efforts did Gaddafi see himself as continuing?,Nasser,Nasser,['Nasser'],['Nasser'],Nasser,['Nasser'],True,1.0,1.0,"['Gaddafi was a very private individual, who described himself as a ""simple revolutionary"" and ""pious Muslim"" called upon by Allah to continue Nasser\'s work. Reporter Mirella Bianco found that his friends considered him particularly loyal and generous, and asserted that he adored children. She was told by Gaddafi\'s father that even as a child he had been ""always serious, even taciturn"", a trait he also exhibited in adulthood. His father said that he was courageous, intelligent, pious, and family oriented.', 'A fundamental part of Gaddafi\'s ideology was anti-Zionism. He believed that the state of Israel should not exist, and that any Arab compromise with the Israeli government was a betrayal of the Arab people. In large part due to their support of Israel, Gaddafi despised the United States, considering the country to be imperialist and lambasting it as ""the embodiment of evil."" Rallying against Jews in many of his speeches, his anti-Semitism has been described as ""almost Hitlerian"" by Blundy and Lycett. From the late 1990s onward, his view seemed to become more moderate. In 2007, he advocated the Isratin single-state solution to the Israeli–Palestinian conflict, stating that ""the [Israel-Palestine] solution is to establish a democratic state for the Jews and the Palestinians... This is the fundamental solution, or else the Jews will be annihilated in the future, because the Palestinians have [strategic] depth."" Two years later he argued that a single-state solution would ""move beyond old conflicts and look to a unified future based on shared culture and respect.""', 'On 16 April 1973, Gaddafi proclaimed the start of a ""Popular Revolution"" in a Zuwarah speech. He initiated this with a 5-point plan, the first point of which dissolved all existing laws, to be replaced by revolutionary enactments. The second point proclaimed that all opponents of the revolution had to be removed, while the third initiated an administrative revolution that Gaddafi proclaimed would remove all traces of bureaucracy and the bourgeoisie. The fourth point announced that the population must form People\'s Committees and be armed to defend the revolution, while the fifth proclaimed the beginning of a cultural revolution to expunge Libya of ""poisonous"" foreign influences. He began to lecture on this new phase of the revolution in Libya, Egypt, and France.']","[0.5473774671554565, 0.5372563600540161, 0.5156948566436768]",0.5473774671554565,0.7736887335777283,0.6055720001459122,,0.5473774671554565,0.21114400029182434,,0.6812245301902295,1.0,1.0,Nasser,1.0,1.0,Nasser's,Nasser's,0.0,0.0,False,True,-1.0,escalate,ctd_style,0.49980418552974987,True,Nasser's,0.0,0.0,False,True
calibration,57323ce2e17f3d1400422768,Clark field was how many miles northwest of Manila?,20,20,['20'],['20'],20,['40'],True,1.0,1.0,"[""On 15 December 1944 landings against minimal resistance were made on the southern beaches of the island of Mindoro, a key location in the planned Lingayen Gulf operations, in support of major landings scheduled on Luzon. On 9 January 1945, on the south shore of Lingayen Gulf on the western coast of Luzon, General Krueger's Sixth Army landed his first units. Almost 175,000 men followed across the twenty-mile (32 km) beachhead within a few days. With heavy air support, Army units pushed inland, taking Clark Field, 40 miles (64 km) northwest of Manila, in the last week of January."", 'The southern portion of the Point Loma peninsula was set aside for military purposes as early as 1852. Over the next several decades the Army set up a series of coastal artillery batteries and named the area Fort Rosecrans. Significant U.S. Navy presence began in 1901 with the establishment of the Navy Coaling Station in Point Loma, and expanded greatly during the 1920s. By 1930, the city was host to Naval Base San Diego, Naval Training Center San Diego, San Diego Naval Hospital, Camp Matthews, and Camp Kearny (now Marine Corps Air Station Miramar). The city was also an early center for aviation: as early as World War I, San Diego was proclaiming itself ""The Air Capital of the West"". The city was home to important airplane developers and manufacturers like Ryan Airlines (later Ryan Aeronautical), founded in 1925, and Consolidated Aircraft (later Convair), founded in 1923. Charles A. Lindbergh\'s plane The Spirit of St. Louis was built in San Diego in 1927 by Ryan Airlines.', 'In July 1855, the allied squadron tried to go past Taganrog to Rostov on Don, entering the Don River through the Mius River. On 12 July 1855 HMS Jasper grounded near Taganrog thanks to a fisherman who moved buoys into shallow water. The Cossacks captured the gunboat with all of its guns and blew it up. The third siege attempt was made 19–31 August 1855, but the city was already fortified and the squadron could not approach close enough for landing operations. The allied fleet left the Gulf of Taganrog on the 2nd September 1855, with minor military operations along the Azov Sea coast continuing until late autumn 1855.']","[0.5447614192962646, 0.3068442940711975, 0.3021303415298462]",0.5447614192962646,0.7723807096481323,0.5219009108841419,,0.5447614192962646,0.043801821768283844,,0.6346168203279376,0.0,0.0,20,0.0,0.0,40,40,1.0,1.0,True,False,1.0,accept,ctd_style,0.4989301747290081,False,20,0.0,0.0,False,False
calibration,5727be744b864d1900163c50,Which scientist theorized that the earliest members of a class in a species were simple and generalized?,Richard Owen,Richard Owen,['Richard Owen'],['Richard Owen'],Richard Owen,['Richard Owen'],True,1.0,1.0,"[""Chapter X examines whether patterns in the fossil record are better explained by common descent and branching evolution through natural selection, than by the individual creation of fixed species. Darwin expected species to change slowly, but not at the same rate – some organisms such as Lingula were unchanged since the earliest fossils. The pace of natural selection would depend on variability and change in the environment. This distanced his theory from Lamarckian laws of inevitable progress. It has been argued that this anticipated the punctuated equilibrium hypothesis, but other scholars have preferred to emphasise Darwin's commitment to gradualism. He cited Richard Owen's findings that the earliest members of a class were a few simple and generalised species with characteristics intermediate between modern forms, and were followed by increasingly diverse and specialised forms, matching the branching of common descent from an ancestor. Patterns of extinction matched his theory, with related groups of species having a continued existence until extinction, then not reappearing. Recently extinct species were more similar to living species than those from earlier eras, and as he had seen in South America, and William Clift had shown in Australia, fossils from recent geological periods resembled species still living in the same area."", 'In Chapter II, Darwin specifies that the distinction between species and varieties is arbitrary, with experts disagreeing and changing their decisions when new forms were found. He concludes that ""a well-marked variety may be justly called an incipient species"" and that ""species are only strongly marked and permanent varieties"". He argues for the ubiquity of variation in nature. Historians have noted that naturalists had long been aware that the individuals of a species differed from one another, but had generally considered such variations to be limited and unimportant deviations from the archetype of each species, that archetype being a fixed ideal in the mind of God. Darwin and Wallace made variation among individuals of the same species central to understanding the natural world.', ""Modern chemistry emerged from the sixteenth through the eighteenth centuries through the material practices and theories promoted by alchemy, medicine, manufacturing and mining. A decisive moment came when 'chymistry' was distinguished from alchemy by Robert Boyle in his work The Sceptical Chymist, in 1661; although the alchemical tradition continued for some time after his work. Other important steps included the gravimetric experimental practices of medical chemists like William Cullen, Joseph Black, Torbern Bergman and Pierre Macquer and through the work of Antoine Lavoisier (Father of Modern Chemistry) on oxygen and the law of conservation of mass, which refuted phlogiston theory. The theory that all matter is made of atoms, which are the smallest constituents of matter that cannot be broken down without losing the basic chemical and physical properties of that matter, was provided by John Dalton in 1803, although the question took a hundred years to settle as proven. Dalton also formulated the law of mass relationships. In 1869, Dmitri Mendeleev composed his periodic table of elements on the basis of Dalton's discoveries.""]","[0.5544361472129822, 0.4944480061531067, 0.4362630248069763]",0.5544361472129822,0.7772180736064911,0.6008074656128883,,0.5544361472129822,0.20161493122577667,,0.6801922392100097,1.0,1.0,Richard Owen,1.0,1.0,Richard Owen,Richard Owen,1.0,1.0,False,False,0.0,escalate,ctd_style,0.49976239568230485,True,Richard Owen,1.0,1.0,False,False
calibration,5731405b497a881900248cf9,Which government advocated the banning of Class 2 LEDs?,"French Agency for Food, Environmental and Occupational Health & Safety","French Agency for Food, Environmental and Occupational Health & Safety","['French Agency for Food, Environmental and Occupational Health & Safety']","['French Agency for Food, Environmental and Occupational Health & Safety']","French Agency for Food, Environmental and Occupational Health & Safety",['French'],True,1.0,1.0,"['The vast majority of devices containing LEDs are ""safe under all conditions of normal use"", and so are classified as ""Class 1 LED product""/""LED Klasse 1"". At present, only a few LEDs—extremely bright LEDs that also have a tightly focused viewing angle of 8° or less—could, in theory, cause temporary blindness, and so are classified as ""Class 2"". The opinion of the French Agency for Food, Environmental and Occupational Health & Safety (ANSES) of 2010, on the health issues concerning LEDs, suggested banning public use of lamps which were in the moderate Risk Group 2, especially those with a high blue component in places frequented by children. In general, laser safety regulations—and the ""Class 1"", ""Class 2"", etc. system—also apply to LEDs.', 'Since incandescent light bulbs use more energy than alternatives such as CFLs and LED lamps, many governments have introduced measures to ban their use, by setting minimum efficacy standards higher than can be achieved by incandescent lamps. Measures to ban light bulbs have been implemented in the European Union, the United States, Russia, Brazil, Argentina, Canada and Australia, among others. In the Europe the EC has calculated that the ban contributes 5 to 10 billion euros to the economy and saves 40 TWh of electricity every year, translating in CO2 emission reductions of 15 million tonnes.', ""The correlation between capitalism, aristocracy, and imperialism has long been debated among historians and political theorists. Much of the debate was pioneered by such theorists as J. A. Hobson (1858–1940), Joseph Schumpeter (1883–1950), Thorstein Veblen (1857–1929), and Norman Angell (1872–1967). While these non-Marxist writers were at their most prolific before World War I, they remained active in the interwar years. Their combined work informed the study of imperialism and it's impact on Europe, as well as contributed to reflections on the rise of the military-political complex in the United States from the 1950s. Hobson argued that domestic social reforms could cure the international disease of imperialism by removing its economic foundation. Hobson theorized that state intervention through taxation could boost broader consumption, create wealth, and encourage a peaceful, tolerant, multipolar world order.""]","[0.5480107665061951, 0.38377806544303894, 0.36888572573661804]",0.5480107665061951,0.7740053832530975,0.6385181844234467,,0.5480107665061951,0.2770363688468933,,0.6994874238967896,0.0,0.19999999999999998,"French Agency for Food, Environmental and Occupational Health & Safety",0.0,0.19999999999999998,I do not know,I do not know,0.0,0.0,False,False,0.0,escalate,ctd_style,0.5001478958579925,True,I do not know,0.0,0.0,False,False
calibration,5706b8b42eaba6190074ac77,what was another name for hardcore techno from the netherlands?,Chicago hard house,Chicago hard house,['Chicago hard house'],['Chicago hard house'],Chicago hard house,['gabber'],True,1.0,1.0,"['A new generation of clubs such as Liverpool\'s Cream and the Ministry of Sound were opened to provide a venue for more commercial sounds. Major record companies began to open ""superclubs"" promoting their own acts. These superclubs entered into sponsorship deals initially with fast food, soft drinks, and clothing companies. Flyers in clubs in Ibiza often sported many corporate logos. A new subgenre, Chicago hard house, was developed by DJs such as Bad Boy Bill, DJ Lynnwood, DJ Irene, Richard ""Humpty"" Vission and DJ Enrie, mixing elements of Chicago house, funky house and hard house together. Additionally, Producers such as George Centeno, Darren Ramirez, and Martin O. Cairo would develop the Los Angeles Hard House sound. Similar to gabber or hardcore techno from the Netherlands, this sound was often associated with the ""rebel"" culture of the time. These 3 producers are often considered ""ahead of their time"" since many of the sounds they engineered during the late 20th century became more prominent during the 21st century.', 'In late 1977, music writers for Sounds first used the terms ""New Musick"" and ""post punk"" to describe British acts such as Siouxsie and the Banshees and Wire, who began experimenting with sounds, lyrics and aesthetics that differed significantly from their punk contemporaries. Writer Jon Savage described some of these early developments as exploring ""harsh urban scrapings [,] controlled white noise"" and ""massively accented drumming"". In January 1978, singer John Lydon (then known as Johnny Rotten) announced the break-up of his pioneering punk band the Sex Pistols, citing his disillusionment with punk\'s musical predictability and cooption by commercial interests, as well as his desire to explore more diverse interests.', ""Hard rock developed into a major form of popular music in the 1970s, with bands such as Led Zeppelin, The Who, Deep Purple, Aerosmith, AC/DC and Van Halen. During the 1980s, some hard rock bands moved away from their hard rock roots and more towards pop rock, while others began to return to a hard rock sound. Established bands made a comeback in the mid-1980s and it reached a commercial peak in the 1980s, with glam metal bands like Bon Jovi and Def Leppard and the rawer sounds of Guns N' Roses, which followed up with great success in the later part of that decade. Hard rock began losing popularity with the commercial success of grunge and later Britpop in the 1990s.""]","[0.4222661256790161, 0.41320639848709106, 0.33746469020843506]",0.4222661256790161,0.7111330628395081,0.7390815317630768,,0.4222661256790161,0.47816306352615356,,0.7265047207474709,0.0,0.0,Chicago hard house,0.0,0.0,rebel,rebel,0.0,0.0,False,False,0.0,escalate,ctd_style,0.501055667443828,True,rebel,0.0,0.0,False,False
calibration,573051562461fd1900a9cd1d,a antenna element not connected to anything is circuited how?,closed,closed,['closed'],['closed'],closed,['open circuited'],True,1.0,1.0,"['This is a consequence of Lorentz reciprocity. For an antenna element  not connected to anything (open circuited) one can write . But for an element  which is short circuited, a current is generated across that short but no voltage is allowed, so the corresponding . This is the case, for instance, with the so-called parasitic elements of a Yagi-Uda antenna where the solid rod can be viewed as a dipole antenna shorted across its feedpoint. Parasitic elements are unpowered elements that absorb and reradiate RF energy according to the induced current calculated using such a system of equations.', 'It is possible to use the impedance matching concepts to construct vertical antennas substantially shorter than the 1⁄4 wavelength at which the antenna is resonant. By adding an inductance in series with the antenna, a so-called loading coil, the capacitive reactance of this antenna can be cancelled leaving a pure resistance which can then be matched to the transmission line. Sometimes the resulting resonant frequency of such a system (antenna plus matching network) is described using the construct of electrical length and the use of a shorter antenna at a lower frequency than its resonant frequency is termed electrical lengthening.', 'To prevent the risk of out-of-phase supplies mixing, sections of line fed from different feeder stations must be kept strictly isolated. This is achieved by Neutral Sections (also known as Phase Breaks), usually provided at feeder stations and midway between them although, typically, only half are in use at any time, the others being provided to allow a feeder station to be shut down and power provided from adjacent feeder stations. Neutral Sections usually consist of an earthed section of wire which is separated from the live wires on either side by insulating material, typically ceramic beads, designed so that the pantograph will smoothly run from one section to the other. The earthed section prevents an arc being drawn from one live section to the other, as the voltage difference may be higher than the normal system voltage if the live sections are on different phases and the protective circuit breakers may not be able to safely interrupt the considerable current that would flow. To prevent the risk of an arc being drawn across from one section of wire to earth, when passing through the neutral section, the train must be coasting and the circuit breakers must be open. In many cases, this is done manually by the drivers. To help them, a warning board is provided just before both the neutral section and an advance warning some distance before. A further board is then provided after the neutral section to tell drivers to re-close the circuit breaker, although drivers must not do this until the rear pantograph has passed this board. In the UK, a system known as Automatic Power Control (APC) automatically opens and closes the circuit breaker, this being achieved by using sets of permanent magnets alongside the track communicating with a detector on the train. The only action needed by the driver is to shut off power and coast and therefore warning boards are still provided at and on the approach to neutral sections.']","[0.6205036640167236, 0.42745164036750793, 0.30144762992858887]",0.6205036640167236,0.8102518320083618,0.4666725806891918,,0.6205036640167236,-0.06665483862161636,,0.6212832437828184,0.0,0.0,closed,0.0,0.0,shortened,shortened,0.0,0.0,False,False,0.0,accept,ctd_style,0.4984390392480164,False,closed,0.0,0.0,False,False
calibration,57303088a23a5019007fcf36,Which king failed to receive a divorce from the Pope in 1534?,Henry VIII,Henry VIII,['Henry VIII'],['Henry VIII'],Henry VIII,['King Henry VIII'],True,1.0,1.0,"['By the Late Middle Ages, Great Britain was separated into the Kingdoms of England and Scotland. Power in Ireland fluxed between Gaelic kingdoms, Hiberno-Norman lords and the English-dominated Lordship of Ireland. A similar situation existed in the Principality of Wales, which was slowly being annexed into the Kingdom of England by a series of laws. During the course of the 15th century, the Crown of England would assert a claim to the Crown of France, thereby also releasing the King of England as from being vassal of the King of France. In 1534, King Henry VIII, at first having been a strong defender of Roman Catholicism in the face of the Reformation, separated from the Roman Church after failing to secure a divorce from the Pope. His response was to place the King of England as ""the only Supreme Head in Earth of the Church of England"", thereby removing the authority of the Pope from the affairs of the English Church. Ireland, which had been held by the King of England as Lord of Ireland, but which strictly speaking had been a feudal possession of the Pope since the Norman invasion was declared a separate kingdom in personal union with England.', 'The marriage of Richard II of England to Anne of Bohemia established contacts between the two nations and brought Lollard ideas to her homeland. The teachings of the Czech priest Jan Hus were based on those of John Wycliffe, yet his followers, the Hussites, were to have a much greater political impact than the Lollards. Hus gained a great following in Bohemia, and in 1414, he was requested to appear at the Council of Constance to defend his cause. When he was burned as a heretic in 1415, it caused a popular uprising in the Czech lands. The subsequent Hussite Wars fell apart due to internal quarrels and did not result in religious or national independence for the Czechs, but both the Catholic Church and the German element within the country were weakened.', ""Under the Capetian dynasty France slowly began to expand its authority over the nobility, growing out of the Île-de-France to exert control over more of the country in the 11th and 12th centuries. They faced a powerful rival in the Dukes of Normandy, who in 1066 under William the Conqueror (duke 1035–1087), conquered England (r. 1066–87) and created a cross-channel empire that lasted, in various forms, throughout the rest of the Middle Ages. Normans also settled in Sicily and southern Italy, when Robert Guiscard (d. 1085) landed there in 1059 and established a duchy that later became the Kingdom of Sicily. Under the Angevin dynasty of Henry II (r. 1154–89) and his son Richard I (r. 1189–99), the kings of England ruled over England and large areas of France,[W] brought to the family by Henry II's marriage to Eleanor of Aquitaine (d. 1204), heiress to much of southern France.[X] Richard's younger brother John (r. 1199–1216) lost Normandy and the rest of the northern French possessions in 1204 to the French King Philip II Augustus (r. 1180–1223). This led to dissension among the English nobility, while John's financial exactions to pay for his unsuccessful attempts to regain Normandy led in 1215 to Magna Carta, a charter that confirmed the rights and privileges of free men in England. Under Henry III (r. 1216–72), John's son, further concessions were made to the nobility, and royal power was diminished. The French monarchy continued to make gains against the nobility during the late 12th and 13th centuries, bringing more territories within the kingdom under their personal rule and centralising the royal administration. Under Louis IX (r. 1226–70), royal prestige rose to new heights as Louis served as a mediator for most of Europe.[Y]""]","[0.6160873174667358, 0.4178493916988373, 0.40762758255004883]",0.6160873174667358,0.8080436587333679,0.7345750480890274,,0.6160873174667358,0.4691500961780548,,0.7676359228789806,0.0,0.8,Henry VIII,0.0,0.8,King Henry VIII,King Henry VIII,1.0,1.0,True,False,1.0,escalate,ctd_style,0.5012233277953411,True,King Henry VIII,1.0,1.0,True,False
calibration,5727e0032ca10214002d9888,What was Oklahoma's high school dropout rate in 2007?,2.5 percent,5 percent,['2.5 percent'],['5 percent'],5 percent,['3.1'],True,1.0,1.0,"['The state is among the best in pre-kindergarten education, and the National Institute for Early Education Research rated it first in the United States with regard to standards, quality, and access to pre-kindergarten education in 2004, calling it a model for early childhood schooling. High school dropout rate decreased from 3.1 to 2.5 percent between 2007 and 2008 with Oklahoma ranked among 18 other states with 3 percent or less dropout rate. In 2004, the state ranked 36th in the nation for the relative number of adults with high school diplomas, though at 85.2 percent, it had the highest rate among southern states.', ""In the 1890s, the University of Chicago, fearful that its vast resources would injure smaller schools by drawing away good students, affiliated with several regional colleges and universities: Des Moines College, Kalamazoo College, Butler University, and Stetson University. In 1896, the university affiliated with Shimer College in Mount Carroll, Illinois. Under the terms of the affiliation, the schools were required to have courses of study comparable to those at the university, to notify the university early of any contemplated faculty appointments or dismissals, to make no faculty appointment without the university's approval, and to send copies of examinations for suggestions. The University of Chicago agreed to confer a degree on any graduating senior from an affiliated school who made a grade of A for all four years, and on any other graduate who took twelve weeks additional study at the University of Chicago. A student or faculty member of an affiliated school was entitled to free tuition at the University of Chicago, and Chicago students were eligible to attend an affiliated school on the same terms and receive credit for their work. The University of Chicago also agreed to provide affiliated schools with books and scientific apparatus and supplies at cost; special instructors and lecturers without cost except travel expenses; and a copy of every book and journal published by the University of Chicago Press at no cost. The agreement provided that either party could terminate the affiliation on proper notice. Several University of Chicago professors disliked the program, as it involved uncompensated additional labor on their part, and they believed it cheapened the academic reputation of the university. The program passed into history by 1910."", 'Private schooling in the United States has been debated by educators, lawmakers and parents, since the beginnings of compulsory education in Massachusetts in 1852. The Supreme Court precedent appears to favor educational choice, so long as states may set standards for educational accomplishment. Some of the most relevant Supreme Court case law on this is as follows: Runyon v. McCrary, 427 U.S. 160 (1976); Wisconsin v. Yoder, 406 U.S. 205 (1972); Pierce v. Society of Sisters, 268 U.S. 510 (1925); Meyer v. Nebraska, 262 U.S. 390 (1923).']","[0.7040316462516785, 0.316877543926239, 0.3015104830265045]",0.7040316462516785,0.8520158231258392,0.5226630438119173,,0.7040316462516785,0.04532608762383461,,0.6708717945031821,0.0,0.0,5 percent,0.0,0.0,2.5,5,0.0,0.0,False,False,0.0,accept,ctd_style,0.49911443653738635,False,5 percent,0.0,0.0,False,False
calibration,56fb7d7a8ddada1400cd6479,To what dynasty did Henry II belong?,Henry II belonged to the Capetian dynasty.,Henry II belonged to the Capetian dynasty.,['Henry II belonged to the Capetian dynasty.'],['Henry II belonged to the Capetian dynasty.'],Henry II belonged to the Capetian dynasty.,['Angevin'],True,1.0,1.0,"[""Under the Capetian dynasty France slowly began to expand its authority over the nobility, growing out of the Île-de-France to exert control over more of the country in the 11th and 12th centuries. They faced a powerful rival in the Dukes of Normandy, who in 1066 under William the Conqueror (duke 1035–1087), conquered England (r. 1066–87) and created a cross-channel empire that lasted, in various forms, throughout the rest of the Middle Ages. Normans also settled in Sicily and southern Italy, when Robert Guiscard (d. 1085) landed there in 1059 and established a duchy that later became the Kingdom of Sicily. Under the Angevin dynasty of Henry II (r. 1154–89) and his son Richard I (r. 1189–99), the kings of England ruled over England and large areas of France,[W] brought to the family by Henry II's marriage to Eleanor of Aquitaine (d. 1204), heiress to much of southern France.[X] Richard's younger brother John (r. 1199–1216) lost Normandy and the rest of the northern French possessions in 1204 to the French King Philip II Augustus (r. 1180–1223). This led to dissension among the English nobility, while John's financial exactions to pay for his unsuccessful attempts to regain Normandy led in 1215 to Magna Carta, a charter that confirmed the rights and privileges of free men in England. Under Henry III (r. 1216–72), John's son, further concessions were made to the nobility, and royal power was diminished. The French monarchy continued to make gains against the nobility during the late 12th and 13th centuries, bringing more territories within the kingdom under their personal rule and centralising the royal administration. Under Louis IX (r. 1226–70), royal prestige rose to new heights as Louis served as a mediator for most of Europe.[Y]"", 'By the Late Middle Ages, Great Britain was separated into the Kingdoms of England and Scotland. Power in Ireland fluxed between Gaelic kingdoms, Hiberno-Norman lords and the English-dominated Lordship of Ireland. A similar situation existed in the Principality of Wales, which was slowly being annexed into the Kingdom of England by a series of laws. During the course of the 15th century, the Crown of England would assert a claim to the Crown of France, thereby also releasing the King of England as from being vassal of the King of France. In 1534, King Henry VIII, at first having been a strong defender of Roman Catholicism in the face of the Reformation, separated from the Roman Church after failing to secure a divorce from the Pope. His response was to place the King of England as ""the only Supreme Head in Earth of the Church of England"", thereby removing the authority of the Pope from the affairs of the English Church. Ireland, which had been held by the King of England as Lord of Ireland, but which strictly speaking had been a feudal possession of the Pope since the Norman invasion was declared a separate kingdom in personal union with England.', ""Following division of Alexander's empire, Seleucus I Nicator received Babylonia. From there, he created a new empire which expanded to include much of Alexander's near eastern territories. At the height of its power, it included central Anatolia, the Levant, Mesopotamia, Persia, today's Turkmenistan, Pamir, and parts of Pakistan. It included a diverse population estimated at fifty to sixty million people. Under Antiochus I (c. 324/3 – 261 BC), however, the unwieldy empire was already beginning to shed territories. Pergamum broke away under Eumenes I who defeated a Seleucid army sent against him. The kingdoms of Cappadocia, Bithynia and Pontus were all practically independent by this time as well. Like the Ptolemies, Antiochus I established a dynastic religious cult, deifying his father Seleucus I. Seleucus, officially said to be descended from Apollo, had his own priests and monthly sacrifices. The erosion of the empire continued under Seleucus II, who was forced to fight a civil war (239-236) against his brother Antiochus Hierax and was unable to keep Bactria, Sogdiana and Parthia from breaking away. Hierax carved off most of Seleucid Anatolia for himself, but was defeated, along with his Galatian allies, by Attalus I of Pergamon who now also claimed kingship.""]","[0.5561481714248657, 0.3827800750732422, 0.3177036643028259]",0.5561481714248657,0.7780740857124329,0.7916062474250793,,0.5561481714248657,0.5832124948501587,,0.7855167746543885,0.0,0.0,Henry II belonged to the Capetian dynasty.,0.0,0.0,Angevin,Angevin,1.0,1.0,True,False,1.0,escalate,ctd_style,0.5017507276109928,True,Angevin,1.0,1.0,True,False
calibration,572eb7dfcb0c0d14000f14af,How did Frederick protect East Prussia when he went to invade Saxony?,"left with 25,000 soldiers to guard against incursions from Moravia or Hungary","left with 25,000 soldiers to guard against incursions from Moravia or Hungary","['left with 25,000 soldiers to guard against incursions from Moravia or Hungary']","['left with 25,000 soldiers to guard against incursions from Moravia or Hungary']","left with 25,000 soldiers to guard against incursions from Moravia or Hungary",['leaving Field Marshal Hans von Lehwaldt in East Prussia to guard against Russian invasion from the east'],True,1.0,1.0,"['Accordingly, leaving Field Marshal Count Kurt von Schwerin in Silesia with 25,000 soldiers to guard against incursions from Moravia or Hungary, and leaving Field Marshal Hans von Lehwaldt in East Prussia to guard against Russian invasion from the east, Frederick set off with his army for Saxony. The Prussian army marched in three columns. On the right was a column of about 15,000 men under the command of Prince Ferdinand of Brunswick. On the left was a column of 18,000 men under the command of the Duke of Brunswick-Bevern. In the centre was Frederick II, himself with Field Marshal James Keith commanding a corps of 30,000 troops. Ferdinand of Brunswick was to close in on the town of Chemnitz. The Duke of Brunswick-Bevern was to traverse Lusatia to close in on Bautzen. Meanwhile, Frederick and Field Marshal Keith would make for Dresden.', ""The British—by inclination as well as for practical reasons—had tended to avoid large-scale commitments of troops on the Continent. They sought to offset the disadvantage of this in Europe by allying themselves with one or more Continental powers whose interests were antithetical to those of their enemies, particularly France.:15–16 By subsidising the armies of continental allies, Britain could turn London's enormous financial power to military advantage. In the Seven Years' War, the British chose as their principal partner the greatest general of the day, Frederick the Great of Prussia, then the rising power in central Europe, and paid Frederick substantial subsidies for his campaigns.:106 This was accomplished in the Diplomatic Revolution of 1756, in which Britain ended its long-standing alliance with Austria in favor of Prussia, leaving Austria to side with France. In marked contrast to France, Britain strove to prosecute the war actively in the colonies, taking full advantage of its naval power. :64–66 The British pursued a dual strategy – naval blockade and bombardment of enemy ports, and rapid movement of troops by sea. They harassed enemy shipping and attacked enemy colonies, frequently using colonists from nearby British colonies in the effort."", 'In 1817 the Saxon Palace was requisitioned by Warsaw\'s Russian governor for military use, and the Warsaw Lyceum was reestablished in the Kazimierz Palace (today the rectorate of Warsaw University). Fryderyk and his family moved to a building, which still survives, adjacent to the Kazimierz Palace. During this period, Fryderyk was sometimes invited to the Belweder Palace as playmate to the son of the ruler of Russian Poland, Grand Duke Constantine; he played the piano for the Duke and composed a march for him. Julian Ursyn Niemcewicz, in his dramatic eclogue, ""Nasze Przebiegi"" (""Our Discourses"", 1818), attested to ""little Chopin\'s"" popularity.']","[0.5925077199935913, 0.47164011001586914, 0.3574267327785492]",0.5925077199935913,0.7962538599967957,0.7002278119325638,,0.5925077199935913,0.40045562386512756,,0.7434395335614682,0.0,0.28571428571428575,"left with 25,000 soldiers to guard against incursions from Moravia or Hungary",0.0,0.28571428571428575,I do not know,I do not know,0.0,0.0,False,False,0.0,escalate,ctd_style,0.5008396286694666,True,I do not know,0.0,0.0,False,False
test,572759665951b619008f8884,In what year did Massachusetts first require children to be educated in schools?,1852,1852,['1852'],['1852'],1852,"['1852', '1852', '1852']",True,1.0,1.0,"['Private schooling in the United States has been debated by educators, lawmakers and parents, since the beginnings of compulsory education in Massachusetts in 1852. The Supreme Court precedent appears to favor educational choice, so long as states may set standards for educational accomplishment. Some of the most relevant Supreme Court case law on this is as follows: Runyon v. McCrary, 427 U.S. 160 (1976); Wisconsin v. Yoder, 406 U.S. 205 (1972); Pierce v. Society of Sisters, 268 U.S. 510 (1925); Meyer v. Nebraska, 262 U.S. 390 (1923).', 'The state is among the best in pre-kindergarten education, and the National Institute for Early Education Research rated it first in the United States with regard to standards, quality, and access to pre-kindergarten education in 2004, calling it a model for early childhood schooling. High school dropout rate decreased from 3.1 to 2.5 percent between 2007 and 2008 with Oklahoma ranked among 18 other states with 3 percent or less dropout rate. In 2004, the state ranked 36th in the nation for the relative number of adults with high school diplomas, though at 85.2 percent, it had the highest rate among southern states.', 'The primary responsibility for a boy\'s studies lies with his House Master, but he is assisted by an additional director of studies, known as a tutor. Classes, colloquially known as ""divs"" (divisions), are organised on a School basis; the classrooms are separate from the houses. New school buildings have appeared for teaching purposes every decade or so since New Schools, designed by Henry Woodyer and built 1861-3. Despite the introduction of modern technology, the external appearance and locations of many of the classrooms have remained unchanged for a long time.']","[0.6323540210723877, 0.43947267532348633, 0.37838026881217957]",0.6323540210723877,0.8161770105361938,0.5732095241546631,,0.6323540210723877,0.14641904830932617,,0.682544893026352,1.0,1.0,1852,1.0,1.0,,,,,,,,accept,ctd_style,0.4995613309154913,False,1852,1.0,1.0,False,False
test,57296de03f37b3190047839e,When were stromules discovered?,1962,1962,['1962'],['1962'],1962,"['1962', '1962', '1962']",True,1.0,1.0,"[""The chloroplast membranes sometimes protrude out into the cytoplasm, forming a stromule, or stroma-containing tubule. Stromules are very rare in chloroplasts, and are much more common in other plastids like chromoplasts and amyloplasts in petals and roots, respectively. They may exist to increase the chloroplast's surface area for cross-membrane transport, because they are often branched and tangled with the endoplasmic reticulum. When they were first observed in 1962, some plant biologists dismissed the structures as artifactual, claiming that stromules were just oddly shaped chloroplasts with constricted regions or dividing chloroplasts. However, there is a growing body of evidence that stromules are functional, integral features of plant cell plastids, not merely artifacts."", ""Modern chemistry emerged from the sixteenth through the eighteenth centuries through the material practices and theories promoted by alchemy, medicine, manufacturing and mining. A decisive moment came when 'chymistry' was distinguished from alchemy by Robert Boyle in his work The Sceptical Chymist, in 1661; although the alchemical tradition continued for some time after his work. Other important steps included the gravimetric experimental practices of medical chemists like William Cullen, Joseph Black, Torbern Bergman and Pierre Macquer and through the work of Antoine Lavoisier (Father of Modern Chemistry) on oxygen and the law of conservation of mass, which refuted phlogiston theory. The theory that all matter is made of atoms, which are the smallest constituents of matter that cannot be broken down without losing the basic chemical and physical properties of that matter, was provided by John Dalton in 1803, although the question took a hundred years to settle as proven. Dalton also formulated the law of mass relationships. In 1869, Dmitri Mendeleev composed his periodic table of elements on the basis of Dalton's discoveries."", ""St Helena's biodiversity, however, also includes marine vertebrates, invertebrates (freshwater, terrestrial and marine), fungi (including lichen-forming species), non-vascular plants, seaweeds and other biological groups. To date, very little is known about these, although more than 200 lichen-forming fungi have been recorded, including 9 endemics, suggesting that many significant discoveries remain to be made.""]","[0.4904564619064331, 0.3748962879180908, 0.3326605260372162]",0.4904564619064331,0.7452282309532166,0.5047766510397196,,0.4904564619064331,0.009553302079439163,,0.6129798620007932,1.0,1.0,1962,1.0,1.0,,,,,,,,accept,ctd_style,0.4986917711109752,False,1962,1.0,1.0,False,False
test,5726d4a45951b619008f7f6c,Which artist who had a major influence on the Gothic Revival is represented in the V&A's British galleries?,Gian Lorenzo Bernini,Gian Lorenzo Bernini,['Gian Lorenzo Bernini'],['Gian Lorenzo Bernini'],Gian Lorenzo Bernini,"['Horace Walpole', 'Horace Walpole', 'Horace Walpole']",True,1.0,1.0,"['Not only the work of British artists and craftspeople is on display, but also work produced by European artists that was purchased or commissioned by British patrons, as well as imports from Asia, including porcelain, cloth and wallpaper. Designers and artists whose work is on display in the galleries include Gian Lorenzo Bernini, Grinling Gibbons, Daniel Marot, Louis Laguerre, Antonio Verrio, Sir James Thornhill, William Kent, Robert Adam, Josiah Wedgwood, Matthew Boulton, Canova, Thomas Chippendale, Pugin, William Morris. Patrons who have influenced taste are also represented by works of art from their collections, these include: Horace Walpole (a major influence on the Gothic Revival), William Thomas Beckford and Thomas Hope.', 'The costume collection is the most comprehensive in Britain, containing over 14,000 outfits plus accessories, mainly dating from 1600 to the present. Costume sketches, design notebooks, and other works on paper are typically held by the Word and Image department. Because everyday clothing from previous eras has not generally survived, the collection is dominated by fashionable clothes made for special occasions. One of the first significant gifts of costume came in 1913 when the V&A received the Talbot Hughes collection containing 1,442 costumes and items as a gift from Harrods following its display at the nearby department store.', 'The British Architectural Library, sometimes referred to as the RIBA Library, was established in 1834 upon the founding of the institute with donations from members. Now, with over four million items, it is one of the three largest architectural libraries in the world and the largest in Europe. Some items from the collections are on permanent display at the Victoria and Albert Museum (V&A) in the V&A + RIBA Architecture Gallery and included in temporary exhibitions at the RIBA and across Europe and North America. Its collections include:']","[0.6335610151290894, 0.3819562494754791, 0.3227175176143646]",0.6335610151290894,0.8167805075645447,0.5078527648001909,,0.6335610151290894,0.01570552960038185,,0.6468702490441502,0.0,0.0,Gian Lorenzo Bernini,0.0,0.0,,,,,,,,accept,ctd_style,0.49888222682320876,False,Gian Lorenzo Bernini,0.0,0.0,False,False
test,572843304b864d1900164848,"In 1890, who did the university decide to team up with?",Des Moines College,Des Moines College,['Des Moines College'],['Des Moines College'],Des Moines College,"['several regional colleges and universities', 'Des Moines College, Kalamazoo College, Butler University, and Stetson University', 'Des Moines College, Kalamazoo College, Butler University, and Stetson University', 'Des Moines College, Kalamazoo College, Butler University, and Stetson University']",True,1.0,1.0,"[""In the 1890s, the University of Chicago, fearful that its vast resources would injure smaller schools by drawing away good students, affiliated with several regional colleges and universities: Des Moines College, Kalamazoo College, Butler University, and Stetson University. In 1896, the university affiliated with Shimer College in Mount Carroll, Illinois. Under the terms of the affiliation, the schools were required to have courses of study comparable to those at the university, to notify the university early of any contemplated faculty appointments or dismissals, to make no faculty appointment without the university's approval, and to send copies of examinations for suggestions. The University of Chicago agreed to confer a degree on any graduating senior from an affiliated school who made a grade of A for all four years, and on any other graduate who took twelve weeks additional study at the University of Chicago. A student or faculty member of an affiliated school was entitled to free tuition at the University of Chicago, and Chicago students were eligible to attend an affiliated school on the same terms and receive credit for their work. The University of Chicago also agreed to provide affiliated schools with books and scientific apparatus and supplies at cost; special instructors and lecturers without cost except travel expenses; and a copy of every book and journal published by the University of Chicago Press at no cost. The agreement provided that either party could terminate the affiliation on proper notice. Several University of Chicago professors disliked the program, as it involved uncompensated additional labor on their part, and they believed it cheapened the academic reputation of the university. The program passed into history by 1910."", ""The process of founding the country's public university began on 11 June 1833 with the passage of a law proposed by Senator Dámaso Antonio Larrañaga. It called for the creation of nine academic departments; the President of the Republic would pass a decree formally creating the departments once the majority of them were in operation. In 1836, the House of General Studies was formed, housing the departments of Latin, philosophy, mathematics, theology and jurisprudence. On 27 May 1838, Manuel Oribe passed a decree establishing the Greater University of the Republic. That decree had few practical effects, given the institutional instability of the Oriental Republic of the Uruguay at that time."", ""By the late Middle Ages university towns had grown in wealth and importance as well, and this was reflected in the buildings of some of Europe's ancient universities. Particularly remarkable examples still standing nowadays include the Collegio di Spagna in the University of Bologna, built during the 14th and 15th centuries; the Collegium Carolinum of the University of Prague in Bohemia; the Escuelas mayores of the University of Salamanca in Spain; the chapel of King's College, Cambridge; or the Collegium Maius of the Jagiellonian University in Kraków, Poland.""]","[0.4626010060310364, 0.45240163803100586, 0.3238246440887451]",0.4626010060310364,0.7313005030155182,0.73777636885643,,0.4626010060310364,0.4755527377128601,,0.7348622292280198,0.0,0.4615384615384615,Des Moines College,0.0,0.4615384615384615,I do not know,I do not know,0.0,0.0,,,,escalate,ctd_style,0.5010867336707862,True,I do not know,0.0,0.0,False,False
test,56d729180d65d21400198427,Who got a touchdown making the score 10-7?,Jonathan Stewart,Jonathan Stewart,['Jonathan Stewart'],['Jonathan Stewart'],Jonathan Stewart,"['Jonathan Stewart', 'Jonathan Stewart', 'Stewart']",True,1.0,1.0,"[""After a punt from both teams, Carolina got on track with a 9-play, 73-yard scoring drive. Newton completed 4 of 4 passes for 51 yards and rushed twice for 25 yards, while Jonathan Stewart finished the drive with a 1-yard touchdown run, cutting the score to 10–7 with 11:28 left in the second quarter. Later on, Broncos receiver Jordan Norwood received Brad Nortman's short 28-yard punt surrounded by Panthers players, but none of them attempted to make a tackle, apparently thinking Norwood had called a fair catch. Norwood had not done so, and with no resistance around him, he took off for a Super Bowl record 61-yard return before Mario Addison dragged him down on the Panthers 14-yard line. Despite Denver's excellent field position, they could not get the ball into the end zone, so McManus kicked a 33-yard field goal that increased their lead to 13–7."", ""In 1993, the league staged its first All-Star Game in Des Moines, Iowa, the future home of the long-running Iowa Barnstormers, as a fundraiser for flood victims in the area. The National Conference defeated the American Conference 64–40 in front of a crowd of 7,189. The second Allstar game was in Oct. 2013, with two games, the first in Honolulu, Hawai'i, the second being in Beijing, China."", 'CBS broadcast Super Bowl 50 in the U.S., and charged an average of $5 million for a 30-second commercial during the game. The Super Bowl 50 halftime show was headlined by the British rock group Coldplay with special guest performers Beyoncé and Bruno Mars, who headlined the Super Bowl XLVII and Super Bowl XLVIII halftime shows, respectively. It was the third-most watched U.S. broadcast ever.']","[0.5474108457565308, 0.3102641999721527, 0.2875344753265381]",0.5474108457565308,0.7737054228782654,0.633732944726944,,0.5474108457565308,0.26746588945388794,,0.6967205598950387,1.0,1.0,Jonathan Stewart,1.0,1.0,Jonathan Stewart,Jonathan Stewart,1.0,1.0,,,,escalate,ctd_style,0.5000974116162156,True,Jonathan Stewart,1.0,1.0,False,False
test,57274beff1498d1400e8f5e6,How many Examination Boards exist in India?,30,30,['30'],['30'],30,"['30', '30', '30']",True,1.0,1.0,"['In India, private schools are called independent schools, but since some private schools receive financial aid from the government, it can be an aided or an unaided school. So, in a strict sense, a private school is an unaided independent school. For the purpose of this definition, only receipt of financial aid is considered, not land purchased from the government at a subsidized rate. It is within the power of both the union government and the state governments to govern schools since Education appears in the Concurrent list of legislative subjects in the constitution. The practice has been for the union government to provide the broad policy directions while the states create their own rules and regulations for the administration of the sector. Among other things, this has also resulted in 30 different Examination Boards or academic authorities that conduct examinations for school leaving certificates. Prominent Examination Boards that are present in multiple states are the CBSE and the CISCE, NENBSE', 'The Theravada school spread south from India in the 3rd century BCE, to Sri Lanka and Thailand and Burma and later also Indonesia. The Dharmagupta school spread (also in 3rd century BCE) north to Kashmir, Gandhara and Bactria (Afghanistan).', 'The above are further subdivided into 31 planes of existence.[web 4] Rebirths in some of the higher heavens, known as the Śuddhāvāsa Worlds or Pure Abodes, can be attained only by skilled Buddhist practitioners known as anāgāmis (non-returners). Rebirths in the Ārūpyadhātu (formless realms) can be attained by only those who can meditate on the arūpajhānas, the highest object of meditation.']","[0.5560421943664551, 0.33108845353126526, 0.31146693229675293]",0.5560421943664551,0.7780210971832275,0.4638103321194649,,0.5560421943664551,-0.07237933576107025,,0.6052051763981581,1.0,1.0,30,1.0,1.0,,,,,,,,accept,ctd_style,0.49833787568128124,False,30,1.0,1.0,False,False
test,57274d905951b619008f87e3,Who started rumors in 2008 that ABC would sell its ten owned-and-operated stations?,Caris & Co.,Caris & Co.,['Caris & Co.'],['Caris & Co.'],Caris & Co.,"['Caris & Co.', 'Caris & Co.', 'Caris & Co.']",True,3.0,0.3333333333333333,"['In 2007, BSkyB and Virgin Media became involved in a dispute over the carriage of Sky channels on cable TV. The failure to renew the existing carriage agreements negotiated with NTL and Telewest resulted in Virgin Media removing the basic channels from the network on 1 March 2007. Virgin Media claimed that BSkyB had substantially increased the asking price for the channels, a claim which BSkyB denied, on the basis that their new deal offered ""substantially more value"" by including HD channels and Video On Demand content which was not previously carried by cable.', ""In 1965, the corporate entity, American Broadcasting-Paramount Theatres, was renamed as the American Broadcasting Companies,  while its cinema division became ABC Theatres;[citation needed] its recording division was renamed ABC Records in 1966. In December of that year, the ABC television network premiered The Dating Game, a pioneer series in its genre, which was a reworking of the blind date concept in which a suitor selected one of three contestants sight unseen based on the answers to selected questions. This was followed up in July 1966 by The Newlywed Game, featuring three recently married couples who guessed the responses to their partner's questions (some of which were fairly risque). As ABC began to outgrow its facilities at 7 West 66th Street, Goldenson found a new headquarters for ABC in a 44 story building located at 1330 Avenue of the Americas in Manhattan, at the corner of 54th Street (now occupied by The Financial Times's New York office). This operation allowed for the conversion of the premises at 66th Street into production facilities for television and radio programs."", ""The Writers Guild of America strike that halted production of network programs for much of the 2007–08 season affected the network in 2007–08 and 2008–09, as various ABC shows that premiered in 2007, such as Dirty Sexy Money, Pushing Daisies, Eli Stone and Samantha Who?, did not live to see a third season; other series such as Boston Legal and the U.S. version of Life on Mars suffered from low viewership, despite the former, a spin off of The Practice, being a once-highlighted breakout series when it debuted in 2005. One of the network's strike-replacement programs during that time was the game show Duel, which premiered in December 2007. The program would become a minor success for the network during its initial six-episode run, which led ABC to renew Duel as a regular series starting in April 2008. However, Duel suffered from low viewership during its run as a regular series, and ABC canceled the program after sixteen episodes. On August 15, 2008, Disney denied rumors started by Caris & Co. that it would be selling the ten ABC owned-and-operated stations.""]","[0.42320966720581055, 0.41608691215515137, 0.39734143018722534]",0.42320966720581055,0.7116048336029053,0.503684532828629,,0.42320966720581055,0.007369065657258034,,0.5972486681770535,1.0,1.0,Caris & Co.,1.0,1.0,,,,,,,,accept,ctd_style,0.4986059526672449,False,Caris & Co.,1.0,1.0,False,False
test,56bf1ae93aeaaa14008c951b,Which network broadcasted the 50th Super Bowl game? ,CBS,CBS,['CBS'],['CBS'],CBS,"['CBS', 'CBS', 'CBS']",True,1.0,1.0,"['CBS broadcast Super Bowl 50 in the U.S., and charged an average of $5 million for a 30-second commercial during the game. The Super Bowl 50 halftime show was headlined by the British rock group Coldplay with special guest performers Beyoncé and Bruno Mars, who headlined the Super Bowl XLVII and Super Bowl XLVIII halftime shows, respectively. It was the third-most watched U.S. broadcast ever.', ""In 1993, the league staged its first All-Star Game in Des Moines, Iowa, the future home of the long-running Iowa Barnstormers, as a fundraiser for flood victims in the area. The National Conference defeated the American Conference 64–40 in front of a crowd of 7,189. The second Allstar game was in Oct. 2013, with two games, the first in Honolulu, Hawai'i, the second being in Beijing, China."", ""In 1965, the corporate entity, American Broadcasting-Paramount Theatres, was renamed as the American Broadcasting Companies,  while its cinema division became ABC Theatres;[citation needed] its recording division was renamed ABC Records in 1966. In December of that year, the ABC television network premiered The Dating Game, a pioneer series in its genre, which was a reworking of the blind date concept in which a suitor selected one of three contestants sight unseen based on the answers to selected questions. This was followed up in July 1966 by The Newlywed Game, featuring three recently married couples who guessed the responses to their partner's questions (some of which were fairly risque). As ABC began to outgrow its facilities at 7 West 66th Street, Goldenson found a new headquarters for ABC in a 44 story building located at 1330 Avenue of the Americas in Manhattan, at the corner of 54th Street (now occupied by The Financial Times's New York office). This operation allowed for the conversion of the premises at 66th Street into production facilities for television and radio programs.""]","[0.5943267941474915, 0.40591415762901306, 0.3950589895248413]",0.5943267941474915,0.7971633970737457,0.6733571290969849,,0.5943267941474915,0.3467142581939697,,0.7290699496865273,1.0,1.0,CBS,1.0,1.0,CBS,CBS,1.0,1.0,,,,escalate,ctd_style,0.5005618871410967,True,CBS,1.0,1.0,False,False
test,57264d9edd62a815002e8100,Why was this short termed organization created?,to promote sustainable natural resource management,to promote sustainable natural resource management,['to promote sustainable natural resource management'],['to promote sustainable natural resource management'],to promote sustainable natural resource management,"['coordinate the response to the embargo', 'to coordinate the response to the embargo', 'to coordinate the response to the embargo', 'to coordinate the response to the embargo', 'to coordinate the response to the embargo']",False,,0.0,"[""A nonprofit organization (NPO, also known as a non-business entity) is an organization whose purposes are other than making a profit. A nonprofit organization is often dedicated to furthering a particular social cause or advocating for a particular point of view. In economic terms, a nonprofit organization uses its surplus revenues to further achieve its purpose or mission, rather than distributing its surplus income to the organization's shareholders (or equivalents) as profit or dividends. This is known as the distribution constraint. The decision to adopt a nonprofit legal structure is one that will often have taxation implications, particularly where the nonprofit seeks income tax exemption, charitable status and so on."", ""In 1993, the newly formed government of Namibia received funding from the United States Agency for International Development (USAID) through its Living in a Finite Environment (LIFE) Project. The Ministry of Environment and Tourism with the financial support from organisations such as USAID, Endangered Wildlife Trust, WWF, and Canadian Ambassador's Fund, together form a Community Based Natural Resource Management (CBNRM) support structure. The main goal of this project is promote sustainable natural resource management by giving local communities rights to wildlife management and tourism."", ""The process of founding the country's public university began on 11 June 1833 with the passage of a law proposed by Senator Dámaso Antonio Larrañaga. It called for the creation of nine academic departments; the President of the Republic would pass a decree formally creating the departments once the majority of them were in operation. In 1836, the House of General Studies was formed, housing the departments of Latin, philosophy, mathematics, theology and jurisprudence. On 27 May 1838, Manuel Oribe passed a decree establishing the Greater University of the Republic. That decree had few practical effects, given the institutional instability of the Oriental Republic of the Uruguay at that time.""]","[0.41397589445114136, 0.3062019944190979, 0.2876712381839752]",0.41397589445114136,0.7069879472255707,0.728232130408287,,0.41397589445114136,0.4564642608165741,,0.7186722479760648,0.0,0.2,to promote sustainable natural resource management,0.0,0.2,I do not know,I do not know,0.0,0.0,,,,escalate,ctd_style,0.5009335345709075,True,I do not know,0.0,0.0,False,False
test,5725c41eec44d21400f3d50b,What does LGM stands for?,Lunar Geodesic Machine,Lunar Geodesic Machine,['Lunar Geodesic Machine'],['Lunar Geodesic Machine'],Lunar Geodesic Machine,"['Last Glacial Maximum', 'Last Glacial Maximum', 'Last Glacial Maximum']",False,,0.0,"['After an unmanned LM test flight AS-206, a crew would fly the first Block II CSM and LM in a dual mission known as AS-207/208, or AS-278 (each spacecraft would be launched on a separate Saturn IB.) The Block II crew positions were titled Commander (CDR) Command Module Pilot (CMP) and Lunar Module Pilot (LMP). The astronauts would begin wearing a new Apollo spacesuit, designed to accommodate lunar extravehicular activity (EVA). The traditional visor helmet was replaced with a clear ""fishbowl"" type for greater visibility, and the lunar surface EVA suit would include a water-cooled undergarment.', 'The Association for Asian Studies states that there is no known written evidence to suggest that later leaders of the Gelug—Gendün Drup (1391–1474) and Gendün Gyatso (1475–1571)—had any contacts with Ming China. These two religious leaders were preoccupied with an overriding concern for dealing with the powerful secular Rinpungpa princes, who were patrons and protectors of the Karma Kargyu lamas. The Rinpungpa leaders were relatives of the Phagmodrupa, yet their authority shifted over time from simple governors to rulers in their own right over large areas of Ü-Tsang. The prince of Rinbung occupied Lhasa in 1498 and excluded the Gelug from attending New Years ceremonies and prayers, the most important event in the Gelug. While the task of New Years prayers in Lhasa was granted to the Karmapa and others, Gendün Gyatso traveled in exile looking for allies. However, it was not until 1518 that the secular Phagmodru ruler captured Lhasa from the Rinbung, and thereafter the Gelug was given rights to conduct the New Years prayer. When the Drikung Kagyu abbot of Drigung Monastery threatened Lhasa in 1537, Gendün Gyatso was forced to abandon the Drepung Monastery, although he eventually returned.', 'There is usually an indication for a specific identification of an infectious agent only when such identification can aid in the treatment or prevention of the disease, or to advance knowledge of the course of an illness prior to the development of effective therapeutic or preventative measures. For example, in the early 1980s, prior to the appearance of AZT for the treatment of AIDS, the course of the disease was closely followed by monitoring the composition of patient blood samples, even though the outcome would not offer the patient any further treatment options. In part, these studies on the appearance of HIV in specific communities permitted the advancement of hypotheses as to the route of transmission of the virus. By understanding how the disease was transmitted, resources could be targeted to the communities at greatest risk in campaigns aimed at reducing the number of new infections. The specific serological diagnostic identification, and later genotypic or molecular identification, of HIV also enabled the development of hypotheses as to the temporal and geographical origins of the virus, as well as a myriad of other hypothesis. The development of molecular diagnostic tools have enabled physicians and researchers to monitor the efficacy of treatment with anti-retroviral drugs. Molecular diagnostics are now commonly used to identify HIV in healthy people long before the onset of illness and have been used to demonstrate the existence of people who are genetically resistant to HIV infection. Thus, while there still is no cure for AIDS, there is great therapeutic and predictive benefit to identifying the virus and monitoring the virus levels within the blood of infected individuals, both for the patient and for the community at large.']","[0.28003668785095215, 0.19820532202720642, 0.19508439302444458]",0.28003668785095215,0.6400183439254761,0.6042086407542229,,0.28003668785095215,0.20841728150844574,,0.6203230071812869,0.0,0.0,Lunar Geodesic Machine,0.0,0.0,,,,,,,,accept,ctd_style,0.4994940189645271,False,Lunar Geodesic Machine,0.0,0.0,False,False
test,56e20a3ae3433e140042324d,What is the paper written by Richard Karp in 1972 that ushered in a new era of understanding between intractability and NP-complete problems?,"""Reducibility Among Combinatorial Problems""",Reducibility Among Combinatorial Problems,"['""Reducibility Among Combinatorial Problems""']",['Reducibility Among Combinatorial Problems'],Reducibility Among Combinatorial Problems,"['""Reducibility Among Combinatorial Problems""', 'Reducibility Among Combinatorial Problems', '""Reducibility Among Combinatorial Problems""']",True,1.0,1.0,"['In 1967, Manuel Blum developed an axiomatic complexity theory based on his axioms and proved an important result, the so-called, speed-up theorem. The field really began to flourish in 1971 when the US researcher Stephen Cook and, working independently, Leonid Levin in the USSR, proved that there exist practically relevant problems that are NP-complete. In 1972, Richard Karp took this idea a leap forward with his landmark paper, ""Reducibility Among Combinatorial Problems"", in which he showed that 21 diverse combinatorial and graph theoretical problems, each infamous for its computational intractability, are NP-complete.', ""Von Neumann's results have been viewed as a special case of linear programming, where von Neumann's model uses only nonnegative matrices. The study of von Neumann's model of an expanding economy continues to interest mathematical economists with interests in computational economics. This paper has been called the greatest paper in mathematical economics by several authors, who recognized its introduction of fixed-point theorems, linear inequalities, complementary slackness, and saddlepoint duality. In the proceedings of a conference on von Neumann's growth model, Paul Samuelson said that many mathematicians had developed methods useful to economists, but that von Neumann was unique in having made significant contributions to economic theory itself."", 'In fact, process theology is difficult to define because process theologians are so diverse and transdisciplinary in their views and interests. John B. Cobb, Jr. is a process theologian who has also written books on biology and economics. Roland Faber and Catherine Keller integrate Whitehead with poststructuralist, postcolonialist, and feminist theory. Charles Birch was both a theologian and a geneticist. Franklin I. Gamwell writes on theology and political theory. In Syntheism - Creating God in The Internet Age, futurologists Alexander Bard and Jan Söderqvist repeatedly credit Whitehead for the process theology they see rising out of the participatory culture expected to dominate the digital era.']","[0.6659392714500427, 0.34596705436706543, 0.28440332412719727]",0.6659392714500427,0.8329696357250214,0.7181881666183472,,0.6659392714500427,0.43637633323669434,,0.7698398277163505,1.0,1.0,Reducibility Among Combinatorial Problems,1.0,1.0,"""Reducibility Among Combinatorial Problems""",Reducibility Among Combinatorial Problems,1.0,1.0,,,,escalate,ctd_style,0.5011079123843336,True,Reducibility Among Combinatorial Problems,1.0,1.0,False,False
test,572f59b4a23a5019007fc58a,What Lake in a German island Mainau receives a fraction of the Rhine's flow?,Hagnau am Bodensee,Hagnau am Bodensee,['Hagnau am Bodensee'],['Hagnau am Bodensee'],Hagnau am Bodensee,"['Lake Überlingen', 'Lake Überlingen', 'Lake Überlingen']",True,1.0,1.0,"['The flow of cold, gray mountain water continues for some distance into the lake. The cold water flows near the surface and at first doesn\'t mix with the warmer, green waters of Upper Lake. But then, at the so-called Rheinbrech, the Rhine water abruptly falls into the depths because of the greater density of cold water. The flow reappears on the surface at the northern (German) shore of the lake, off the island of Lindau. The water then follows the northern shore until Hagnau am Bodensee. A small fraction of the flow is diverted off the island of Mainau into Lake Überlingen. Most of the water flows via the Constance hopper into the Rheinrinne (""Rhine Gutter"") and Seerhein. Depending on the water level, this flow of the Rhine water is clearly visible along the entire length of the lake.', ""Although there is some evidence of earlier inhabitation in the region of Utrecht, dating back to the Stone Age (app. 2200 BCE) and settling in the Bronze Age (app. 1800–800 BCE), the founding date of the city is usually related to the construction of a Roman fortification (castellum), probably built in around 50 CE. A series of such fortresses was built after the Roman emperor Claudius decided the empire should not expand north. To consolidate the border the limes Germanicus defense line was constructed  along the main branch of the river Rhine, which at that time flowed through a more northern bed compared to today (what is now the Kromme Rijn). These fortresses were designed to house a cohort of about 500 Roman soldiers. Near the fort settlements would grow housing artisans, traders and soldiers' wives and children."", 'The Allies offered peace terms in the Frankfurt proposals in November 1813. Napoleon would remain as Emperor of France, but it would be reduced to its ""natural frontiers."" That meant that France could retain control of Belgium, Savoy and the Rhineland (the west bank of the Rhine River), while giving up control of all the rest, including all of Spain and the Netherlands, and most of Italy and Germany. Metternich told Napoleon these were the best terms the Allies were likely to offer; after further victories, the terms would be harsher and harsher. Metternich\'s motivation was to maintain France as a balance against Russian threats, while ending the highly destabilizing series of wars.']","[0.7548953890800476, 0.3529527187347412, 0.33364808559417725]",0.7548953890800476,0.8774476945400238,0.5477791205048561,,0.7548953890800476,0.09555824100971222,,0.6961299788206816,0.0,0.0,Hagnau am Bodensee,0.0,0.0,,,,,,,,accept,ctd_style,0.4994322354437152,False,Hagnau am Bodensee,0.0,0.0,False,False
test,5727678e5951b619008f8973,What studio does ABC own at 1500 Broadway in NYC?,Times Square Studios,Times Square Studios,['Times Square Studios'],['Times Square Studios'],Times Square Studios,"['Times Square Studios', 'Times Square Studios', 'Times Square Studios']",True,1.0,1.0,"['ABC also owns the Times Square Studios at 1500 Broadway on land in Times Square owned by a development fund for the 42nd Street Project; opened in 1999, Good Morning America and Nightline are broadcast from this particular facility. ABC News has premises a little further on West 66th Street, in a six-story building occupying a 196 feet (60 m) × 379 feet (116 m) plot at 121–135 West End Avenue. The block of West End Avenue housing the ABC News building was renamed Peter Jennings Way in 2006 in honor of the recently deceased longtime ABC News chief anchor and anchor of World News Tonight.', ""In 1965, the corporate entity, American Broadcasting-Paramount Theatres, was renamed as the American Broadcasting Companies,  while its cinema division became ABC Theatres;[citation needed] its recording division was renamed ABC Records in 1966. In December of that year, the ABC television network premiered The Dating Game, a pioneer series in its genre, which was a reworking of the blind date concept in which a suitor selected one of three contestants sight unseen based on the answers to selected questions. This was followed up in July 1966 by The Newlywed Game, featuring three recently married couples who guessed the responses to their partner's questions (some of which were fairly risque). As ABC began to outgrow its facilities at 7 West 66th Street, Goldenson found a new headquarters for ABC in a 44 story building located at 1330 Avenue of the Americas in Manhattan, at the corner of 54th Street (now occupied by The Financial Times's New York office). This operation allowed for the conversion of the premises at 66th Street into production facilities for television and radio programs."", ""Around 40 theatres are located in Hanover. The Opera House, the Schauspielhaus (Play House), the Ballhofeins, the Ballhofzwei and the Cumberlandsche Galerie belong to the Lower Saxony State Theatre. The Theater am Aegi is Hanover's big theatre for musicals, shows and guest performances. The Neues Theater (New Theatre) is the Boulevard Theatre of Hanover. The Theater für Niedersachsen is another big theatre in Hanover, which also has an own Musical-Company. Some of the most important Musical-Productions are the rock musicals of the German rock musician Heinz Rudolph Kunze, which take place at the Garden-Theatre in the Great Garden.""]","[0.4832058846950531, 0.4484870433807373, 0.37697070837020874]",0.4832058846950531,0.7416029423475266,0.7435747385025024,,0.4832058846950531,0.4871494770050049,,0.7426874302327633,1.0,1.0,Times Square Studios,1.0,1.0,Times Square Studios,Times Square Studios,1.0,1.0,,,,escalate,ctd_style,0.5011699128425194,True,Times Square Studios,1.0,1.0,False,False
test,572867543acd2414000df9a1,How many fraternities are apart of the university?,fifteen,fifteen,['fifteen'],['fifteen'],fifteen,"['fifteen', 'fifteen', 'fifteen']",True,1.0,1.0,"['There are fifteen fraternities and seven sororities at the University of Chicago, as well as one co-ed community service fraternity, Alpha Phi Omega. Four of the sororities are members of the National Panhellenic Conference, and ten of the fraternities form the University of Chicago Interfraternity Council. In 2002, the Associate Director of Student Activities estimated that 8–10 percent of undergraduates were members of fraternities or sororities. The student activities office has used similar figures, stating that one in ten undergraduates participate in Greek life.', ""In the 1890s, the University of Chicago, fearful that its vast resources would injure smaller schools by drawing away good students, affiliated with several regional colleges and universities: Des Moines College, Kalamazoo College, Butler University, and Stetson University. In 1896, the university affiliated with Shimer College in Mount Carroll, Illinois. Under the terms of the affiliation, the schools were required to have courses of study comparable to those at the university, to notify the university early of any contemplated faculty appointments or dismissals, to make no faculty appointment without the university's approval, and to send copies of examinations for suggestions. The University of Chicago agreed to confer a degree on any graduating senior from an affiliated school who made a grade of A for all four years, and on any other graduate who took twelve weeks additional study at the University of Chicago. A student or faculty member of an affiliated school was entitled to free tuition at the University of Chicago, and Chicago students were eligible to attend an affiliated school on the same terms and receive credit for their work. The University of Chicago also agreed to provide affiliated schools with books and scientific apparatus and supplies at cost; special instructors and lecturers without cost except travel expenses; and a copy of every book and journal published by the University of Chicago Press at no cost. The agreement provided that either party could terminate the affiliation on proper notice. Several University of Chicago professors disliked the program, as it involved uncompensated additional labor on their part, and they believed it cheapened the academic reputation of the university. The program passed into history by 1910."", 'Freemasonry consists of fraternal organisations that trace their origins to the local fraternities of stonemasons, which from the end of the fourteenth century regulated the qualifications of stonemasons and their interaction with authorities and clients. The degrees of freemasonry retain the three grades of medieval craft guilds, those of Apprentice, Journeyman or fellow (now called Fellowcraft), and Master Mason. These are the degrees offered by Craft (or Blue Lodge) Freemasonry. Members of these organisations are known as Freemasons or Masons. There are additional degrees, which vary with locality and jurisdiction, and are usually administered by different bodies than the craft degrees.']","[0.632454514503479, 0.3779396414756775, 0.37395381927490234]",0.632454514503479,0.8162272572517395,0.5461180880665779,,0.632454514503479,0.09223617613315582,,0.6676672141999007,1.0,1.0,fifteen,1.0,1.0,,,,,,,,accept,ctd_style,0.4992793882773768,False,fifteen,1.0,1.0,False,False
test,57275f6ef1498d1400e8f709,At what address did Goldenson secure a new headquarters for ABC?,1330 Avenue of the Americas,1330 Avenue of the Americas,['1330 Avenue of the Americas'],['1330 Avenue of the Americas'],1330 Avenue of the Americas,"['1330 Avenue of the Americas in Manhattan', '1330 Avenue of the Americas in Manhattan', '1330 Avenue of the Americas in Manhattan']",True,1.0,1.0,"[""In 1965, the corporate entity, American Broadcasting-Paramount Theatres, was renamed as the American Broadcasting Companies,  while its cinema division became ABC Theatres;[citation needed] its recording division was renamed ABC Records in 1966. In December of that year, the ABC television network premiered The Dating Game, a pioneer series in its genre, which was a reworking of the blind date concept in which a suitor selected one of three contestants sight unseen based on the answers to selected questions. This was followed up in July 1966 by The Newlywed Game, featuring three recently married couples who guessed the responses to their partner's questions (some of which were fairly risque). As ABC began to outgrow its facilities at 7 West 66th Street, Goldenson found a new headquarters for ABC in a 44 story building located at 1330 Avenue of the Americas in Manhattan, at the corner of 54th Street (now occupied by The Financial Times's New York office). This operation allowed for the conversion of the premises at 66th Street into production facilities for television and radio programs."", 'ABC also owns the Times Square Studios at 1500 Broadway on land in Times Square owned by a development fund for the 42nd Street Project; opened in 1999, Good Morning America and Nightline are broadcast from this particular facility. ABC News has premises a little further on West 66th Street, in a six-story building occupying a 196 feet (60 m) × 379 feet (116 m) plot at 121–135 West End Avenue. The block of West End Avenue housing the ABC News building was renamed Peter Jennings Way in 2006 in honor of the recently deceased longtime ABC News chief anchor and anchor of World News Tonight.', 'The Panthers used the San Jose State practice facility and stayed at the San Jose Marriott. The Broncos practiced at Stanford University and stayed at the Santa Clara Marriott.']","[0.5062187910079956, 0.40515968203544617, 0.390831857919693]",0.5062187910079956,0.7531093955039978,0.6624505817890167,,0.5062187910079956,0.32490116357803345,,0.7032470479607582,0.0,0.8,1330 Avenue of the Americas,0.0,0.8,1330 Avenue of the Americas,1330 Avenue of the Americas,0.0,0.8,,,,escalate,ctd_style,0.5003507928852062,True,1330 Avenue of the Americas,0.0,0.8,False,False
test,5730b255396df919000962b4,Who had established the Russian empire to its former glory prior to 1921?,Lenin,Lenin,['Lenin'],['Lenin'],Lenin,"['Bolshevik leaders', 'Bolshevik leaders', 'Bolshevik leaders', 'Bolshevik leaders']",True,1.0,1.0,"['Bolshevik leaders had effectively reestablished a polity with roughly the same extent as that empire by 1921, however with an internationalist ideology: Lenin in particular asserted the right to limited self-determination for national minorities within the new territory. Beginning in 1923, the policy of ""Indigenization"" [korenizatsiia] was intended to support non-Russians develop their national cultures within a socialist framework. Never formally revoked, it stopped being implemented after 1932. After World War II, the Soviet Union installed socialist regimes modeled on those it had installed in 1919–20 in the old Tsarist Empire in areas its forces occupied in Eastern Europe. The Soviet Union and the People’s Republic of China supported post–World War II communist movements in foreign nations and colonies to advance their own interests, but were not always successful.', 'On December 25, 1991, following the collapse of the Soviet Union, the republic was renamed the Russian Federation, which it remains to this day. This name and ""Russia"" were specified as the official state names in the April 21, 1992 amendment to the existing constitution and were retained as such in the 1993 Constitution of Russia.', 'In 1943, Karachay Autonomous Oblast was dissolved by Joseph Stalin, when the Karachays were exiled to Central Asia for their alleged collaboration with the Germans and territory was incorporated into the Georgian SSR.']","[0.5513204336166382, 0.4324039816856384, 0.39749884605407715]",0.5513204336166382,0.7756602168083191,0.6735904514789581,,0.5513204336166382,0.34718090295791626,,0.7195218458771706,0.0,0.0,Lenin,0.0,0.0,I do not know,I do not know,0.0,0.0,,,,escalate,ctd_style,0.5005167040899918,True,I do not know,0.0,0.0,False,False
test,57298ef11d0469140077952f,What does the Riemann hypothesis state the source of irregularity in the distribution of points comes from?,random noise,random noise,['random noise'],['random noise'],random noise,"['random noise', 'random noise', 'random noise', 'random noise']",True,1.0,1.0,"['The unproven Riemann hypothesis, dating from 1859, states that except for s = −2, −4, ..., all zeroes of the ζ-function have real part equal to 1/2. The connection to prime numbers is that it essentially says that the primes are as regularly distributed as possible.[clarification needed] From a physical viewpoint, it roughly states that the irregularity in the distribution of primes only comes from random noise. From a mathematical viewpoint, it roughly states that the asymptotic distribution of primes (about x/log x of numbers less than x are primes, the prime number theorem) also holds for much shorter intervals of length about the square root of x (for intervals near x). This hypothesis is generally believed to be correct. In particular, the simplest assumption is that primes should have no significant irregularities without good reason.', 'Early human genetic cluster analysis studies were conducted with samples taken from ancestral population groups living at extreme geographic distances from each other. It was thought that such large geographic distances would maximize the genetic variation between the groups sampled in the analysis and thus maximize the probability of finding cluster patterns unique to each group. In light of the historically recent acceleration of human migration (and correspondingly, human gene flow) on a global scale, further studies were conducted to judge the degree to which genetic cluster analysis can pattern ancestrally identified groups as well as geographically separated groups. One such study looked at a large multiethnic population in the United States, and ""detected only modest genetic differentiation between different current geographic locales within each race/ethnicity group. Thus, ancient geographic ancestry, which is highly correlated with self-identified race/ethnicity—as opposed to current residence—is the major determinant of genetic structure in the U.S. population."" (Tang et al. (2005))', 'On 16 April 1973, Gaddafi proclaimed the start of a ""Popular Revolution"" in a Zuwarah speech. He initiated this with a 5-point plan, the first point of which dissolved all existing laws, to be replaced by revolutionary enactments. The second point proclaimed that all opponents of the revolution had to be removed, while the third initiated an administrative revolution that Gaddafi proclaimed would remove all traces of bureaucracy and the bourgeoisie. The fourth point announced that the population must form People\'s Committees and be armed to defend the revolution, while the fifth proclaimed the beginning of a cultural revolution to expunge Libya of ""poisonous"" foreign influences. He began to lecture on this new phase of the revolution in Libya, Egypt, and France.']","[0.6244621276855469, 0.2318759262561798, 0.20081853866577148]",0.6244621276855469,0.8122310638427734,0.5590176545083523,,0.6244621276855469,0.11803530901670456,,0.6729636887088418,1.0,1.0,random noise,1.0,1.0,,,,,,,,accept,ctd_style,0.4994048396302219,False,random noise,1.0,1.0,False,False
test,56f86966aef2371900626053,Which work of Luther's is effective in teaching children?,Luther's Small Catechism,Luther's Small Catechism,"[""Luther's Small Catechism""]","[""Luther's Small Catechism""]",Luther's Small Catechism,"['Small Catechism', 'Small Catechism', 'Small Catechism']",True,1.0,1.0,"[""Luther's Small Catechism proved especially effective in helping parents teach their children; likewise the Larger Catechism was effective for pastors. Using the German vernacular, they expressed the Apostles' Creed in simpler, more personal, Trinitarian language. He rewrote each article of the Creed to express the character of the Father, the Son, or the Holy Spirit. Luther's goal was to enable the catechumens to see themselves as a personal object of the work of the three persons of the Trinity, each of which works in the catechumen's life. That is, Luther depicted the Trinity not as a doctrine to be learned, but as persons to be known. The Father creates, the Son redeems, and the Spirit sanctifies, a divine unity with separate personalities. Salvation originates with the Father and draws the believer to the Father. Luther's treatment of the Apostles' Creed must be understood in the context of the Decalogue (the Ten Commandments) and the Lord's Prayer, which are also part of the Lutheran catechical teaching."", 'The primary responsibility for a boy\'s studies lies with his House Master, but he is assisted by an additional director of studies, known as a tutor. Classes, colloquially known as ""divs"" (divisions), are organised on a School basis; the classrooms are separate from the houses. New school buildings have appeared for teaching purposes every decade or so since New Schools, designed by Henry Woodyer and built 1861-3. Despite the introduction of modern technology, the external appearance and locations of many of the classrooms have remained unchanged for a long time.', 'The rediscovery of Aristotle\'s works–more than 3000 pages of it would eventually be translated –fuelled a spirit of inquiry into natural processes that had already begun to emerge in the 12th century. Some scholars believe that these works represented one of the most important document discoveries in Western intellectual history. Richard Dales, for instance, calls the discovery of Aristotle\'s works ""a turning point in the history of Western thought."" After Aristotle re-emerged, a community of scholars, primarily communicating in Latin, accelerated the process and practice of attempting to reconcile the thoughts of Greek antiquity, and especially ideas related to understanding the natural world, with those of the church. The efforts of this ""scholasticism"" were focused on applying Aristotelian logic and thoughts about natural processes to biblical passages and attempting to prove the viability of those passages through reason. This became the primary mission of lecturers, and the expectation of students.']","[0.5659477710723877, 0.39016637206077576, 0.3283969759941101]",0.5659477710723877,0.7829738855361938,0.8143623471260071,,0.5659477710723877,0.6287246942520142,,0.8002375394105912,0.0,0.8,Luther's Small Catechism,0.0,0.8,Luther's Small Catechism,Luther's Small Catechism,0.0,0.8,,,,escalate,ctd_style,0.5019984914823608,True,Luther's Small Catechism,0.0,0.8,False,False
test,5728d5793acd2414000dffb7,How was the civil disobedience shown in Antigone?,"In Antigone, Antigone gives a speech in which she tells Creon that she must obey her conscience rather than human law.","In Antigone, Antigone gives a speech in which she tells Creon that she must obey her conscience rather than human law.","['In Antigone, Antigone gives a speech in which she tells Creon that she must obey her conscience rather than human law.']","['In Antigone, Antigone gives a speech in which she tells Creon that she must obey her conscience rather than human law.']","In Antigone, Antigone gives a speech in which she tells Creon that she must obey her conscience rather than human law.","['obey her conscience rather than human law', 'She gives a stirring speech', 'She gives a stirring speech in which she tells him that she must obey her conscience rather than human law', 'a stirring speech', 'She gives a stirring speech in which she tells him that she must obey her conscience rather than human law']",True,1.0,1.0,"[""One of the oldest depictions of civil disobedience is in Sophocles' play Antigone, in which Antigone, one of the daughters of former King of Thebes, Oedipus, defies Creon, the current King of Thebes, who is trying to stop her from giving her brother Polynices a proper burial. She gives a stirring speech in which she tells him that she must obey her conscience rather than human law. She is not at all afraid of the death he threatens her with (and eventually carries out), but she is afraid of how her conscience will smite her if she does not do this."", ""The first Roman republican wars were wars of both expansion and defence, aimed at protecting Rome itself from neighbouring cities and nations and establishing its territory in the region. Initially, Rome's immediate neighbours were either Latin towns and villages, or else tribal Sabines from the Apennine hills beyond. One by one Rome defeated both the persistent Sabines and the local cities, both those under Etruscan control and those that had cast off their Etruscan rulers. Rome defeated Latin cities in the Battle of Lake Regillus in 496 BC, the Battle of Mons Algidus in 458 BC, the Battle of Corbione in 446 BC, the Battle of Aricia, and especially the Battle of the Cremera in 477 BC wherein it fought against the most important Etruscan city of Veii."", 'Some civil disobedience defendants choose to make a defiant speech, or a speech explaining their actions, in allocution. In U.S. v. Burgos-Andujar, a defendant who was involved in a movement to stop military exercises by trespassing on U.S. Navy property argued to the court in allocution that ""the ones who are violating the greater law are the members of the Navy"". As a result, the judge increased her sentence from 40 to 60 days. This action was upheld because, according to the U.S. Court of Appeals for the First Circuit, her statement suggested a lack of remorse, an attempt to avoid responsibility for her actions, and even a likelihood of repeating her illegal actions. Some of the other allocution speeches given by the protesters complained about mistreatment from government officials.']","[0.6551713943481445, 0.31823521852493286, 0.30682820081710815]",0.6551713943481445,0.8275856971740723,0.7015753835439682,,0.6551713943481445,0.4031507670879364,,0.758280024677515,0.0,0.8205128205128205,"In Antigone, Antigone gives a speech in which she tells Creon that she must obey her conscience rather than human law.",0.0,0.8205128205128205,defying Creon,defying Creon,0.0,0.0,,,,escalate,ctd_style,0.5009230330916691,True,defying Creon,0.0,0.0,False,False
test,572684365951b619008f7540,Where do juvenile platyctenids live?,Jungle,Jungle,['Jungle'],['Jungle'],Jungle,"['among the plankton', 'among the plankton', 'among the plankton']",True,1.0,1.0,"['Development of the fertilized eggs is direct, in other words there is no distinctive larval form, and juveniles of all groups generally resemble miniature cydippid adults. In the genus Beroe the juveniles, like the adults, lack tentacles and tentacle sheaths. In most species the juveniles gradually develop the body forms of their parents. In some groups, such as the flat, bottom-dwelling platyctenids, the juveniles behave more like true larvae, as they live among the plankton and thus occupy a different ecological niche from their parents and attain the adult form by a more radical metamorphosis, after dropping to the sea-floor.', 'Most mammals are viviparous, giving birth to live young. However, the five species of monotreme, the platypuses and the echidnas, lay eggs. The monotremes have a sex determination system different from that of most other mammals. In particular, the sex chromosomes of a platypus are more like those of a chicken than those of a therian mammal. Like marsupials and most other mammals, monotreme young are larval and fetus-like, as the presence of epipubic bones prevents the expansion of the torso, forcing them to produce small young.', 'The Desert National Park in Jaisalmer is spread over an area of 3,162 square kilometres (1,221 sq mi), is an excellent example of the ecosystem of the Thar Desert and its diverse fauna. Seashells and massive fossilised tree trunks in this park record the geological history of the desert. The region is a haven for migratory and resident birds of the desert. One can see many eagles, harriers, falcons, buzzards, kestrels and vultures. Short-toed eagles (Circaetus gallicus), tawny eagles (Aquila rapax), spotted eagles (Aquila clanga), laggar falcons (Falco jugger) and kestrels are the commonest of these.']","[0.5137939453125, 0.4038725793361664, 0.34666526317596436]",0.5137939453125,0.75689697265625,0.5182611551135778,,0.5137939453125,0.036522310227155685,,0.6256472730077803,0.0,0.0,Jungle,0.0,0.0,,,,,,,,accept,ctd_style,0.4988579968294801,False,Jungle,0.0,0.0,False,False
test,570d26efb3d812140066d493,How often are elections held for the Victorian Parliament?,every four years,every four years,['every four years'],['every four years'],every four years,"['every four years', 'every four years', 'four years']",True,1.0,1.0,"['In November 2006, the Victorian Legislative Council elections were held under a new multi-member proportional representation system. The State of Victoria was divided into eight electorates with each electorate represented by five representatives elected by Single Transferable Vote. The total number of upper house members was reduced from 44 to 40 and their term of office is now the same as the lower house members—four years. Elections for the Victorian Parliament are now fixed and occur in November every four years. Prior to the 2006 election, the Legislative Council consisted of 44 members elected to eight-year terms from 22 two-member electorates.', 'Melbourne (/ˈmɛlbərn/, AU i/ˈmɛlbən/) is the capital and most populous city in the Australian state of Victoria, and the second most populous city in Australia and Oceania. The name ""Melbourne"" refers to the area of urban agglomeration (as well as a census statistical division) spanning 9,900 km2 (3,800 sq mi) which comprises the broader metropolitan area, as well as being the common name for its city centre. The metropolis is located on the large natural bay of Port Phillip and expands into the hinterlands towards the Dandenong and Macedon mountain ranges, Mornington Peninsula and Yarra Valley. Melbourne consists of 31 municipalities. It has a population of 4,347,955 as of 2013, and its inhabitants are called Melburnians.', ""Australian rules football and cricket are the most popular sports in Melbourne. It is considered the spiritual home of the two sports in Australia. The first official Test cricket match was played at the Melbourne Cricket Ground in March 1877. The origins of Australian rules football can be traced to matches played next to the MCG in 1858. The Australian Football League is headquartered at Docklands Stadium. Nine of the League's teams are based in the Melbourne metropolitan area: Carlton, Collingwood, Essendon, Hawthorn, Melbourne, North Melbourne, Richmond, St Kilda, and Western Bulldogs. Up to five AFL matches are played each week in Melbourne, attracting an average 40,000 people per game. Additionally, the city annually hosts the AFL Grand Final.""]","[0.6454606652259827, 0.3323553502559662, 0.31809666752815247]",0.6454606652259827,0.8227303326129913,0.5593633502721786,,0.6454606652259827,0.1187267005443573,,0.6778784923255444,1.0,1.0,every four years,1.0,1.0,,,,,,,,accept,ctd_style,0.499431686146,False,every four years,1.0,1.0,False,False
test,57378c9b1c456719005744a9,What magnetic and electric force acts on a charge?,magnetic force,magnetic force,['magnetic force'],['magnetic force'],magnetic force,"['unified electromagnetic', 'unified electromagnetic force', 'electromagnetic', 'unified electromagnetic force']",True,1.0,1.0,"[""Through combining the definition of electric current as the time rate of change of electric charge, a rule of vector multiplication called Lorentz's Law describes the force on a charge moving in a magnetic field. The connection between electricity and magnetism allows for the description of a unified electromagnetic force that acts on a charge. This force can be written as a sum of the electrostatic force (due to the electric field) and the magnetic force (due to the magnetic field). Fully stated, this is the law:"", 'The rotating armature consists of one or more coils of wire wound around a laminated, magnetically ""soft"" ferromagnetic core. Current from the brushes flows through the commutator and one winding of the armature, making it a temporary magnet (an electromagnet). The magnetic field produced by the armature interacts with a stationary magnetic field produced by either PMs or another winding a field coil, as part of the motor frame. The force between the two magnetic fields tends to rotate the motor shaft. The commutator switches power to the coils as the rotor turns, keeping the magnetic poles of the rotor from ever fully aligning with the magnetic poles of the stator field, so that the rotor never stops (like a compass needle does), but rather keeps rotating as long as power is applied.', ""Portuguese law applied in the former colonies and territories and continues to be the major influence for those countries. Portugal's main police organizations are the Guarda Nacional Republicana – GNR (National Republican Guard), a gendarmerie; the Polícia de Segurança Pública – PSP (Public Security Police), a civilian police force who work in urban areas; and the Polícia Judiciária – PJ (Judicial Police), a highly specialized criminal investigation police that is overseen by the Public Ministry.""]","[0.5828181505203247, 0.30576539039611816, 0.19709214568138123]",0.5828181505203247,0.7914090752601624,0.7136308252811432,,0.5828181505203247,0.4272616505622864,,0.7486310377717018,0.0,0.4,magnetic force,0.0,0.4,electrostatic force,electrostatic force,0.0,0.4,,,,escalate,ctd_style,0.5009684423552622,True,electrostatic force,0.0,0.4,False,False
test,57286bb84b864d19001649c8,What kinds of growth did Kublai encourage?,"commercial, scientific, and cultural","commercial, scientific, and cultural","['commercial, scientific, and cultural']","['commercial, scientific, and cultural']","commercial, scientific, and cultural","['commercial, scientific, and cultural', 'commercial, scientific, and cultural', 'commercial, scientific, and cultural']",True,1.0,1.0,"[""Kublai Khan promoted commercial, scientific, and cultural growth. He supported the merchants of the Silk Road trade network by protecting the Mongol postal system, constructing infrastructure, providing loans that financed trade caravans, and encouraging the circulation of paper banknotes (鈔, Chao). Pax Mongolica, Mongol peace, enabled the spread of technologies, commodities, and culture between China and the West. Kublai expanded the Grand Canal from southern China to Daidu in the north. Mongol rule was cosmopolitan under Kublai Khan. He welcomed foreign visitors to his court, such as the Venetian merchant Marco Polo, who wrote the most influential European account of Yuan China. Marco Polo's travels would later inspire many others like Christopher Columbus to chart a passage to the Far East in search of its legendary wealth."", 'The Kingdom of Nri of the Igbo people consolidated in the 10th century and continued until it lost its sovereignty to the British in 1911. Nri was ruled by the Eze Nri, and the city of Nri is considered to be the foundation of Igbo culture. Nri and Aguleri, where the Igbo creation myth originates, are in the territory of the Umeuri clan. Members of the clan trace their lineages back to the patriarchal king-figure Eri. In West Africa, the oldest bronzes made using the lost-wax process were from Igbo Ukwu, a city under Nri influence.', ""Although there is some evidence of earlier inhabitation in the region of Utrecht, dating back to the Stone Age (app. 2200 BCE) and settling in the Bronze Age (app. 1800–800 BCE), the founding date of the city is usually related to the construction of a Roman fortification (castellum), probably built in around 50 CE. A series of such fortresses was built after the Roman emperor Claudius decided the empire should not expand north. To consolidate the border the limes Germanicus defense line was constructed  along the main branch of the river Rhine, which at that time flowed through a more northern bed compared to today (what is now the Kromme Rijn). These fortresses were designed to house a cohort of about 500 Roman soldiers. Near the fort settlements would grow housing artisans, traders and soldiers' wives and children.""]","[0.4426962733268738, 0.3352201581001282, 0.29976826906204224]",0.4426962733268738,0.7213481366634369,0.5376697480678558,,0.4426962733268738,0.07533949613571167,,0.6203250229358673,1.0,1.0,"commercial, scientific, and cultural",1.0,1.0,,,,,,,,accept,ctd_style,0.4989813508270963,False,"commercial, scientific, and cultural",1.0,1.0,False,False
test,5727f746ff5b5019007d9960,What was the name of the first episode of the new Doctor Who series?,Rose,Rose,['Rose'],['Rose'],Rose,"['Rose', 'Rose', 'Rose']",True,1.0,1.0,"['Doctor Who finally returned with the episode ""Rose"" on BBC One on 26 March 2005. There have since been nine further series in 2006–2008 and 2010–2015, and Christmas Day specials every year since 2005. No full series was filmed in 2009, although four additional specials starring David Tennant were made. In 2010, Steven Moffat replaced Davies as head writer and executive producer. In January 2016, Moffat announced that he would step down after the 2017 finale, to be replaced by Chris Chibnall in 2018. In addition, Series 10 will debut in Spring 2017, with a Christmas special broadcast in 2016.', 'The year used in dates during the Roman Republic and the Roman Empire was the consular year, which began on the day when consuls first entered office—probably 1 May before 222 BC, 15 March from 222 BC and 1 January from 153 BC. The Julian calendar, which began in 45 BC, continued to use 1 January as the first day of the new year. Even though the year used for dates changed, the civil year always displayed its months in the order January to December from the Roman Republican period until the present.', 'Finalist Phillip Phillips suffered from kidney pain and was taken to the hospital before the Top 13 results show, and later received medical procedure to alleviate a blockage caused by kidney stones. He was reported to have eight surgeries during his Idol run, and had considered quitting the show due to the pain. He underwent surgery to remove the stones and reconstruct his kidney soon after the season had finished.']","[0.5816770792007446, 0.22664839029312134, 0.21480144560337067]",0.5816770792007446,0.7908385396003723,0.5108114760369062,,0.5816770792007446,0.021622952073812485,,0.636823654640466,1.0,1.0,Rose,1.0,1.0,,,,,,,,accept,ctd_style,0.4988555900676391,False,Rose,1.0,1.0,False,False
test,5706074552bb8914006897d6,Each of the extended metropolitan areas has a population that exceeds what number?,five million,five million,['five million'],['five million'],five million,"['five million', 'five million', 'five million']",True,2.0,0.5,"['The demographics of the British Isles today are characterised by a generally high density of population in England, which accounts for almost 80% of the total population of the islands. In elsewhere on Great Britain and on Ireland, high density of population is limited to areas around, or close to, a few large cities. The largest urban area by far is the Greater London Urban Area with 9 million inhabitants. Other major populations centres include Greater Manchester Urban Area (2.4 million), West Midlands conurbation (2.4 million), West Yorkshire Urban Area (1.6 million) in England, Greater Glasgow (1.2 million) in Scotland and Greater Dublin Area (1.1 million) in Ireland.[citation needed]', 'Southern California consists of one Combined Statistical Area, eight Metropolitan Statistical Areas, one international metropolitan area, and multiple metropolitan divisions. The region is home to two extended metropolitan areas that exceed five million in population. These are the Greater Los Angeles Area at 17,786,419, and San Diego–Tijuana at 5,105,768. Of these metropolitan areas, the Los Angeles-Long Beach-Santa Ana metropolitan area, Riverside-San Bernardino-Ontario metropolitan area, and Oxnard-Thousand Oaks-Ventura metropolitan area form Greater Los Angeles; while the El Centro metropolitan area and San Diego-Carlsbad-San Marcos metropolitan area form the Southern Border Region. North of Greater Los Angeles are the Santa Barbara, San Luis Obispo, and Bakersfield metropolitan areas.', 'New York became the most populous urbanized area in the world in the early 1920s, overtaking London. The metropolitan area surpassed the 10 million mark in the early 1930s, becoming the first megacity in human history. The difficult years of the Great Depression saw the election of reformer Fiorello La Guardia as mayor and the fall of Tammany Hall after eighty years of political dominance.']","[0.5100667476654053, 0.47158724069595337, 0.4371669590473175]",0.5100667476654053,0.7550333738327026,0.5870224013924599,,0.5100667476654053,0.17404480278491974,,0.6626273389905692,1.0,1.0,five million,1.0,1.0,,,,,,,,accept,ctd_style,0.4995697554628971,False,five million,1.0,1.0,False,False
test,5728f50baf94a219006a9e57,Why is giving a defiant speech sometimes more harmful for the individual?,A defiant speech may be harmful for the individual if it leads to repeated violations of laws or regulations.,A defiant speech may be harmful for the individual if it leads to repeated violations of laws or regulations.,['A defiant speech may be harmful for the individual if it leads to repeated violations of laws or regulations.'],['A defiant speech may be harmful for the individual if it leads to repeated violations of laws or regulations.'],A defiant speech may be harmful for the individual if it leads to repeated violations of laws or regulations.,"['lack of remorse', 'lack of remorse', 'the judge increased her sentence', 'statement suggested a lack of remorse']",True,1.0,1.0,"['Some civil disobedience defendants choose to make a defiant speech, or a speech explaining their actions, in allocution. In U.S. v. Burgos-Andujar, a defendant who was involved in a movement to stop military exercises by trespassing on U.S. Navy property argued to the court in allocution that ""the ones who are violating the greater law are the members of the Navy"". As a result, the judge increased her sentence from 40 to 60 days. This action was upheld because, according to the U.S. Court of Appeals for the First Circuit, her statement suggested a lack of remorse, an attempt to avoid responsibility for her actions, and even a likelihood of repeating her illegal actions. Some of the other allocution speeches given by the protesters complained about mistreatment from government officials.', 'Starting one-hundred years before the 20th century, the enlightenment spiritual philosophy was challenged in various quarters around the 1900s. Developed from earlier secular traditions, modern Humanist ethical philosophies affirmed the dignity and worth of all people, based on the ability to determine right and wrong by appealing to universal human qualities, particularly rationality, without resorting to the supernatural or alleged divine authority from religious texts. For liberal humanists such as Rousseau and Kant, the universal law of reason guided the way toward total emancipation from any kind of tyranny. These ideas were challenged, for example by the young Karl Marx, who criticized the project of political emancipation (embodied in the form of human rights), asserting it to be symptomatic of the very dehumanization it was supposed to oppose. For Friedrich Nietzsche, humanism was nothing more than a secular version of theism. In his Genealogy of Morals, he argues that human rights exist as a means for the weak to collectively constrain the strong. On this view, such rights do not facilitate emancipation of life, but rather deny it. In the 20th century, the notion that human beings are rationally autonomous was challenged by the concept that humans were driven by unconscious irrational desires.', 'The appearance of more systematic, abstract thinking is another notable aspect of cognitive development during adolescence. For example, adolescents find it easier than children to comprehend the sorts of higher-order abstract logic inherent in puns, proverbs, metaphors, and analogies. Their increased facility permits them to appreciate the ways in which language can be used to convey multiple messages, such as satire, metaphor, and sarcasm. (Children younger than age nine often cannot comprehend sarcasm at all.) This also permits the application of advanced reasoning and logical processes to social and ideological matters such as interpersonal relationships, politics, philosophy, religion, morality, friendship, faith, democracy, fairness, and honesty.']","[0.30843454599380493, 0.24251775443553925, 0.22082483768463135]",0.30843454599380493,0.6542172729969025,0.6758826822042465,,0.30843454599380493,0.35176536440849304,,0.6661332480609418,0.0,0.1,A defiant speech may be harmful for the individual if it leads to repeated violations of laws or regulations.,0.0,0.1,"to suggest a lack of remorse, an attempt to avoid responsibility for her actions, and even a likelihood of repeating her illegal actions.","to suggest a lack of remorse, an attempt to avoid responsibility for her actions, and even a likelihood of repeating her illegal actions.",0.0,0.2608695652173913,,,,escalate,ctd_style,0.5002716705576736,True,"to suggest a lack of remorse, an attempt to avoid responsibility for her actions, and even a likelihood of repeating her illegal actions.",0.0,0.2608695652173913,False,False
test,57309ef18ab72b1400f9c601,When were Joseph Schumpeter and Norman Angell at their most prolific writing period?,World War I,World War I,['World War I'],['World War I'],World War I,"['before World War I', 'World War I', 'before World War I', 'before World War I', 'before World War I,']",True,1.0,1.0,"[""The correlation between capitalism, aristocracy, and imperialism has long been debated among historians and political theorists. Much of the debate was pioneered by such theorists as J. A. Hobson (1858–1940), Joseph Schumpeter (1883–1950), Thorstein Veblen (1857–1929), and Norman Angell (1872–1967). While these non-Marxist writers were at their most prolific before World War I, they remained active in the interwar years. Their combined work informed the study of imperialism and it's impact on Europe, as well as contributed to reflections on the rise of the military-political complex in the United States from the 1950s. Hobson argued that domestic social reforms could cure the international disease of imperialism by removing its economic foundation. Hobson theorized that state intervention through taxation could boost broader consumption, create wealth, and encourage a peaceful, tolerant, multipolar world order."", ""Some of the most important surviving works of Old English literature are Beowulf, an epic poem; the Anglo-Saxon Chronicle, a record of early English history; the Franks Casket, an inscribed early whalebone artefact; and Cædmon's Hymn, a Christian religious poem. There are also a number of extant prose works, such as sermons and saints' lives, biblical translations, and translated Latin works of the early Church Fathers, legal documents, such as laws and wills, and practical works on grammar, medicine, and geography. Still, poetry is considered the heart of Old English literature. Nearly all Anglo-Saxon authors are anonymous, with a few exceptions, such as Bede and Cædmon. Cædmon, the earliest English poet we know by name, served as a lay brother in the monastery at Whitby."", ""At the age of 19, he wrote a report on his work and sent it to philologist Alexander Ellis, a colleague of his father (who would later be portrayed as Professor Henry Higgins in Pygmalion). Ellis immediately wrote back indicating that the experiments were similar to existing work in Germany, and also lent Bell a copy of Hermann von Helmholtz's work, The Sensations of Tone as a Physiological Basis for the Theory of Music.""]","[0.4216366708278656, 0.32679104804992676, 0.3214683532714844]",0.4216366708278656,0.7108183354139328,0.6462540030479431,,0.4216366708278656,0.29250800609588623,,0.6753079526126384,1.0,1.0,World War I,1.0,1.0,I do not know,I do not know,0.0,0.28571428571428575,,,,escalate,ctd_style,0.5000885264461633,True,I do not know,0.0,0.28571428571428575,False,True
test,5727ec062ca10214002d99b9,How do competing businesses attract workers?,by the market price of skill,by the market price of skill,['by the market price of skill'],['by the market price of skill'],by the market price of skill,"['offering a higher wage', 'by offering a higher wage', 'offering a higher wage the best of their labor']",True,1.0,1.0,"['In a purely capitalist mode of production (i.e. where professional and labor organizations cannot limit the number of workers) the workers wages will not be controlled by these organizations, or by the employer, but rather by the market. Wages work in the same way as prices for any other good. Thus, wages can be considered as a function of market price of skill. And therefore, inequality is driven by this price. Under the law of supply and demand, the price of skill is determined by a race between the demand for the skilled worker and the supply of the skilled worker. ""On the other hand, markets can also concentrate wealth, pass environmental costs on to society, and abuse workers and consumers."" ""Markets, by themselves, even when they are stable, often lead to high levels of inequality, outcomes that are widely viewed as unfair."" Employers who offer a below market wage will find that their business is chronically understaffed. Their competitors will take advantage of the situation by offering a higher wage the best of their labor. For a businessman who has the profit motive as the prime interest, it is a losing proposition to offer below or above market wages to workers.', 'The origins of the department store lay in the growth of the conspicuous consumer society at the turn of the 19th century. As the Industrial Revolution accelerated economy expansion, the affluent middle-class grew in size and wealth. This urbanized social group, sharing a culture of consumption and changing fashion, was the catalyst for the retail revolution. As rising prosperity and social mobility increased the number of people, especially women (who found they could shop unaccompanied at department stores without damaging their reputation), with disposable income in the late Georgian period, window shopping was transformed into a leisure activity and entrepreneurs, like the potter Josiah Wedgwood, pioneered the use of marketing techniques to influence the prevailing tastes and preferences of society.', ""The city's Greektown and three downtown casino resort hotels serve as part of an entertainment hub. The Eastern Market farmer's distribution center is the largest open-air flowerbed market in the United States and has more than 150 foods and specialty businesses. On Saturdays, about 45,000 people shop the city's historic Eastern Market. The Midtown and the New Center area are centered on Wayne State University and Henry Ford Hospital. Midtown has about 50,000 residents and attracts millions of visitors each year to its museums and cultural centers; for example, the Detroit Festival of the Arts in Midtown draws about 350,000 people.""]","[0.46500101685523987, 0.34606391191482544, 0.33200523257255554]",0.46500101685523987,0.7325005084276199,0.7147489488124847,,0.46500101685523987,0.4294978976249695,,0.7227371506392957,0.0,0.22222222222222224,by the market price of skill,0.0,0.22222222222222224,"For a businessman who has the profit motive as the prime interest, it is a losing proposition to offer below or above market wages to workers.","For a businessman who has the profit motive as the prime interest, it is a losing proposition to offer below or above market wages to workers.",0.0,0.0,,,,escalate,ctd_style,0.500849648603538,True,"For a businessman who has the profit motive as the prime interest, it is a losing proposition to offer below or above market wages to workers.",0.0,0.0,False,False
test,56d99179dc89441400fdb56d,How many teams up to Super Bowl 50 have been to the championship game eight times?,six,six,['six'],['six'],six,"['four', 'four', 'four']",True,1.0,1.0,"['For the third straight season, the number one seeds from both conferences met in the Super Bowl. The Carolina Panthers became one of only ten teams to have completed a regular season with only one loss, and one of only six teams to have acquired a 15–1 record, while the Denver Broncos became one of four teams to have made eight appearances in the Super Bowl. The Broncos made their second Super Bowl appearance in three years, having reached Super Bowl XLVIII, while the Panthers made their second Super Bowl appearance in franchise history, their other appearance being Super Bowl XXXVIII. Coincidentally, both teams were coached by John Fox in their last Super Bowl appearance prior to Super Bowl 50.', 'CBS broadcast Super Bowl 50 in the U.S., and charged an average of $5 million for a 30-second commercial during the game. The Super Bowl 50 halftime show was headlined by the British rock group Coldplay with special guest performers Beyoncé and Bruno Mars, who headlined the Super Bowl XLVII and Super Bowl XLVIII halftime shows, respectively. It was the third-most watched U.S. broadcast ever.', ""In 1993, the league staged its first All-Star Game in Des Moines, Iowa, the future home of the long-running Iowa Barnstormers, as a fundraiser for flood victims in the area. The National Conference defeated the American Conference 64–40 in front of a crowd of 7,189. The second Allstar game was in Oct. 2013, with two games, the first in Honolulu, Hawai'i, the second being in Beijing, China.""]","[0.6168031692504883, 0.48680028319358826, 0.3981264531612396]",0.6168031692504883,0.8084015846252441,0.5273956656455994,,0.6168031692504883,0.05479133129119873,,0.6538483291864396,0.0,0.0,six,0.0,0.0,,,,,,,,accept,ctd_style,0.49906713845313827,False,six,0.0,0.0,False,False
test,5711607f2419e314009555cf,What plants create most electric power?,cucumbers,cucumbers,['cucumbers'],['cucumbers'],cucumbers,"['steam turbine', 'steam turbine', 'steam turbine plant', 'steam turbine plant']",True,1.0,1.0,"[""The weight of boilers and condensers generally makes the power-to-weight ratio of a steam plant lower than for internal combustion engines. For mobile applications steam has been largely superseded by internal combustion engines or electric motors. However, most electric power is generated using steam turbine plant, so that indirectly the world's industry is still dependent on steam power. Recent concerns about fuel sources and pollution have incited a renewed interest in steam both as a component of cogeneration processes and as a prime mover. This is becoming known as the Advanced Steam movement.[citation needed]"", 'Besides increased efficiency of power plants, there was an increase in efficiency (between 1950 and 1973) of the railway utilization of this electricity with energy-intensity dropping from 218 to 124 kwh/10,000 gross tonne-km (of both passenger and freight trains) or a 43% drop. Since energy-intensity is the inverse of energy-efficiency it drops as efficiency goes up. But most of this 43% decrease in energy-intensity also benefited diesel traction. The conversion of wheel bearings from plain to roller, increase of train weight, converting single track lines to double track (or partially double track), and the elimination of obsolete 2-axle freight cars increased the energy-efficiency of all types of traction: electric, diesel, and steam. However, there remained a 12–15% reduction of energy-intensity that only benefited electric traction (and not diesel). This was due to improvements in locomotives, more widespread use of regenerative braking (which in 1989 recycled 2.65% of the electric energy used for traction,) remote control of substations, better handling of the locomotive by the locomotive crew, and improvements in automation. Thus the overall efficiency of electric traction as compared to diesel more than doubled between 1950 and the mid-1970s in the Soviet Union. But after 1974 (thru 1980) there was no improvement in energy-intensity (wh/tonne-km) in part due to increasing speeds of passenger and freight trains.', 'Greenhouses convert solar light to heat, enabling year-round production and the growth (in enclosed environments) of specialty crops and other plants not naturally suited to the local climate. Primitive greenhouses were first used during Roman times to produce cucumbers year-round for the Roman emperor Tiberius. The first modern greenhouses were built in Europe in the 16th century to keep exotic plants brought back from explorations abroad. Greenhouses remain an important part of horticulture today, and plastic transparent materials have also been used to similar effect in polytunnels and row covers.']","[0.42701077461242676, 0.356889545917511, 0.33144864439964294]",0.42701077461242676,0.7135053873062134,0.49259666400030255,,0.42701077461242676,-0.014806671999394894,,0.5920055894879624,0.0,0.0,cucumbers,0.0,0.0,,,,,,,,accept,ctd_style,0.498494723814594,False,cucumbers,0.0,0.0,False,False
test,57266a15f1498d1400e8defa,The epidemic in Newcastle was the most what in any British city at the time?,disaster,disaster,['disaster'],['disaster'],disaster,"['devastating loss', 'devastating loss', 'devastating loss']",True,1.0,1.0,"['In the Sandgate area, to the east of the city and beside the river, resided the close-knit community of keelmen and their families. They were so called because they worked on the keels, boats that were used to transfer coal from the river banks to the waiting colliers, for export to London and elsewhere. In the 1630s about 7,000 out of 20,000 inhabitants of Newcastle died of plague, more than one-third of the population. Specifically within the year 1636, it is roughly estimated with evidence held by the Society of Antiquaries that 47% of the then population of Newcastle died from the epidemic; this may also have been the most devastating loss in any British City in this period.', 'The results of the Haensch study have since been confirmed and amended. Based on genetic evidence derived from Black Death victims in the East Smithfield burial site in England, Schuenemann et al. concluded in 2011 ""that the Black Death in medieval Europe was caused by a variant of Y. pestis that may no longer exist."" A study published in Nature in October 2011 sequenced the genome of Y. pestis from plague victims and indicated that the strain that caused the Black Death is ancestral to most modern strains of the disease.', ""In the First World War, Devonport was the headquarters of Western Approaches Command until 1941 and Sunderland flying boats were operated by the Royal Australian Air Force. It was an important embarkation point for US troops for D-Day. The city was heavily bombed by the Luftwaffe, in a series of 59 raids known as the Plymouth Blitz. Although the dockyards were the principal targets, much of the city centre and over 3,700 houses were completely destroyed and more than 1,000 civilians lost their lives. This was largely due to Plymouth's status as a major port Charles Church was hit by incendiary bombs and partially destroyed in 1941 during the Blitz, but has not been demolished, as it is now an official permanent monument to the bombing of Plymouth during World War II.""]","[0.6990376710891724, 0.4029019773006439, 0.3839166760444641]",0.6990376710891724,0.8495188355445862,0.5520696565508842,,0.6990376710891724,0.1041393131017685,,0.6859217870980501,0.0,0.0,disaster,0.0,0.0,,,,,,,,accept,ctd_style,0.49941506509782274,False,disaster,0.0,0.0,False,False
test,570953a7efce8f15003a7e02,"What additional srevice did BSkyB offer besides Video on Demand that they claimed offered ""substantially more value""?",HD Channels,HD Channels,['HD Channels'],['HD Channels'],HD Channels,"['HD channels', 'HD channels', 'HD channels']",True,1.0,1.0,"['In 2007, BSkyB and Virgin Media became involved in a dispute over the carriage of Sky channels on cable TV. The failure to renew the existing carriage agreements negotiated with NTL and Telewest resulted in Virgin Media removing the basic channels from the network on 1 March 2007. Virgin Media claimed that BSkyB had substantially increased the asking price for the channels, a claim which BSkyB denied, on the basis that their new deal offered ""substantially more value"" by including HD channels and Video On Demand content which was not previously carried by cable.', ""Many[who?] expected BSkyB to make a bid to show some of the remaining FA Cup games for the remainder of the 2009–10 season which would include a semi-final and shared rights to the final. ESPN took over the package Setanta held for the FA Cup from the 2010–11 season. The 2011 final was also shown live on Sky 3D in addition to ESPN (who provided the 3D coverage for Sky 3D) and ITV. Following the sale of ESPN's UK and Ireland channels to BT, ESPN's rights package transferred to BT Sport from the 2013–14 season."", 'In May 2014, prior to the launch of YouTube\'s subscription-based Music Key service, the independent music trade organization Worldwide Independent Network alleged that YouTube was using non-negotiable contracts with independent labels that were ""undervalued"" in comparison to other streaming services, and that YouTube would block all music content from labels who do not reach a deal to be included on the paid service. In a statement to the Financial Times in June 2014, Robert Kyncl confirmed that YouTube would block the content of labels who do not negotiate deals to be included in the paid service ""to ensure that all content on the platform is governed by its new contractual terms."" Stating that 90% of labels had reached deals, he went on to say that ""while we wish that we had [a] 100% success rate, we understand that is not likely an achievable goal and therefore it is our responsibility to our users and the industry to launch the enhanced music experience."" The Financial Times later reported that YouTube had reached an aggregate deal with Merlin Network—a trade group representing over 20,000 independent labels, for their inclusion in the service. However, YouTube itself has not confirmed the deal.']","[0.5991716384887695, 0.3815789818763733, 0.341083288192749]",0.5991716384887695,0.7995858192443848,0.7379679083824158,,0.5991716384887695,0.47593581676483154,,0.7656959682703018,1.0,1.0,HD Channels,1.0,1.0,HD channels,HD channels,1.0,1.0,,,,escalate,ctd_style,0.5012399241122715,True,HD channels,1.0,1.0,False,False
test,56e1239acd28a01900c67641,Who did Tesla think would run the world of the future?,Nikola Tesla,Nikola Tesla,['Nikola Tesla'],['Nikola Tesla'],Nikola Tesla,"['women', 'women', 'women']",True,1.0,1.0,"['In 1926, Tesla commented on the ills of the social subservience of women and the struggle of women toward gender equality, and indicated that humanity\'s future would be run by ""Queen Bees."" He believed that women would become the dominant sex in the future.', 'Tesla was the fourth of five children. He had an older brother named Dane and three sisters, Milka, Angelina and Marica. Dane was killed in a horse-riding accident when Nikola was five. In 1861, Tesla attended the ""Lower"" or ""Primary"" School in Smiljan where he studied German, arithmetic, and religion. In 1862, the Tesla family moved to Gospić, Austrian Empire, where Tesla\'s father worked as a pastor. Nikola completed ""Lower"" or ""Primary"" School, followed by the ""Lower Real Gymnasium"" or ""Normal School.""', 'After many other more or less successful attempts with relatively weak rotating and reciprocating apparatus the Prussian Moritz von Jacobi created the first real rotating electric motor in May 1834 that actually developed a remarkable mechanical output power. His motor set a world record which was improved only four years later in September 1838 by Jacobi himself. His second motor was powerful enough to drive a boat with 14 people across a wide river. It was not until 1839/40 that other developers worldwide managed to build motors of similar and later also of higher performance.']","[0.583885908126831, 0.38673245906829834, 0.3024694323539734]",0.583885908126831,0.7919429540634155,0.7665807902812958,,0.583885908126831,0.5331615805625916,,0.7779937639832497,0.0,0.0,Nikola Tesla,0.0,0.0,Queen Bees,Queen Bees,0.0,0.0,,,,escalate,ctd_style,0.5015208935098557,True,Queen Bees,0.0,0.0,False,False
test,57302efe04bcaa1900d772f9,What have many HT members graduated to joining?,terrorist groups,terrorist groups,['terrorist groups'],['terrorist groups'],terrorist groups,"['terrorist groups', 'terrorist groups', 'terrorist groups']",True,3.0,0.3333333333333333,"['There are fifteen fraternities and seven sororities at the University of Chicago, as well as one co-ed community service fraternity, Alpha Phi Omega. Four of the sororities are members of the National Panhellenic Conference, and ten of the fraternities form the University of Chicago Interfraternity Council. In 2002, the Associate Director of Student Activities estimated that 8–10 percent of undergraduates were members of fraternities or sororities. The student activities office has used similar figures, stating that one in ten undergraduates participate in Greek life.', 'Non-academic alumni: Author, H. G. Wells, McLaren and Ferrari Chief Designer, Nicholas Tombazis, CEO of Rolls Royce, Ralph Robins, rock band Queen, Brian May, CEO of Singapore Airlines, Chew Choon Seng, Prime Minister of New Zealand, Julius Vogel, Prime Minister of India, Rajiv Gandhi, Deputy Prime Minister of Singapore, Teo Chee Hean, Chief Medical Officer for England, Sir Liam Donaldson, Head Physician to the Queen, Huw Thomas, CEO of Moonfruit, Wendy Tan White, Businessman and philanthropist, Winston Wong, billionaire hedge fund manager Alan Howard.', 'HT does not engage in armed jihad or work for a democratic system, but works to take power through ""ideological struggle"" to change Muslim public opinion, and in particular through elites who will ""facilitate"" a ""change of the government,"" i.e., launch a ""bloodless"" coup. It allegedly attempted and failed such coups in 1968 and 1969 in Jordan, and in 1974 in Egypt, and is now banned in both countries. But many HT members have gone on to join terrorist groups and many jihadi terrorists have cited HT as their key influence.']","[0.40080827474594116, 0.3390672504901886, 0.3223782777786255]",0.40080827474594116,0.7004041373729706,0.5858423113822937,,0.40080827474594116,0.1716846227645874,,0.6373951330780983,1.0,1.0,terrorist groups,1.0,1.0,,,,,,,,accept,ctd_style,0.4994365095750123,False,terrorist groups,1.0,1.0,False,False
test,5726e37ef1498d1400e8eed8,Approximately how many items are in the costume collection of the V&A?,"over 14,000","over 14,000","['over 14,000']","['over 14,000']","over 14,000","['over 14,000', 'over 14,000 outfits', 'over 14,000', 'over 14,000']",True,1.0,1.0,"['The costume collection is the most comprehensive in Britain, containing over 14,000 outfits plus accessories, mainly dating from 1600 to the present. Costume sketches, design notebooks, and other works on paper are typically held by the Word and Image department. Because everyday clothing from previous eras has not generally survived, the collection is dominated by fashionable clothes made for special occasions. One of the first significant gifts of costume came in 1913 when the V&A received the Talbot Hughes collection containing 1,442 costumes and items as a gift from Harrods following its display at the nearby department store.', 'The British Architectural Library, sometimes referred to as the RIBA Library, was established in 1834 upon the founding of the institute with donations from members. Now, with over four million items, it is one of the three largest architectural libraries in the world and the largest in Europe. Some items from the collections are on permanent display at the Victoria and Albert Museum (V&A) in the V&A + RIBA Architecture Gallery and included in temporary exhibitions at the RIBA and across Europe and North America. Its collections include:', ""By the early 20th century balloon, or airship, guns, for land and naval use were attracting attention. Various types of ammunition were proposed, high explosive, incendiary, bullet-chains, rod bullets and shrapnel. The need for some form of tracer or smoke trail was articulated. Fuzing options were also examined, both impact and time types. Mountings were generally pedestal type, but could be on field platforms. Trials were underway in most countries in Europe but only Krupp, Erhardt, Vickers Maxim, and Schneider had published any information by 1910. Krupp's designs included adaptations of their 65 mm 9-pounder, a 75 mm 12-pounder, and even a 105 mm gun. Erhardt also had a 12-pounder, while Vickers Maxim offered a 3-pounder and Schneider a 47 mm. The French balloon gun appeared in 1910, it was an 11-pounder but mounted on a vehicle, with a total uncrewed weight of 2 tons. However, since balloons were slow moving, sights were simple. But the challenges of faster moving airplanes were recognised.""]","[0.7728676199913025, 0.29550883173942566, 0.2728216052055359]",0.7728676199913025,0.8864338099956512,0.5466766059398651,,0.7728676199913025,0.09335321187973022,,0.6995673477649689,1.0,1.0,"over 14,000",1.0,1.0,,,,,,,,accept,ctd_style,0.49944065396303217,False,"over 14,000",1.0,1.0,False,False
test,5725d662ec44d21400f3d688,Which park is home to the Fresno Chafffee Zoo?,Roeding Park,Roeding Park,['Roeding Park'],['Roeding Park'],Roeding Park,"['Roeding Park', 'Roeding Park', 'Roeding Park']",True,1.0,1.0,"[""Fresno has three large public parks, two in the city limits and one in county land to the southwest. Woodward Park, which features the Shinzen Japanese Gardens, numerous picnic areas and several miles of trails, is in North Fresno and is adjacent to the San Joaquin River Parkway. Roeding Park, near Downtown Fresno, is home to the Fresno Chaffee Zoo, and Rotary Storyland and Playland. Kearney Park is the largest of the Fresno region's park system and is home to historic Kearney Mansion and plays host to the annual Civil War Revisited, the largest reenactment of the Civil War in the west coast of the U.S."", 'The Desert National Park in Jaisalmer is spread over an area of 3,162 square kilometres (1,221 sq mi), is an excellent example of the ecosystem of the Thar Desert and its diverse fauna. Seashells and massive fossilised tree trunks in this park record the geological history of the desert. The region is a haven for migratory and resident birds of the desert. One can see many eagles, harriers, falcons, buzzards, kestrels and vultures. Short-toed eagles (Circaetus gallicus), tawny eagles (Aquila rapax), spotted eagles (Aquila clanga), laggar falcons (Falco jugger) and kestrels are the commonest of these.', 'The Panthers used the San Jose State practice facility and stayed at the San Jose Marriott. The Broncos practiced at Stanford University and stayed at the Santa Clara Marriott.']","[0.6920938491821289, 0.3541867434978485, 0.2851393520832062]",0.6920938491821289,0.8460469245910645,0.7182474434375763,,0.6920938491821289,0.4364948868751526,,0.7757572099566461,1.0,1.0,Roeding Park,1.0,1.0,Roeding Park,Roeding Park,1.0,1.0,,,,escalate,ctd_style,0.5011374850666427,True,Roeding Park,1.0,1.0,False,False
test,57266e72f1498d1400e8df8d,The point at which different radiometric isotopes stop diffusing into and out of the crystal lattice is called what?,uranium-lead dating,uranium-lead dating,['uranium-lead dating'],['uranium-lead dating'],uranium-lead dating,"['particular closure temperature', 'closure temperature', 'closure temperature']",True,1.0,1.0,"['For many geologic applications, isotope ratios of radioactive elements are measured in minerals that give the amount of time that has passed since a rock passed through its particular closure temperature, the point at which different radiometric isotopes stop diffusing into and out of the crystal lattice. These are used in geochronologic and thermochronologic studies. Common methods include uranium-lead dating, potassium-argon dating, argon-argon dating and uranium-thorium dating. These methods are used for a variety of applications. Dating of lava and volcanic ash layers found within a stratigraphic sequence can provide absolute age data for sedimentary rock units which do not contain radioactive isotopes and calibrate relative dating techniques. These methods can also be used to determine ages of pluton emplacement. Thermochemical techniques can be used to determine temperature profiles within the crust, the uplift of mountain ranges, and paleotopography.', ""The use of uranium in its natural oxide form dates back to at least the year 79 CE, when it was used to add a yellow color to ceramic glazes. Yellow glass with 1% uranium oxide was found in a Roman villa on Cape Posillipo in the Bay of Naples, Italy, by R. T. Gunther of the University of Oxford in 1912. Starting in the late Middle Ages, pitchblende was extracted from the Habsburg silver mines in Joachimsthal, Bohemia (now Jáchymov in the Czech Republic), and was used as a coloring agent in the local glassmaking industry. In the early 19th century, the world's only known sources of uranium ore were these mines."", 'Gain is a parameter which measures the degree of directivity of the antenna\'s radiation pattern. A high-gain antenna will radiate most of its power in a particular direction, while a low-gain antenna will radiate over a wider angle. The antenna gain, or power gain of an antenna is defined as the ratio of the intensity (power per unit surface area)  radiated by the antenna in the direction of its maximum output, at an arbitrary distance, divided by the intensity  radiated at the same distance by a hypothetical isotropic antenna which radiates equal power in all directions. This dimensionless ratio is usually expressed logarithmically in decibels, these units are called ""decibels-isotropic"" (dBi)']","[0.4519899785518646, 0.2737441658973694, 0.2624737024307251]",0.4519899785518646,0.7259949892759323,0.7954740524291992,,0.4519899785518646,0.5909481048583984,,0.7642084740102292,0.0,0.0,uranium-lead dating,0.0,0.0,closure temperature,closure temperature,1.0,1.0,,,,escalate,ctd_style,0.5016756836132316,True,closure temperature,1.0,1.0,True,False
test,56e74faf00c9c71400d76f95,What could someone be investigated for?,antiwar,antiwar,['antiwar'],['antiwar'],antiwar,"['allegations of professional misconduct', 'professional misconduct', 'professional misconduct']",False,,0.0,"['The most notable fraud conviction was that of Gordon Foxley, head of defence procurement at the Ministry of Defence from 1981 to 1984. Police claimed he received at least £3.5m in total in corrupt payments, such as substantial bribes from overseas arms contractors aiming to influence the allocation of contracts.', 'The FBI has maintained files on numerous people, including celebrities such as Elvis Presley, Frank Sinatra, John Denver, John Lennon, Jane Fonda, Groucho Marx, Charlie Chaplin, the band MC5, Lou Costello, Sonny Bono, Bob Dylan, Michael Jackson, and Mickey Mantle. The files were collected for various reasons. Some of the subjects were investigated for alleged ties to the Communist party (Charlie Chaplin and Groucho Marx), or in connection with antiwar activities during the Vietnam War (John Denver, John Lennon, and Jane Fonda). Numerous celebrity files concern threats or extortion attempts against them (Sonny Bono, John Denver, John Lennon, Elvis Presley, Michael Jackson, Mickey Mantle, Groucho Marx, and Frank Sinatra).', 'During the period from 1993 to 2011, FBI agents fired their weapons on 289 occasions; FBI internal reviews found the shots justified in all but 5 cases, in none of the 5 cases were people wounded. Samuel Walker, a professor of criminal justice at the University of Nebraska Omaha said the number of shots found to be unjustified was ""suspiciously low."" In the same time period, the FBI wounded 150 people, 70 of whom died; the FBI found all 150 shootings to be justified. Likewise, during the period from 2011 to the present, all shootings by FBI agents have been found to be justified by internal investigation. In a 2002 case in Maryland, an innocent man was shot, and later paid $1.3 million by the FBI after agents mistook him for a bank robber; the internal investigation found that the shooting was justified, based on the man\'s actions.']","[0.38478368520736694, 0.37439844012260437, 0.3204830288887024]",0.38478368520736694,0.6923918426036835,0.5868329554796219,,0.38478368520736694,0.17366591095924377,,0.6343344546854497,0.0,0.0,antiwar,0.0,0.0,,,,,,,,accept,ctd_style,0.4994290825795401,False,antiwar,0.0,0.0,False,False
test,5729d51d3f37b31900478592,What are examples of economic actors?,"workers, capitalists, landlords","workers, capitalists, landlords","['workers, capitalists, landlords']","['workers, capitalists, landlords']","workers, capitalists, landlords","['worker, capitalist/business owner, landlord', 'worker, capitalist/business owner, landlord', 'worker, capitalist/business owner, landlord']",True,3.0,0.3333333333333333,"['In a purely capitalist mode of production (i.e. where professional and labor organizations cannot limit the number of workers) the workers wages will not be controlled by these organizations, or by the employer, but rather by the market. Wages work in the same way as prices for any other good. Thus, wages can be considered as a function of market price of skill. And therefore, inequality is driven by this price. Under the law of supply and demand, the price of skill is determined by a race between the demand for the skilled worker and the supply of the skilled worker. ""On the other hand, markets can also concentrate wealth, pass environmental costs on to society, and abuse workers and consumers."" ""Markets, by themselves, even when they are stable, often lead to high levels of inequality, outcomes that are widely viewed as unfair."" Employers who offer a below market wage will find that their business is chronically understaffed. Their competitors will take advantage of the situation by offering a higher wage the best of their labor. For a businessman who has the profit motive as the prime interest, it is a losing proposition to offer below or above market wages to workers.', 'In the 1920s, John Maynard Keynes prompted a division between microeconomics and macroeconomics. Under Keynesian economics macroeconomic trends can overwhelm economic choices made by individuals. Governments should promote aggregate demand for goods as a means to encourage economic expansion. Following World War II, Milton Friedman created the concept of monetarism. Monetarism focuses on using the supply and demand of money as a method for controlling economic activity. In the 1970s, monetarism has adapted into supply-side economics which advocates reducing taxes as a means to increase the amount of money available for economic expansion.', 'Neoclassical economics views inequalities in the distribution of income as arising from differences in value added by labor, capital and land. Within labor income distribution is due to differences in value added by different classifications of workers. In this perspective, wages and profits are determined by the marginal value added of each economic actor (worker, capitalist/business owner, landlord). Thus, in a market economy, inequality is a reflection of the productivity gap between highly-paid professions and lower-paid professions.']","[0.4385814964771271, 0.43055474758148193, 0.3874562978744507]",0.4385814964771271,0.7192907482385635,0.7157925516366959,,0.4385814964771271,0.4315851032733917,,0.7173667401075363,0.0,0.0,"workers, capitalists, landlords",0.0,0.0,"worker, capitalist/business owner, landlord","worker, capitalist/business owner, landlord",1.0,1.0,,,,escalate,ctd_style,0.5008312648038455,True,"worker, capitalist/business owner, landlord",1.0,1.0,True,False
test,5728f2e26aef051400154898,What field involves the study of the immune system?,Immunology,Immunology,['Immunology'],['Immunology'],Immunology,"['Immunology', 'Immunology', 'Immunology']",True,1.0,1.0,"[""Disorders of the immune system can result in autoimmune diseases, inflammatory diseases and cancer. Immunodeficiency occurs when the immune system is less active than normal, resulting in recurring and life-threatening infections. In humans, immunodeficiency can either be the result of a genetic disease such as severe combined immunodeficiency, acquired conditions such as HIV/AIDS, or the use of immunosuppressive medication. In contrast, autoimmunity results from a hyperactive immune system attacking normal tissues as if they were foreign organisms. Common autoimmune diseases include Hashimoto's thyroiditis, rheumatoid arthritis, diabetes mellitus type 1, and systemic lupus erythematosus. Immunology covers the study of all aspects of the immune system."", 'Dendritic cells (DC) are phagocytes in tissues that are in contact with the external environment; therefore, they are located mainly in the skin, nose, lungs, stomach, and intestines. They are named for their resemblance to neuronal dendrites, as both have many spine-like projections, but dendritic cells are in no way connected to the nervous system. Dendritic cells serve as a link between the bodily tissues and the innate and adaptive immune systems, as they present antigens to T cells, one of the key cell types of the adaptive immune system.', 'There is usually an indication for a specific identification of an infectious agent only when such identification can aid in the treatment or prevention of the disease, or to advance knowledge of the course of an illness prior to the development of effective therapeutic or preventative measures. For example, in the early 1980s, prior to the appearance of AZT for the treatment of AIDS, the course of the disease was closely followed by monitoring the composition of patient blood samples, even though the outcome would not offer the patient any further treatment options. In part, these studies on the appearance of HIV in specific communities permitted the advancement of hypotheses as to the route of transmission of the virus. By understanding how the disease was transmitted, resources could be targeted to the communities at greatest risk in campaigns aimed at reducing the number of new infections. The specific serological diagnostic identification, and later genotypic or molecular identification, of HIV also enabled the development of hypotheses as to the temporal and geographical origins of the virus, as well as a myriad of other hypothesis. The development of molecular diagnostic tools have enabled physicians and researchers to monitor the efficacy of treatment with anti-retroviral drugs. Molecular diagnostics are now commonly used to identify HIV in healthy people long before the onset of illness and have been used to demonstrate the existence of people who are genetically resistant to HIV infection. Thus, while there still is no cure for AIDS, there is great therapeutic and predictive benefit to identifying the virus and monitoring the virus levels within the blood of infected individuals, both for the patient and for the community at large.']","[0.44818663597106934, 0.40110331773757935, 0.3166083097457886]",0.44818663597106934,0.7240933179855347,0.7628177404403687,,0.44818663597106934,0.5256354808807373,,0.7453917503356934,1.0,1.0,Immunology,1.0,1.0,Immunology,Immunology,1.0,1.0,,,,escalate,ctd_style,0.5013314847649286,True,Immunology,1.0,1.0,False,False
test,5729efab3f37b319004785cf,What are the phagocytes that are located in tissues in contact with the external environment called?,dendritic cells,dendritic cells,['dendritic cells'],['dendritic cells'],dendritic cells,"['Dendritic cells', 'Dendritic cells', 'Dendritic cells']",True,1.0,1.0,"['Dendritic cells (DC) are phagocytes in tissues that are in contact with the external environment; therefore, they are located mainly in the skin, nose, lungs, stomach, and intestines. They are named for their resemblance to neuronal dendrites, as both have many spine-like projections, but dendritic cells are in no way connected to the nervous system. Dendritic cells serve as a link between the bodily tissues and the innate and adaptive immune systems, as they present antigens to T cells, one of the key cell types of the adaptive immune system.', 'Bacteria display a wide diversity of shapes and sizes, called morphologies. Bacterial cells are about one-tenth the size of eukaryotic cells and are typically 0.5–5.0 micrometres in length. However, a few species are visible to the unaided eye — for example, Thiomargarita namibiensis is up to half a millimetre long and Epulopiscium fishelsoni reaches 0.7 mm. Among the smallest bacteria are members of the genus Mycoplasma, which measure only 0.3 micrometres, as small as the largest viruses. Some bacteria may be even smaller, but these ultramicrobacteria are not well-studied.', 'The nitrogen fixing Rhizobia are an interesting case, wherein conjugative elements naturally engage in inter-kingdom conjugation. Such elements as the Agrobacterium Ti or Ri plasmids contain elements that can transfer to plant cells. Transferred genes enter the plant cell nucleus and effectively transform the plant cells into factories for the production of opines, which the bacteria use as carbon and energy sources. Infected plant cells form crown gall or root tumors. The Ti and Ri plasmids are thus endosymbionts of the bacteria, which are in turn endosymbionts (or parasites) of the infected plant.']","[0.5326895713806152, 0.32549479603767395, 0.31933361291885376]",0.5326895713806152,0.7663447856903076,0.8108021020889282,,0.5326895713806152,0.6216042041778564,,0.790796309709549,1.0,1.0,dendritic cells,1.0,1.0,Dendritic cells,Dendritic cells,1.0,1.0,,,,escalate,ctd_style,0.5019246061102576,True,Dendritic cells,1.0,1.0,False,False
test,57266783f1498d1400e8de8a,What did the merchants of Newcastle plot to do to Timothy Dexter?,To ruin him,To ruin him,['To ruin him'],['To ruin him'],To ruin him,"['ruin him', 'ruin him', 'to ruin him']",True,1.0,1.0,"['From 1530 a royal act restricted all shipments of coal from Tyneside to Newcastle Quayside, giving a monopoly in the coal trade to a cartel of Newcastle burgesses known as the Hostmen. This monopoly, which lasted for a considerable time, helped Newcastle prosper and develop into a major town. The phrase taking coals to Newcastle was first recorded contextually in 1538. The phrase itself means a pointless pursuit. In the 18th century American Timothy Dexter, an entrepreneur, widely regarded as an eccentric, defied this idiom. He was persuaded to sail a shipment of coal to Newcastle by merchants plotting to ruin him; however his shipment arrived on the Tyne during a strike that had crippled local production; unexpectedly he made a considerable profit.', 'In the Sandgate area, to the east of the city and beside the river, resided the close-knit community of keelmen and their families. They were so called because they worked on the keels, boats that were used to transfer coal from the river banks to the waiting colliers, for export to London and elsewhere. In the 1630s about 7,000 out of 20,000 inhabitants of Newcastle died of plague, more than one-third of the population. Specifically within the year 1636, it is roughly estimated with evidence held by the Society of Antiquaries that 47% of the then population of Newcastle died from the epidemic; this may also have been the most devastating loss in any British City in this period.', 'Prior to King Henry\'s departure for the Battle of Agincourt in 1415, the ringleaders of the ""Southampton Plot""—Richard, Earl of Cambridge, Henry Scrope, 3rd Baron Scrope of Masham, and Sir Thomas Grey of Heton—were accused of high treason and tried at what is now the Red Lion public house in the High Street. They were found guilty and summarily executed outside the Bargate.']","[0.4598371088504791, 0.42812085151672363, 0.31899964809417725]",0.4598371088504791,0.7299185544252396,0.5413702577352524,,0.4598371088504791,0.08274051547050476,,0.6262169912457467,1.0,1.0,To ruin him,1.0,1.0,,,,,,,,accept,ctd_style,0.4990388539271466,False,To ruin him,1.0,1.0,False,False
test,56e0c0c7231d4119001ac379,What job did Tesla's father have in Gospic?,Pastor,Pastor,['Pastor'],['Pastor'],Pastor,"['pastor', 'a pastor', 'pastor']",True,1.0,1.0,"['Tesla was the fourth of five children. He had an older brother named Dane and three sisters, Milka, Angelina and Marica. Dane was killed in a horse-riding accident when Nikola was five. In 1861, Tesla attended the ""Lower"" or ""Primary"" School in Smiljan where he studied German, arithmetic, and religion. In 1862, the Tesla family moved to Gospić, Austrian Empire, where Tesla\'s father worked as a pastor. Nikola completed ""Lower"" or ""Primary"" School, followed by the ""Lower Real Gymnasium"" or ""Normal School.""', 'In 1926, Tesla commented on the ills of the social subservience of women and the struggle of women toward gender equality, and indicated that humanity\'s future would be run by ""Queen Bees."" He believed that women would become the dominant sex in the future.', 'In 1827, Hungarian physicist Ányos Jedlik started experimenting with electromagnetic coils. After Jedlik solved the technical problems of the continuous rotation with the invention of the commutator, he called his early devices ""electromagnetic self-rotors"". Although they were used only for instructional purposes, in 1828 Jedlik demonstrated the first device to contain the three main components of practical DC motors: the stator, rotor and commutator. The device employed no permanent magnets, as the magnetic fields of both the stationary and revolving components were produced solely by the currents flowing through their windings.']","[0.5221930742263794, 0.4209046959877014, 0.34700554609298706]",0.5221930742263794,0.7610965371131897,0.4993845014832914,,0.5221930742263794,-0.0012309970334172249,,0.6171549175167457,1.0,1.0,Pastor,1.0,1.0,,,,,,,,accept,ctd_style,0.498670768075123,False,Pastor,1.0,1.0,False,False
test,56d70d240d65d21400198327,Which hotel did the Panthers stay at for the Super Bowl?,San Jose Marriott,San Jose Marriott,['San Jose Marriott'],['San Jose Marriott'],San Jose Marriott,"['San Jose Marriott.', 'the San Jose Marriott', 'San Jose Marriott']",True,1.0,1.0,"['The Panthers used the San Jose State practice facility and stayed at the San Jose Marriott. The Broncos practiced at Stanford University and stayed at the Santa Clara Marriott.', 'For the third straight season, the number one seeds from both conferences met in the Super Bowl. The Carolina Panthers became one of only ten teams to have completed a regular season with only one loss, and one of only six teams to have acquired a 15–1 record, while the Denver Broncos became one of four teams to have made eight appearances in the Super Bowl. The Broncos made their second Super Bowl appearance in three years, having reached Super Bowl XLVIII, while the Panthers made their second Super Bowl appearance in franchise history, their other appearance being Super Bowl XXXVIII. Coincidentally, both teams were coached by John Fox in their last Super Bowl appearance prior to Super Bowl 50.', ""After a punt from both teams, Carolina got on track with a 9-play, 73-yard scoring drive. Newton completed 4 of 4 passes for 51 yards and rushed twice for 25 yards, while Jonathan Stewart finished the drive with a 1-yard touchdown run, cutting the score to 10–7 with 11:28 left in the second quarter. Later on, Broncos receiver Jordan Norwood received Brad Nortman's short 28-yard punt surrounded by Panthers players, but none of them attempted to make a tackle, apparently thinking Norwood had called a fair catch. Norwood had not done so, and with no resistance around him, he took off for a Super Bowl record 61-yard return before Mario Addison dragged him down on the Panthers 14-yard line. Despite Denver's excellent field position, they could not get the ball into the end zone, so McManus kicked a 33-yard field goal that increased their lead to 13–7.""]","[0.6760952472686768, 0.49224573373794556, 0.35570698976516724]",0.6760952472686768,0.8380476236343384,0.5833257585763931,,0.6760952472686768,0.16665151715278625,,0.6979505978524685,1.0,1.0,San Jose Marriott,1.0,1.0,,,,,,,,accept,ctd_style,0.49971507878170823,False,San Jose Marriott,1.0,1.0,False,False
test,5733d3cb4776f419006612ed,What are other alternative names for French and Indian War?,Fourth Intercolonial War,Fourth Intercolonial War,['Fourth Intercolonial War'],['Fourth Intercolonial War'],Fourth Intercolonial War,"['Fourth Intercolonial War and the Great War for the Empire', 'Fourth Intercolonial War and the Great War for the Empire', 'Fourth Intercolonial War and the Great War for the Empire', 'Fourth Intercolonial War and the Great War for the Empire', 'the Fourth Intercolonial War and the Great War for the Empire']",True,1.0,1.0,"[""The conflict is known by multiple names. In British America, wars were often named after the sitting British monarch, such as King William's War or Queen Anne's War. As there had already been a King George's War in the 1740s, British colonists named the second war in King George's reign after their opponents, and it became known as the French and Indian War. This traditional name continues as the standard in the United States, but it obscures the fact that Indians fought on both sides of the conflict, and that this was part of the Seven Years' War, a much larger conflict between France and Great Britain. American historians generally use the traditional name or sometimes the Seven Years' War. Other, less frequently used names for the war include the Fourth Intercolonial War and the Great War for the Empire."", ""The British and French struggles in India became but one theatre of the global Seven Years' War (1756–1763) involving France, Britain and the other major European powers. The signing of the Treaty of Paris (1763) had important consequences for the future of the British Empire. In North America, France's future as a colonial power there was effectively ended with the recognition of British claims to Rupert's Land, and the ceding of New France to Britain (leaving a sizeable French-speaking population under British control) and Louisiana to Spain. Spain ceded Florida to Britain. Along with its victory over France in India, the Seven Years' War therefore left Britain as the world's most powerful maritime power."", ""The army's major campaign against the Indians was fought in Florida against Seminoles. It took long wars (1818–58) to finally defeat the Seminoles and move them to Oklahoma. The usual strategy in Indian wars was to seize control of the Indians winter food supply, but that was no use in Florida where there was no winter. The second strategy was to form alliances with other Indian tribes, but that too was useless because the Seminoles had destroyed all the other Indians when they entered Florida in the late eighteenth century.""]","[0.6240297555923462, 0.4576984643936157, 0.41703516244888306]",0.6240297555923462,0.8120148777961731,0.7001793384552002,,0.6240297555923462,0.4003586769104004,,0.750505331158638,0.0,0.5454545454545454,Fourth Intercolonial War,0.0,0.5454545454545454,Fourth Intercolonial War,Fourth Intercolonial War,0.0,0.5454545454545454,,,,escalate,ctd_style,0.5008740218938234,True,Fourth Intercolonial War,0.0,0.5454545454545454,False,False
test,5705f7c875f01819005e77df,"Outside of its use of automobiles, what else is southern California famous for using?",suburban communities,suburban communities,['suburban communities'],['suburban communities'],suburban communities,"['highways', 'highways']",True,1.0,1.0,"['Southern California consists of a heavily developed urban environment, home to some of the largest urban areas in the state, along with vast areas that have been left undeveloped. It is the third most populated megalopolis in the United States, after the Great Lakes Megalopolis and the Northeastern megalopolis. Much of southern California is famous for its large, spread-out, suburban communities and use of automobiles and highways. The dominant areas are Los Angeles, Orange County, San Diego, and Riverside-San Bernardino, each of which is the center of its respective metropolitan area, composed of numerous smaller cities and communities. The urban area is also host to an international metropolitan region in the form of San Diego–Tijuana, created by the urban area spilling over into Baja California.', ""As of the 2010 United States Census, southern California has a population of 22,680,010. Despite a reputation for high growth rates, southern California's rate grew less than the state average of 10.0% in the 2000s as California's growth became concentrated in the northern part of the state due to a stronger, tech-oriented economy in the Bay Area and an emerging Greater Sacramento region."", 'Southern California consists of one Combined Statistical Area, eight Metropolitan Statistical Areas, one international metropolitan area, and multiple metropolitan divisions. The region is home to two extended metropolitan areas that exceed five million in population. These are the Greater Los Angeles Area at 17,786,419, and San Diego–Tijuana at 5,105,768. Of these metropolitan areas, the Los Angeles-Long Beach-Santa Ana metropolitan area, Riverside-San Bernardino-Ontario metropolitan area, and Oxnard-Thousand Oaks-Ventura metropolitan area form Greater Los Angeles; while the El Centro metropolitan area and San Diego-Carlsbad-San Marcos metropolitan area form the Southern Border Region. North of Greater Los Angeles are the Santa Barbara, San Luis Obispo, and Bakersfield metropolitan areas.']","[0.5847017168998718, 0.4635709822177887, 0.45856985449790955]",0.5847017168998718,0.7923508584499359,0.66084223985672,,0.5847017168998718,0.32168447971343994,,0.7200211182236671,0.0,0.0,suburban communities,0.0,0.0,highways,highways,1.0,1.0,,,,escalate,ctd_style,0.5004209363929804,True,highways,1.0,1.0,True,False
test,572680865951b619008f74e9,What was the last name of the designers of Newcastle's library?,Lit & Phil,Lit & Phil,['Lit & Phil'],['Lit & Phil'],Lit & Phil,"['Green', 'Green', 'John and Benjamin Green']",True,3.0,0.3333333333333333,"['Not only the work of British artists and craftspeople is on display, but also work produced by European artists that was purchased or commissioned by British patrons, as well as imports from Asia, including porcelain, cloth and wallpaper. Designers and artists whose work is on display in the galleries include Gian Lorenzo Bernini, Grinling Gibbons, Daniel Marot, Louis Laguerre, Antonio Verrio, Sir James Thornhill, William Kent, Robert Adam, Josiah Wedgwood, Matthew Boulton, Canova, Thomas Chippendale, Pugin, William Morris. Patrons who have influenced taste are also represented by works of art from their collections, these include: Horace Walpole (a major influence on the Gothic Revival), William Thomas Beckford and Thomas Hope.', 'RIBA is based at 66 Portland Place, London—a 1930s Grade II* listed building designed by architect George Grey Wornum with sculptures by Edward Bainbridge Copnall and James Woodford. Parts of the London building are open to the public, including the Library. It has a large architectural bookshop, a café, restaurant and lecture theatres. Rooms are hired out for events.', ""The Literary and Philosophical Society of Newcastle upon Tyne (popularly known as the 'Lit & Phil') is the largest independent library outside London, housing more than 150,000 books. Its music library contains 8000 CDs and 10,000 LPs. The current Lit and Phil premises were built in 1825 and the building was designed by John and Benjamin Green. Operating since 1793 and founded as a ‘conversation club,’ its lecture theatre was the first public building to be lit by electric light, during a lecture by Joseph Swan on 20 October 1880.""]","[0.47284430265426636, 0.4473682641983032, 0.44501468539237976]",0.47284430265426636,0.7364221513271332,0.6252083778381348,,0.47284430265426636,0.25041675567626953,,0.675254575908184,0.0,0.0,Lit & Phil,0.0,0.0,Green,Green,1.0,1.0,,,,escalate,ctd_style,0.4999261081782373,True,Green,1.0,1.0,True,False
test,5725d79e89a1e219009abf90,How many people were on the test flight of the AS-206?,1,1,['1'],['1'],1,"['unmanned', 'unmanned', 'unmanned', 'unmanned']",True,2.0,0.5,"['The diversion of heavier bombers to the Balkans meant that the crews and units left behind were asked to fly two or three sorties per night. Bombers were noisy, cold, and vibrated badly. Added to the tension of the mission which exhausted and drained crews, tiredness caught up with and killed many. In one incident on 28/29 April, Peter Stahl of KG 30 was flying on his 50th mission. He fell asleep at the controls of his Ju 88 and woke up to discover the entire crew asleep. He roused them, ensured they took oxygen and Dextro-Energen tablets, then completed the mission.', 'After an unmanned LM test flight AS-206, a crew would fly the first Block II CSM and LM in a dual mission known as AS-207/208, or AS-278 (each spacecraft would be launched on a separate Saturn IB.) The Block II crew positions were titled Commander (CDR) Command Module Pilot (CMP) and Lunar Module Pilot (LMP). The astronauts would begin wearing a new Apollo spacesuit, designed to accommodate lunar extravehicular activity (EVA). The traditional visor helmet was replaced with a clear ""fishbowl"" type for greater visibility, and the lunar surface EVA suit would include a water-cooled undergarment.', ""The last major attack on London was on 10/11 May 1941, on which the Luftwaffe flew 571 sorties and dropped 800 tonnes of bombs. This caused more than 2,000 fires. 1,436 people were killed and 1,792 seriously injured, which affected morale badly. Another raid was carried out on 11/12 May 1941. Westminster Abbey and the Law Courts were damaged, while the Chamber of the House of Commons was destroyed. One-third of London's streets were impassable. All but one railway station line was blocked for several weeks. This raid was significant, as 63 German fighters were sent with the bombers, indicating the growing effectiveness of RAF night fighter defences.""]","[0.3949952721595764, 0.3431621193885803, 0.28399986028671265]",0.3949952721595764,0.6974976360797882,0.5039149918593466,,0.3949952721595764,0.007829983718693256,,0.5910271817585453,0.0,0.0,1,0.0,0.0,,,,,,,,accept,ctd_style,0.49857711614143074,False,1,0.0,0.0,False,False
test,570603c475f01819005e7884,What is the state average growth rate?,10.0%,0%,['10.0%'],['0%'],0%,"['10.0%', '10.0%', '10.0%']",True,2.0,0.5,"[""The United States Census Bureau estimates that the population of Montana was 1,032,949 on July 1, 2015, a 4.40% increase since the 2010 United States Census. The 2010 census put Montana's population at 989,415 which is an increase of 43,534 people, or 4.40 percent, since 2010. During the first decade of the new century, growth was mainly concentrated in Montana's seven largest counties, with the highest percentage growth in Gallatin County, which saw a 32 percent increase in its population from 2000-2010. The city seeing the largest percentage growth was Kalispell with 40.1 percent, and the city with the largest increase in actual residents was Billings with an increase in population of 14,323 from 2000-2010."", ""As of the 2010 United States Census, southern California has a population of 22,680,010. Despite a reputation for high growth rates, southern California's rate grew less than the state average of 10.0% in the 2000s as California's growth became concentrated in the northern part of the state due to a stronger, tech-oriented economy in the Bay Area and an emerging Greater Sacramento region."", 'Population growth is higher than the national average, with a 6.4% increase, in the Somerset County Council area, since 1991, and a 17% increase since 1981. The population density is 1.4 persons per hectare, which can be compared to 2.07 persons per hectare for the South West region. Within the county, population density ranges 0.5 in West Somerset to 2.2 persons per hectare in Taunton Deane. The percentage of the population who are economically active is higher than the regional and national average, and the unemployment rate is lower than the regional and national average.']","[0.4912213683128357, 0.4185265898704529, 0.4015465974807739]",0.4912213683128357,0.7456106841564178,0.5299528371542692,,0.4912213683128357,0.05990567430853844,,0.6269988683052361,0.0,0.0,0%,0.0,0.0,,,,,,,,accept,ctd_style,0.49895473071062474,False,0%,0.0,0.0,False,False
test,57264fe65951b619008f6fa4,When was the study on sequenced Y genomes published?,October 2011,October 2011,['October 2011'],['October 2011'],October 2011,"['October 2011', 'October 2011', 'October 2011']",True,1.0,1.0,"['The results of the Haensch study have since been confirmed and amended. Based on genetic evidence derived from Black Death victims in the East Smithfield burial site in England, Schuenemann et al. concluded in 2011 ""that the Black Death in medieval Europe was caused by a variant of Y. pestis that may no longer exist."" A study published in Nature in October 2011 sequenced the genome of Y. pestis from plague victims and indicated that the strain that caused the Black Death is ancestral to most modern strains of the disease.', ""Genetic engineering is now a routine research tool with model organisms. For example, genes are easily added to bacteria and lineages of knockout mice with a specific gene's function disrupted are used to investigate that gene's function. Many organisms have been genetically modified for applications in agriculture, industrial biotechnology, and medicine."", ""Chapter X examines whether patterns in the fossil record are better explained by common descent and branching evolution through natural selection, than by the individual creation of fixed species. Darwin expected species to change slowly, but not at the same rate – some organisms such as Lingula were unchanged since the earliest fossils. The pace of natural selection would depend on variability and change in the environment. This distanced his theory from Lamarckian laws of inevitable progress. It has been argued that this anticipated the punctuated equilibrium hypothesis, but other scholars have preferred to emphasise Darwin's commitment to gradualism. He cited Richard Owen's findings that the earliest members of a class were a few simple and generalised species with characteristics intermediate between modern forms, and were followed by increasingly diverse and specialised forms, matching the branching of common descent from an ancestor. Patterns of extinction matched his theory, with related groups of species having a continued existence until extinction, then not reappearing. Recently extinct species were more similar to living species than those from earlier eras, and as he had seen in South America, and William Clift had shown in Australia, fossils from recent geological periods resembled species still living in the same area.""]","[0.48038020730018616, 0.2631600797176361, 0.24854983389377594]",0.48038020730018616,0.7401901036500931,0.5029253531247377,,0.48038020730018616,0.005850706249475479,,0.6096944908611477,1.0,1.0,October 2011,1.0,1.0,,,,,,,,accept,ctd_style,0.49866134169227494,False,October 2011,1.0,1.0,False,False
